SNP	CHR	BP	P
rs11583027	1	115808551	4.962e-12
rs12759401	1	115809848	8.808e-11
rs11102914	1	115812379	7.674e-11
rs7542486	1	115812704	8.406e-11
rs2057127	1	115813765	2.11e-12
rs2207237	1	115813937	2.461e-11
rs2057126	1	115814483	2.046e-11
rs5021139	1	115814512	2.046e-11
rs2057125	1	115814549	2.046e-11
rs6678168	1	115814912	2.244e-11
rs2335399	1	115816465	1.7e-11
rs12030576	1	115817221	3.338e-13
rs2982742	1	115818779	7.664e-11
rs11102915	1	115820598	1.865e-11
rs2068797	1	115821085	9.241e-11
rs6656381	1	115822465	3.338e-13
rs7523086	1	115823387	2.046e-11
rs7544256	1	115824398	1.865e-11
rs7532754	1	115824515	1.865e-11
rs6678944	1	115824658	1.865e-11
rs6657049	1	115825531	2.698e-11
rs12075799	1	115826112	1.066e-11
rs6330	1	115829313	8.383e-09
rs6328	1	115829943	6.139e-13
rs6327	1	115829986	7.092e-09
rs2747063	1	115830631	7.092e-09
rs12566934	1	146501334	1.562e-05
rs115729201	1	168964222	2.214e-05
rs114101204	1	169026054	3.987e-07
rs114964168	1	169032877	5.96e-07
rs4656647	1	169061942	2.542e-05
rs6672876	1	169066963	3.112e-05
rs79284357	1	169067288	2.419e-05
rs12061601	1	169070450	2.25e-05
rs77977611	1	169081792	1.152e-09
rs145163454	1	169090748	4.38e-10
rs75112989	1	169099137	1.312e-05
rs77979353	1	169115022	1.767e-06
rs16861990	1	169135127	8.238e-06
rs144737447	1	169160458	1.554e-10
rs2227246	1	169208179	9.321e-10
rs2040445	1	169216412	1.396e-10
rs10800427	1	169272451	7.168e-07
rs10800428	1	169272453	6.78e-07
rs1208327	1	169296864	2.93e-06
rs1200063	1	169314430	1.343e-06
rs1209731	1	169324793	3.105e-10
rs1208135	1	169424098	1.097e-06
rs1208134	1	169428944	8.981e-07
rs2678166	1	169435027	2.17e-09
rs1894692	1	169467654	2.142e-10
rs6025	1	169519049	2.077e-09
rs10914053	1	171915181	1.442e-06
rs2038479	1	171939290	1.544e-07
rs2038480	1	171939641	1.367e-07
rs6425521	1	171942783	1.853e-07
rs10914127	1	171943948	1.744e-07
rs6662263	1	171944242	1.744e-07
rs6425522	1	171946082	1.744e-07
rs10914144	1	171949750	1.744e-07
rs10158753	1	172087026	3.059e-05
rs6693520	1	172089326	4.228e-09
rs733190	1	172095226	2.168e-13
rs733189	1	172095365	2.168e-13
rs733191	1	172095441	2.168e-13
rs2761183	1	172095644	1.47e-10
rs61807784	1	172096100	8.407e-06
rs11589349	1	172096798	4.976e-06
rs60077625	1	172098794	3.867e-06
rs2421985	1	172099136	6.734e-14
rs2421986	1	172100596	1.675e-05
rs2421987	1	172100831	2.27e-05
rs11584244	1	172102961	3.867e-06
rs11584664	1	172103031	4.119e-06
rs17277008	1	172105162	2.171e-06
rs17277015	1	172105257	2.034e-06
rs12047492	1	172110765	2.244e-05
rs10911101	1	172112119	2.381e-05
rs2819530	1	172112954	3.814e-11
rs12120556	1	172115154	3.14e-05
rs12141278	1	172116798	3.165e-05
rs10911110	1	172117350	2.27e-05
rs10911111	1	172117680	2.381e-05
rs17361789	1	172122601	8.764e-08
rs495590	1	172122809	3.472e-11
rs61807786	1	172124828	1.344e-07
rs631154	1	172129092	2.664e-06
rs61807787	1	172131285	1.011e-07
rs12561946	1	172132526	8.165e-12
rs615091	1	172133448	9.241e-11
rs628479	1	172134090	4.342e-07
rs537444	1	172134469	8.417e-11
rs655853	1	172135653	1.07e-09
rs17361886	1	172137019	8.654e-07
rs672740	1	172137119	1.169e-09
rs17277127	1	172137134	8.654e-07
rs11584955	1	172138105	9.264e-07
rs579989	1	172138326	1.014e-10
rs593688	1	172138932	6.143e-07
rs2209096	1	172139004	8.654e-07
rs17361920	1	172140519	7.049e-07
rs554019	1	172140548	1.014e-10
rs555798	1	172140760	1.113e-10
rs640159	1	172141026	1.014e-10
rs12129264	1	172141312	8.654e-07
rs12125882	1	172141403	1.612e-10
rs473629	1	172141541	1.014e-10
rs17361955	1	172141999	8.654e-07
rs2224782	1	172144131	9.914e-07
rs590567	1	172144794	1.34e-10
rs12129806	1	172146648	8.654e-07
rs61807788	1	172147974	9.264e-07
rs651032	1	172149108	1.113e-10
rs2819529	1	172149226	1.113e-10
rs10489297	1	172149515	9.914e-07
rs532688	1	172149948	1.276e-09
rs562932	1	172150960	7.446e-06
rs479960	1	172151672	1.014e-10
rs480988	1	172151817	1.014e-10
rs484686	1	172152202	2.876e-11
rs633592	1	172153163	1.393e-09
rs12123837	1	172153897	1.566e-06
rs676081	1	172155751	1.34e-10
rs583578	1	172156886	1.47e-10
rs12126381	1	172157342	8.084e-07
rs586745	1	172157585	1.34e-10
rs56138708	1	172157871	7.55e-07
rs629316	1	172158809	1.47e-10
rs630656	1	172159095	1.658e-09
rs631915	1	172159393	9.241e-11
rs569179	1	172161070	1.47e-10
rs141468266	1	172163243	3.059e-10
rs112744418	1	172163708	9.264e-07
rs546751	1	172163771	3.349e-10
rs552399	1	172164390	2.124e-10
rs11484597	1	172164696	9.914e-07
rs1746428	1	172165797	1.938e-10
rs4394690	1	172166210	1.566e-06
rs10911257	1	172166548	1.596e-05
rs59760198	1	172167002	1.697e-05
rs2209098	1	172167226	1.061e-06
rs687041	1	172169028	2.557e-09
rs688451	1	172169364	2.124e-10
rs10911270	1	172170806	8.654e-07
rs572802	1	172170918	1.938e-10
rs12135520	1	172171456	9.264e-07
rs11589142	1	172172467	9.264e-07
rs2421990	1	172173629	8.654e-07
rs2421991	1	172173718	9.264e-07
rs7535241	1	172174596	1.061e-06
rs508742	1	172175115	3.037e-09
rs55935473	1	172175590	9.914e-07
rs681398	1	172175811	2.787e-09
rs683128	1	172176125	2.55e-10
rs589209	1	172176973	3.309e-09
rs589245	1	172176993	1.938e-10
rs10911299	1	172183719	6.521e-09
rs511206	1	172184793	1.056e-05
rs6689455	1	172185029	8.383e-09
rs633995	1	172186729	4.274e-09
rs10489293	1	172186787	6.546e-07
rs912299	1	172187250	6.415e-09
rs17277372	1	172187474	1.18e-06
rs651577	1	172188348	2.791e-08
rs520918	1	172188724	8.752e-07
rs55656112	1	172189764	1.191e-06
rs678962	1	172189889	2.034e-06
rs10911323	1	172191332	1.191e-06
rs477289	1	172191394	1.807e-05
rs10911326	1	172192145	1.121e-06
rs41516352	1	172193303	1.265e-06
rs12411264	1	172193668	1.343e-06
rs12410416	1	172193820	1.265e-06
rs12410143	1	172193905	1.343e-06
rs10797881	1	172195347	1.056e-06
rs10752914	1	172197038	1.265e-06
rs10911335	1	172197297	1.121e-06
rs10911336	1	172197315	9.938e-07
rs10911338	1	172197896	1.265e-06
rs12073843	1	172198008	1.265e-06
rs12063247	1	172198220	1.343e-06
rs6686115	1	172198981	1.918e-06
rs6686118	1	172198991	1.918e-06
rs6701414	1	172199248	1.513e-06
rs479336	1	172199573	1.807e-05
rs72721163	1	172200155	1.191e-06
rs9726627	1	172200881	1.191e-06
rs10911341	1	172201630	1.513e-06
rs12402966	1	172203894	9.354e-07
rs12402426	1	172204984	1.704e-06
rs12402454	1	172205262	1.808e-06
rs4916245	1	172206026	9.643e-08
rs1317394	1	172208204	9.354e-07
rs2289635	1	172208620	9.354e-07
rs4072117	1	172208871	7.331e-07
rs10911356	1	172209747	7.331e-07
rs6676836	1	172212370	6.485e-07
rs74225369	1	172214051	6.895e-07
rs16844126	1	172214187	6.485e-07
rs12403844	1	172214642	1.121e-06
rs16844128	1	172214860	4.474e-07
rs12740971	1	172214939	4.635e-08
rs16844133	1	172216010	6.895e-07
rs16844134	1	172216090	7.331e-07
rs6678749	1	172217783	6.485e-07
rs10489292	1	172218105	6.485e-07
rs10911394	1	172219105	6.485e-07
rs12075079	1	172219995	5.733e-07
rs4382763	1	172221968	6.485e-07
rs10489291	1	172223370	6.895e-07
rs10489290	1	172223403	6.895e-07
rs11583757	1	172223738	6.485e-07
rs1992551	1	172223992	5.43e-08
rs10489289	1	172224089	9.938e-07
rs1992550	1	172224103	5.43e-08
rs1992549	1	172224479	5.43e-08
rs10797902	1	172227523	6.098e-07
rs11590165	1	172228657	5.017e-08
rs12567175	1	172229789	6.895e-07
rs12041600	1	172230229	5.017e-08
rs12038494	1	172230239	5.43e-08
rs10911433	1	172230487	7.331e-07
rs12737669	1	172232177	6.357e-08
rs2422074	1	172232833	7.331e-07
rs2422075	1	172233468	6.485e-07
rs12082431	1	172234627	7.331e-07
rs56682471	1	172236267	7.793e-07
rs6424841	1	172242181	7.437e-08
rs12409279	1	172243463	7.331e-07
rs7550558	1	172248219	8.101e-06
rs2586389	1	172251521	7.641e-06
rs3850639	1	172253634	9.938e-07
rs3895277	1	172253718	9.938e-07
rs3850640	1	172253765	9.938e-07
rs2586392	1	172254193	8.587e-06
rs2586393	1	172256116	2.537e-07
rs2586394	1	172256829	1.022e-05
rs72721182	1	172258325	1.121e-06
rs10911504	1	172260521	1.191e-06
rs2586401	1	172262440	1.748e-05
rs2586403	1	172262494	1.748e-05
rs2586404	1	172263074	2.329e-05
rs12563643	1	172263709	1.056e-06
rs2586407	1	172265012	3.148e-05
rs2586408	1	172265246	1.961e-05
rs2255690	1	172266152	2.353e-07
rs2586410	1	172267235	2.329e-05
rs2757493	1	172267419	2.329e-05
rs2586411	1	172267609	2.2e-05
rs2586412	1	172268067	2.922e-05
rs2757495	1	172268191	2.329e-05
rs2586413	1	172268223	2.465e-05
rs2586416	1	172270226	2.948e-07
rs16844255	1	172271050	1.918e-06
rs72721197	1	172271162	1.425e-06
rs4484957	1	172272709	1.808e-06
rs2586420	1	172273573	2.609e-05
rs60866522	1	172274094	2.034e-06
rs12402792	1	172277097	1.265e-06
rs2421994	1	172279909	1.056e-06
rs12404267	1	172281440	1.41e-06
rs2757504	1	172283524	1.905e-07
rs12404490	1	172287323	1.41e-06
rs6424865	1	172290932	2.537e-07
rs6694387	1	172292205	2.383e-07
rs6682381	1	172292789	2.341e-06
rs9425287	1	172296601	3.254e-05
rs9425288	1	172296870	3.059e-05
rs10158839	1	172297343	3.059e-05
rs72723204	1	172299468	1.835e-05
rs9425560	1	172300039	3.059e-05
rs10797969	1	172300345	2.876e-05
rs10911654	1	172338909	2.548e-05
rs6424894	1	172365330	3.319e-05
rs7544610	1	172365717	2.705e-05
rs10911684	1	172367677	3.195e-05
rs7531032	1	174998458	2.961e-05
rs34390425	1	175003074	2.669e-05
rs72715180	1	176451675	4.191e-06
rs7520422	1	176452709	5.79e-06
rs2206503	1	176454102	5.132e-06
rs10913186	1	176461307	4.704e-06
rs12139311	1	176464568	4.901e-06
rs6667264	1	176465969	1.587e-06
rs10913187	1	176467233	4.156e-06
rs61058451	1	176475676	8.315e-06
rs72715187	1	176478824	9.925e-06
rs10798460	1	176484117	1.1e-05
rs12064625	1	176486891	4.225e-06
rs2294648	1	176487815	1.016e-05
rs10127938	1	176488493	3.367e-06
rs10913192	1	176489889	1.191e-05
rs11577943	1	176497985	1.191e-05
rs72715196	1	176510002	2.077e-05
rs4480321	1	176513146	1.999e-05
rs72715199	1	176515766	2.077e-05
rs12749024	1	176522365	1.924e-05
rs10913203	1	176534736	1.845e-05
rs11806613	1	176535138	1.931e-05
rs56249151	1	176536813	1.763e-05
rs12139548	1	176540902	1.787e-05
rs6671048	1	176540954	2.211e-05
rs10798462	1	176546324	2.766e-05
rs12145383	1	176550916	2.645e-05
rs10913207	1	176553035	2.892e-05
rs12084451	1	176553468	2.766e-05
rs10913208	1	176554401	2.766e-05
rs12061205	1	176554721	2.766e-05
rs1506779	1	176559005	2.645e-05
rs6425391	1	176565595	1.07e-05
rs6425392	1	176565741	1.339e-05
rs12117659	1	176565887	1.132e-05
rs12144911	1	176566124	1.132e-05
rs6664916	1	176570761	9.793e-06
rs10798463	1	176571578	1.197e-05
rs10798464	1	176572091	1.197e-05
rs9782886	1	176582945	1.581e-05
rs10489479	1	176582976	1.671e-05
rs3795320	1	176591291	1.671e-05
rs10913219	1	176592495	2.377e-05
rs10798465	1	176596408	1.765e-05
rs10913220	1	176599035	1.339e-05
rs7529392	1	176603840	1.765e-05
rs10913225	1	176605225	1.671e-05
rs10798466	1	176606933	1.765e-05
rs6670258	1	176607426	1.266e-05
rs10913227	1	176611275	1.865e-05
rs10913228	1	176612266	1.765e-05
rs10913229	1	176612334	1.765e-05
rs12138651	1	176614710	1.765e-05
rs12138705	1	176614926	1.765e-05
rs10913230	1	176615425	1.496e-05
rs10913231	1	176615476	1.415e-05
rs10798467	1	176615709	1.496e-05
rs10737321	1	176615918	1.496e-05
rs12145655	1	176619270	1.97e-05
rs2202591	1	176619749	1.97e-05
rs28776015	1	176621524	1.97e-05
rs2063050	1	176622870	1.97e-05
rs10798468	1	176623962	1.581e-05
rs12143586	1	176624539	1.496e-05
rs12142816	1	176624560	1.496e-05
rs12060561	1	176627484	1.97e-05
rs10913235	1	176628459	1.97e-05
rs10798469	1	176633814	2.08e-05
rs10913238	1	176637111	2.08e-05
rs10753132	1	176637374	2.08e-05
rs10798471	1	176642771	1.865e-05
rs12080168	1	176643765	2.319e-05
rs10798472	1	176646089	2.448e-05
rs10913239	1	176646440	2.584e-05
rs10494500	1	176649078	3.036e-05
rs4492574	1	176659790	3.036e-05
rs12124804	1	176662458	2.727e-05
rs12138725	1	176664842	2.906e-05
rs10798475	1	176674082	2.906e-05
rs6670349	1	214517744	9.644e-06
rs10735513	1	214520268	2.348e-06
rs7413877	1	214524509	1.976e-06
rs1472439	1	214525603	1.242e-06
rs1472443	1	214526964	2.785e-06
rs3013455	1	214532811	2.631e-06
rs3002297	1	214536061	4.844e-06
rs3002299	1	214538286	3.492e-06
rs3002300	1	214538610	3.301e-06
rs3002301	1	214539351	3.119e-06
rs3002302	1	214539518	3.301e-06
rs3002303	1	214539851	3.694e-06
rs2936015	1	214540140	3.694e-06
rs2936016	1	214540491	3.492e-06
rs11587662	1	214541668	4.883e-06
rs3002312	1	214542311	3.492e-06
rs3002311	1	214542668	3.694e-06
rs1135352	1	214542819	3.301e-06
rs3002309	1	214544632	3.301e-06
rs3002308	1	214544711	3.301e-06
rs3002307	1	214545592	3.301e-06
rs3002306	1	214546484	3.492e-06
rs3002305	1	214546638	2.948e-06
rs3013453	1	214546859	2.948e-06
rs2936017	1	214548682	3.119e-06
rs2936014	1	214550568	6.614e-06
rs3013452	1	214550800	7.368e-06
rs3013451	1	214551276	7.776e-06
rs2291829	1	214553567	2.751e-05
rs3013442	1	214562113	2.138e-05
rs3002298	1	214562586	2.249e-05
rs7550799	1	214564340	1.656e-05
rs11120308	1	214568471	3.195e-05
rs11120309	1	214570970	2.488e-05
rs182242996	1	214758252	1.298e-05
rs10917041	1	22098940	2.239e-05
rs12024158	1	22114472	3.235e-05
rs12030290	1	22118671	2.457e-05
rs10917049	1	22135952	2.189e-05
rs12184330	1	22143665	1.002e-05
rs78951217	1	22241185	7.988e-06
rs12039740	1	22245850	6.66e-06
rs114945908	1	22248241	9.348e-06
rs115702407	1	22248738	1.159e-05
rs7512059	1	22251607	8.965e-06
rs112663661	1	22254088	9.37e-06
rs13374960	1	22254648	9.533e-06
rs142831215	1	22255484	1.021e-05
rs139561469	1	22255522	1.039e-05
rs12033039	1	22257202	1.772e-06
rs12034979	1	22259146	2.013e-06
rs12081298	1	22262225	2.706e-07
rs78570036	1	22262504	1.372e-06
rs79899643	1	22265351	1.432e-06
rs80092743	1	22267048	1.432e-06
rs76718639	1	22268692	1.432e-06
rs151077008	1	22269485	8.083e-06
rs79230226	1	22270766	2.013e-06
rs111887321	1	22271579	1.56e-06
rs16826074	1	22273833	1.206e-06
rs12025633	1	22276058	1.155e-06
rs10493010	1	22277184	1.259e-06
rs79689468	1	22277532	1.314e-06
rs10917069	1	22278426	1.12e-05
rs10917070	1	22278790	1.073e-05
rs7354857	1	22279191	1.17e-05
rs7355161	1	22279280	1.12e-05
rs6673001	1	22279626	4.406e-06
rs6426729	1	22280382	1.618e-05
rs7533718	1	22281393	1.448e-05
rs10917071	1	22281479	1.073e-05
rs10917072	1	22281664	1.12e-05
rs10917073	1	22281690	1.12e-05
rs12140171	1	22281718	1.073e-05
rs10917074	1	22281759	1.17e-05
rs78538821	1	22281927	1.314e-06
rs4406609	1	22282117	1.448e-05
rs75571160	1	22282249	1.014e-06
rs79932633	1	22282824	8.933e-07
rs6675669	1	22283583	1.715e-05
rs4655001	1	22283991	2.778e-05
rs4501814	1	22285357	6.264e-07
rs112529471	1	22285712	5.246e-07
rs7539092	1	22286061	3.173e-05
rs112962027	1	22287201	6.39e-06
rs12410694	1	22287941	6.605e-06
rs12410759	1	22288468	1.035e-05
rs75508464	1	22288656	2.478e-05
rs8179387	1	22290156	8.757e-06
rs72662482	1	22290379	7.826e-06
rs72662484	1	22290429	8.757e-06
rs35806133	1	22290623	8.757e-06
rs12730501	1	22290929	8.757e-06
rs35963112	1	22291226	7.826e-06
rs11590712	1	22291939	8.492e-06
rs11591127	1	22292018	8.757e-06
rs10917078	1	22292517	8.757e-06
rs10799720	1	22292657	8.757e-06
rs7533101	1	22293275	8.757e-06
rs7554864	1	22293301	8.757e-06
rs7547232	1	22293527	8.757e-06
rs11576231	1	22293723	8.492e-06
rs12745683	1	22293897	8.279e-06
rs11583492	1	22296196	9.261e-06
rs10917079	1	22296307	9.261e-06
rs4655002	1	22296937	3.436e-06
rs10917084	1	22298008	8.279e-06
rs36117763	1	22301165	7.826e-06
rs35522699	1	22301180	1.266e-05
rs36029501	1	22301199	7.397e-06
rs12031846	1	22302783	6.991e-06
rs34637160	1	22308983	2.617e-06
rs12730562	1	22309808	8.279e-06
rs12405048	1	22321550	1.035e-05
rs12032777	1	22324930	1.266e-05
rs34193248	1	22325358	1.095e-05
rs28675219	1	22326587	8.918e-06
rs12751986	1	22328279	1.223e-05
rs57573643	1	22329878	1.292e-05
rs12760192	1	22333078	1.318e-05
rs12746090	1	22334343	4e-07
rs12746780	1	22334716	1.469e-05
rs12750883	1	22334851	5.401e-07
rs10917108	1	22335584	8.279e-06
rs4344303	1	22336120	4.512e-07
rs9187	1	22336305	2.027e-05
rs12908	1	22336308	2.254e-05
rs10917119	1	22348409	1.677e-41
rs3117047	1	22348587	1.208e-08
rs79050195	1	22349386	5.118e-41
rs10799730	1	22349615	8.745e-09
rs2473307	1	22350834	8.745e-09
rs2255282	1	22352040	1.973e-09
rs3768579	1	22353136	8.212e-42
rs2473303	1	22353491	2.053e-07
rs41307810	1	22354045	3.036e-19
rs80173514	1	22354538	1.77e-42
rs10917123	1	22355978	2.672e-25
rs3820687	1	22357229	2.358e-25
rs2473290	1	22358457	1.591e-26
rs2473289	1	22358573	2.617e-11
rs61778045	1	22358595	6.562e-42
rs61778046	1	22358789	1.171e-41
rs12027753	1	22358836	2.37e-42
rs7541107	1	22359082	1.627e-11
rs2009020	1	22359392	1.478e-11
rs2473287	1	22359698	1.627e-11
rs72665313	1	22359839	5.282e-43
rs12021606	1	22360260	1.444e-11
rs12021637	1	22360383	1.22e-11
rs2501286	1	22360581	9.139e-12
rs2473285	1	22360582	9.139e-12
rs2473284	1	22360689	1.22e-11
rs4655016	1	22360970	1.478e-11
rs4654781	1	22361062	1.343e-11
rs2473281	1	22361129	1.478e-11
rs111992780	1	22361229	1.195e-42
rs2473280	1	22361356	1.343e-11
rs2473279	1	22361472	1.343e-11
rs2473278	1	22361504	1.343e-11
rs2473277	1	22361845	1.276e-09
rs2473276	1	22362194	1.343e-11
rs2501284	1	22362197	1.343e-11
rs3117046	1	22362426	1.343e-11
rs2473275	1	22362717	1.478e-11
rs2038109	1	22362805	2.165e-11
rs2038106	1	22362940	1.627e-11
rs2038105	1	22363039	1.478e-11
rs3117045	1	22363507	1.343e-11
rs3123459	1	22363646	1.22e-11
rs3117044	1	22363918	1.478e-11
rs2501281	1	22364958	1.536e-15
rs12405695	1	22365689	1.861e-42
rs10917128	1	22366102	7.661e-43
rs72665317	1	22367073	1.03e-42
rs2501279	1	22368342	1.478e-11
rs2473332	1	22369117	5.623e-12
rs2473330	1	22370421	1.108e-11
rs10917130	1	22371065	5.216e-42
rs725158	1	22378280	7.989e-43
rs3754496	1	22378880	9.28e-43
rs12035094	1	22384713	3.054e-14
rs17837951	1	22388872	5.918e-43
rs56319427	1	22396998	7.152e-44
rs2501256	1	22397199	1.511e-17
rs16826452	1	22403107	2.764e-05
rs12038474	1	22403357	8.324e-44
rs2268179	1	22414785	1.774e-43
rs2268177	1	22415410	2.063e-43
rs10917151	1	22422721	5.08e-44
rs76739921	1	22424075	2.548e-06
rs80288086	1	22424076	3.26e-06
rs1534949	1	22426187	8.504e-13
rs66766977	1	22431092	9.112e-09
rs2092322	1	22435723	1.169e-08
rs7412010	1	22436446	1.226e-43
rs4654783	1	22439520	1.306e-18
rs1474647	1	22441865	9.894e-10
rs76439356	1	22441982	7.622e-07
rs1046310	1	22443887	1.076e-08
rs78716180	1	22444040	4.525e-09
rs10737462	1	22444975	1.084e-26
rs3765351	1	22445991	1.624e-08
rs3765350	1	22447316	1.586e-26
rs59709264	1	22449325	1.624e-08
rs2235529	1	22450487	1.2e-43
rs185711195	1	22451620	3.635e-09
rs56172502	1	22452263	4.556e-07
rs4655024	1	22452714	8.383e-09
rs7544210	1	22455142	2.34e-09
rs56673898	1	22455728	1.525e-09
rs12404660	1	22458794	9.161e-33
rs742358	1	22459170	2.34e-09
rs4655025	1	22459754	1.811e-09
rs12037376	1	22462111	1.2e-43
rs10799737	1	22462131	6.88e-15
rs61768001	1	22465820	1.854e-43
rs3820282	1	22468215	2.143e-43
rs56318008	1	22470407	1.218e-39
rs55938609	1	22470451	1.396e-39
rs7519889	1	22472506	8.731e-22
rs12042083	1	22472732	2.19e-22
rs7515106	1	22473410	9.574e-22
rs4655026	1	22473658	1.611e-07
rs4655027	1	22473791	1.382e-07
rs7529389	1	22475425	6.072e-08
rs7521775	1	22475649	1.269e-08
rs7542242	1	22477493	2.831e-05
rs7517829	1	22480159	1.007e-11
rs10917162	1	22480219	1.603e-17
rs10917163	1	22480241	1.433e-17
rs4623666	1	22480312	1.39e-13
rs12410251	1	22482629	1.922e-23
rs2744701	1	22483584	9.323e-07
rs2744702	1	22483630	9.323e-07
rs3971300	1	22484575	1.399e-18
rs139121331	1	22484815	1.345e-05
rs2807365	1	22485467	6.021e-13
rs12093861	1	22485677	4.486e-10
rs16826658	1	22485871	1.969e-11
rs56104760	1	22486029	9.716e-26
rs2744721	1	22487036	1.006e-06
rs72478520	1	22489567	5.58e-27
rs7521902	1	22490724	2.985e-20
rs2807358	1	22491365	3.341e-06
rs4654785	1	22491843	9.13e-21
rs2223480	1	22492522	2.971e-05
rs2206301	1	22492738	8.996e-06
rs3920498	1	22492887	1.397e-25
rs2179378	1	22498765	6.107e-07
rs1014987	1	22498824	4.728e-07
rs10917165	1	22501628	1.196e-05
rs742356	1	22501846	8.943e-07
rs10917167	1	22504091	3.649e-07
rs12032458	1	22504565	3.649e-07
rs6695779	1	22505609	1.413e-05
rs12023766	1	22506437	1.497e-05
rs2092315	1	22507684	3.419e-07
rs2092316	1	22507901	1.159e-06
rs12119429	1	22511594	3.024e-07
rs79364962	1	22531542	1.527e-10
rs114268629	1	22532007	7.379e-07
rs78416576	1	22543368	1.011e-07
rs12408254	1	22550357	2.263e-06
rs765131	1	22551371	2.263e-06
rs10917181	1	22556744	1.601e-07
rs2223482	1	22558074	3.132e-06
rs16826809	1	22559364	1.303e-07
rs12048960	1	22559813	1.495e-07
rs2807323	1	22559930	2.34e-05
rs35502211	1	22561066	1.396e-07
rs16826818	1	22561285	1.216e-07
rs10753532	1	22561909	9.204e-08
rs760919	1	22562603	1.446e-07
rs760920	1	22562604	7.459e-08
rs2744740	1	22563105	1.952e-05
rs2807325	1	22563153	7.945e-06
rs2807326	1	22563493	1.837e-05
rs2223483	1	22563981	1.837e-05
rs2807327	1	22564190	1.627e-05
rs2807328	1	22564305	1.837e-05
rs2807330	1	22565074	1.729e-05
rs2870445	1	22566579	1.966e-07
rs12030840	1	22567886	1.715e-07
rs932370	1	22569036	1.303e-07
rs932371	1	22569226	1.715e-07
rs10917184	1	22569504	1.715e-07
rs10917185	1	22571385	7.688e-06
rs16826833	1	22571426	1.966e-07
rs35107757	1	22571481	2.252e-07
rs12757104	1	22572180	1.966e-07
rs12755933	1	22572185	2.104e-07
rs10917186	1	22573147	1.836e-07
rs875977	1	22575918	5.377e-07
rs79008139	1	22577620	1.689e-06
rs12739469	1	22581573	1.088e-06
rs3856182	1	22585139	4.155e-07
rs35550345	1	22587493	1.021e-06
rs2143100	1	22599878	6.387e-06
rs2179376	1	22600073	6.387e-06
rs4654792	1	22600672	5.058e-07
rs34063726	1	22601011	1.07e-05
rs34451690	1	22601580	5.639e-06
rs66593554	1	22602556	5.058e-07
rs909812	1	22603366	4.75e-07
rs1076678	1	22603661	5.058e-07
rs35324933	1	22605024	5.058e-07
rs58231124	1	22605547	5.733e-07
rs35616249	1	22605641	5.733e-07
rs12734427	1	22615740	2.669e-05
rs880468	1	22616901	3.122e-06
rs880467	1	22616978	3.31e-06
rs72649403	1	22617251	1.918e-06
rs880469	1	22617298	2.426e-06
rs7515541	1	22619422	3.241e-05
rs71638836	1	22619947	3.18e-06
rs67161961	1	22621303	3.003e-06
rs10799743	1	22623239	2.432e-05
rs72649408	1	22623542	1.898e-05
rs6426743	1	22624511	2.523e-05
rs145522054	1	22624636	1.191e-05
rs10753534	1	22625311	2.523e-05
rs6690148	1	22648411	5.853e-06
rs72649429	1	22649018	2.04e-05
rs10917209	1	22649994	1.259e-05
rs12034809	1	22660414	4.538e-06
rs4655048	1	22668771	3.256e-05
rs4655051	1	22674007	1.822e-05
rs1316342	1	22680517	2.914e-06
rs12045139	1	22681615	2.391e-06
rs12029258	1	22686493	5.449e-07
rs12029320	1	22686692	2.774e-06
rs55936687	1	22687882	2.774e-06
rs55739621	1	22688018	2.914e-06
rs72649450	1	22689344	3.215e-06
rs1320596	1	22689804	2.64e-06
rs12048775	1	22690383	2.914e-06
rs12048810	1	22690547	3.061e-06
rs16826981	1	22691397	3.215e-06
rs56009537	1	22708910	2.602e-06
rs7555834	1	22710551	2.732e-06
rs10158754	1	22716383	9.18e-06
rs112325922	1	22720608	9.18e-06
rs78665342	1	22735745	2.482e-06
rs12741507	1	88402963	2.113e-05
rs1413534	1	88404214	2.457e-05
rs12404233	1	88406075	2.523e-05
rs915087	1	88407597	1.417e-05
rs915086	1	88407688	9.71e-06
rs714849	10	117433657	7.012e-06
rs1034941	10	117437505	1.224e-05
rs10885767	10	117438439	5.45e-06
rs10787586	10	117438561	5.45e-06
rs10885768	10	117440588	4.225e-06
rs4751923	10	117441174	5.611e-06
rs11197441	10	117532430	1.054e-06
rs7923649	10	21634273	1.002e-05
rs7098605	10	21635195	1.002e-05
rs2209804	10	21651654	1.716e-06
rs57816128	10	21651958	5.733e-07
rs58809874	10	21651981	1.102e-06
rs7068408	10	21652235	9.535e-07
rs16921773	10	21652949	9.974e-07
rs7898040	10	21653071	1.054e-06
rs1556002	10	21657474	5.449e-07
rs7086407	10	21661336	7.384e-07
rs11012681	10	21664505	6.346e-07
rs4448595	10	21666138	8.379e-07
rs12245880	10	21668199	6.386e-07
rs10828238	10	21668890	5.733e-07
rs35776386	10	21678229	2.249e-05
rs12269541	10	21681278	2.365e-05
rs7904562	10	21685632	3.957e-06
rs10159545	10	21766969	4.143e-09
rs874149	10	21768560	5.734e-09
rs10828246	10	21769216	4.495e-09
rs12766229	10	21769994	1.225e-08
rs9732777	10	21771350	6.217e-09
rs11012722	10	21772167	1.529e-08
rs66934412	10	21774601	1.056e-08
rs35336290	10	21774886	1.246e-08
rs5011832	10	21782842	1.801e-08
rs12770228	10	21783634	7.913e-10
rs35106872	10	21783752	1.949e-08
rs12357321	10	21790476	1.313e-09
rs11012725	10	21793824	6.217e-09
rs11012726	10	21797272	2.144e-10
rs12256551	10	21799726	5.288e-09
rs946711	10	21806832	7.031e-11
rs11012730	10	21811487	5.734e-09
rs12253527	10	21819824	1.148e-11
rs7084454	10	21821274	2.54e-11
rs12251016	10	21821918	4.962e-12
rs10828247	10	21822856	4.11e-12
rs10828248	10	21824619	1.772e-11
rs10828249	10	21824727	3.74e-12
rs1802669	10	21827796	4.962e-12
rs12779865	10	21829162	1.233e-11
rs11012732	10	21830104	3.74e-12
rs7098100	10	21834536	3.74e-12
rs10828250	10	21847178	3.631e-11
rs11012737	10	21849769	3.968e-11
rs10828252	10	21856475	6.174e-11
rs61850044	10	21859585	3.038e-11
rs7905967	10	21873295	1.233e-11
rs6482188	10	21876939	4.184e-11
rs35587371	10	21878144	3.038e-11
rs12783517	10	21878407	3.321e-11
rs12769128	10	21883430	9.564e-11
rs10828256	10	21883988	8.765e-11
rs11592565	10	21884471	6.741e-11
rs34719019	10	21885577	2.767e-08
rs12356674	10	21889083	3.16e-09
rs6482189	10	21889138	4.253e-08
rs11012750	10	21894028	1.868e-10
rs11012753	10	21896820	1.217e-09
rs1243185	10	21902587	8.032e-11
rs1243187	10	21907016	6.174e-11
rs1270799	10	21907423	2.926e-10
rs1243188	10	21908803	3.185e-10
rs2026092	10	21911657	5.176e-11
rs1243179	10	21912579	9.564e-11
rs1243180	10	21915619	6.174e-11
rs1243182	10	21916728	1.114e-09
rs10828258	10	21929734	8.396e-11
rs1243184	10	21931937	8.396e-11
rs1243189	10	21935248	9.172e-11
rs1269454	10	21937919	3.44e-09
rs2183271	10	21957229	8.606e-10
rs72802914	10	21972248	1.626e-05
rs1243194	10	21980514	6.88e-10
rs1243193	10	21981257	3.16e-09
rs1243192	10	21983960	1.81e-10
rs56320526	10	21988211	2.126e-05
rs4748761	10	21989245	3.263e-10
rs10828264	10	22017545	6.124e-09
rs10828265	10	22019212	3.948e-08
rs2050905	10	22027644	5.818e-09
rs7072776	10	22032942	5.452e-08
rs6482190	10	22037809	1.351e-08
rs6482191	10	22045097	5.742e-08
rs7910002	10	22050570	3.541e-07
rs10740991	10	22058137	1.253e-08
rs4748768	10	22061997	3.33e-06
rs3951780	10	22062729	6.036e-08
rs11816415	10	22083051	1.052e-06
rs7082663	10	22088054	3.664e-08
rs10508639	10	22089004	3.937e-08
rs4024198	10	22092310	1.115e-06
rs10828266	10	22098701	1.253e-08
rs2666763	10	22101608	1.052e-06
rs11012794	10	22105035	1.102e-08
rs2793341	10	22107047	8.048e-07
rs2252343	10	22111229	3.405e-06
rs806774	10	22114427	9.269e-09
rs2666773	10	22123768	2.448e-08
rs4747438	10	22124263	8.608e-07
rs792458	10	22133793	3.775e-06
rs2487512	10	22137880	1.785e-06
rs2457954	10	22138400	8.608e-07
rs1086899	10	22141442	2.345e-08
rs2666778	10	22145687	2.935e-06
rs2793353	10	22145688	4.391e-08
rs2066270	10	22147332	6.591e-06
rs2066271	10	22147423	6.591e-06
rs2666779	10	22147799	5.83e-06
rs2666771	10	22148230	5.83e-06
rs2807980	10	22149410	2.171e-06
rs2666769	10	22150150	7.006e-06
rs2793352	10	22150445	3.195e-06
rs2666764	10	22150711	5.073e-08
rs2793351	10	22151578	2.81e-06
rs792453	10	22154208	4.681e-07
rs792452	10	22154237	1.011e-07
rs806772	10	22156961	2.021e-07
rs792457	10	22163935	3.564e-07
rs7904395	10	22164160	1.633e-07
rs792456	10	22174541	6.591e-06
rs1086896	10	22176062	3.867e-06
rs1086897	10	22176431	3.405e-06
rs2666753	10	22184104	3.195e-06
rs792454	10	22191381	7.26e-08
rs792455	10	22193422	8.407e-06
rs2666768	10	22201558	8.984e-08
rs2666781	10	22205676	2.869e-06
rs2807978	10	22208630	5.681e-08
rs2666782	10	22212556	8.984e-08
rs2807979	10	22213104	8.984e-08
rs2807982	10	22215860	5.639e-06
rs2807983	10	22218773	3.867e-06
rs2807984	10	22218941	7.796e-08
rs2666750	10	22219556	2.997e-06
rs2807985	10	22230474	2.552e-07
rs2941732	10	22231670	1.37e-07
rs2666772	10	22233087	1.277e-07
rs2807986	10	22233793	1.191e-07
rs2807987	10	22239952	1.688e-07
rs2666775	10	22240299	1.931e-05
rs2807988	10	22241212	2.869e-06
rs2941733	10	22241656	1.191e-07
rs2666776	10	22241988	1.11e-07
rs2666754	10	22243072	7.796e-08
rs2666756	10	22244804	1.587e-06
rs2666757	10	22245299	1.469e-07
rs2998361	10	22245923	1.809e-07
rs2998360	10	22246114	1.575e-07
rs2859622	10	22248424	6.293e-08
rs2807966	10	22248553	5.452e-08
rs2807968	10	22252089	1.37e-07
rs2666759	10	22254978	1.191e-07
rs2666760	10	22255097	1.785e-06
rs2666761	10	22255599	1.469e-07
rs2666762	10	22255701	2.997e-06
rs2807971	10	22262372	5.83e-06
rs10740997	10	22269847	2.553e-08
rs10764328	10	22271669	5.282e-08
rs7075508	10	22273531	5.368e-07
rs7096658	10	22273533	2.465e-05
rs11012840	10	22275118	6.137e-07
rs4146689	10	22276819	1.939e-07
rs4748775	10	22277319	2.016e-05
rs4748776	10	22277367	3.351e-07
rs4748778	10	22277894	3.241e-05
rs6650129	10	22280429	2.527e-08
rs6650130	10	22280664	2.345e-08
rs7089656	10	22284140	6.525e-07
rs4364959	10	22285371	1.37e-07
rs10764330	10	22286351	3.775e-06
rs10828283	10	22287419	1.931e-05
rs12571634	10	22287722	2.732e-07
rs4748779	10	22288132	3.351e-07
rs11000869	10	75847856	2.8e-05
rs35601073	10	75900464	2.025e-05
rs11817132	10	75910955	1.558e-05
rs7914783	10	75992453	3.325e-05
rs6480726	10	76002060	3.325e-05
rs7900243	10	76057505	3.325e-05
rs7917790	10	76063114	2.849e-05
rs2894234	10	76071203	2.82e-05
rs4746196	10	76079016	2.98e-05
rs2078036	10	76080383	3.148e-05
rs7920185	10	76098873	3.325e-05
rs4077282	10	76114225	2.82e-05
rs1904066	10	76122835	2.526e-05
rs16931395	10	76126706	2.389e-05
rs1871088	10	76127188	2.389e-05
rs1904067	10	76132162	3.325e-05
rs12355686	10	76136901	2.26e-05
rs7350403	10	76138138	2.138e-05
rs10824165	10	76140728	2.98e-05
rs10824166	10	76140803	2.98e-05
rs10509348	10	76142517	3.148e-05
rs72818557	10	76143042	3.065e-05
rs6480734	10	76144076	2.526e-05
rs10740431	10	76144297	3.148e-05
rs10762605	10	76145894	3.325e-05
rs10824167	10	76151870	3.148e-05
rs2306161	10	76154303	3.325e-05
rs10824168	10	76163157	3.325e-05
rs7099159	10	76182266	1.836e-05
rs4745745	10	76195356	2.138e-05
rs12354659	10	76217565	2.022e-05
rs10824185	10	76217813	3.352e-05
rs10824186	10	76220018	3.325e-05
rs11813032	10	76229038	3.148e-05
rs9664463	10	76232506	1.525e-05
rs9664464	10	76232513	1.441e-05
rs9665469	10	76232530	1.441e-05
rs10824190	10	76232996	3.325e-05
rs7476181	10	76233067	3.325e-05
rs4338470	10	76233448	2.82e-05
rs7069901	10	76234159	4.804e-06
rs7100550	10	76237498	1.614e-05
rs4281434	10	76242772	1.643e-05
rs11001053	10	76247105	1.312e-05
rs2164367	10	76250812	1.807e-05
rs3862535	10	76263261	1.553e-05
rs3862536	10	76266550	1.614e-05
rs6480739	10	76266883	1.643e-05
rs10824194	10	76273295	1.388e-05
rs10824195	10	76273579	1.469e-05
rs11001059	10	76279187	1.147e-05
rs10824198	10	76283232	1.525e-05
rs10824200	10	76287336	1.172e-05
rs11001064	10	76303058	2.022e-05
rs10740439	10	76307972	2.419e-05
rs56198167	10	76309882	2.389e-05
rs10824202	10	76313211	5.845e-06
rs10824203	10	76313996	6.002e-06
rs11598022	10	76314202	6.147e-06
rs10509349	10	76314247	6.147e-06
rs7078351	10	76315562	5.558e-06
rs2117791	10	76317250	4.052e-06
rs7918318	10	76320458	5.406e-06
rs10762629	10	76322886	6.133e-06
rs10762630	10	76323150	5.406e-06
rs7918003	10	76329361	6.463e-06
rs7904773	10	76333710	6.463e-06
rs6480741	10	76342504	5.689e-06
rs1898056	10	76348340	6.969e-06
rs1898055	10	76350536	6.626e-06
rs10824210	10	76361241	4.312e-06
rs11001092	10	76406980	3.137e-05
rs72820551	10	76515957	6.204e-06
rs558443	10	90013195	2.005e-06
rs955033	10	90015401	2.169e-05
rs737391	10	90016796	1.36e-07
rs606424	10	90019535	3.029e-07
rs286482	10	90019563	2.104e-05
rs286493	10	90021251	1.264e-05
rs9665166	10	90022399	1.229e-07
rs10509540	10	90023033	6.994e-07
rs166976	10	90024599	7.429e-06
rs643431	10	90027875	2.386e-05
rs286487	10	90030119	3.467e-06
rs17110523	10	90031903	1.099e-07
rs7922058	10	90034039	1.705e-07
rs45585838	10	90034899	2.94e-06
rs12415812	10	90035341	6.795e-06
rs999951	10	90036367	2.358e-07
rs7094781	10	90036912	1.521e-07
rs10749570	10	90038033	1.72e-06
rs4934390	10	90041834	8.505e-06
rs3781196	10	90042154	1.705e-07
rs3781197	10	90042774	2.236e-07
rs1946391	10	90042906	1.596e-05
rs7069968	10	90043824	1.029e-05
rs1048956	10	90044789	1.697e-05
rs1426615	10	90046112	1.499e-05
rs2018705	10	90047350	2.034e-06
rs4934391	10	90048149	1.409e-05
rs4934392	10	90048954	3.484e-06
rs1426616	10	90049801	2.971e-05
rs7097903	10	90049968	8.505e-06
rs7068821	10	90051035	1.884e-06
rs10887796	10	90051310	9.66e-06
rs60888743	10	90051317	2.447e-06
rs1035796	10	90051697	9.065e-06
rs1035797	10	90051857	8.505e-06
rs11202702	10	90054268	1.768e-07
rs11202704	10	90054899	1.035e-07
rs2312538	10	90067305	1.575e-07
rs4933476	10	90068947	3.843e-06
rs10509543	10	90072352	2.925e-07
rs11202709	10	90074005	3.351e-07
rs10887800	10	90075843	2.73e-06
rs1426618	10	90076715	3.59e-06
rs10887801	10	90079714	1.382e-07
rs1582783	10	90082400	1.575e-07
rs1582784	10	90082746	6.877e-08
rs11202712	10	90083187	9.396e-08
rs11202713	10	90083345	1.492e-07
rs10887802	10	90086839	6.574e-06
rs10887803	10	90087384	3.843e-06
rs61853517	10	90087408	3.843e-06
rs11202716	10	90087412	3.843e-06
rs10887804	10	90089426	8.041e-08
rs11202717	10	90089525	1.37e-07
rs1426619	10	90091540	2.556e-08
rs61855363	10	90092894	1.469e-07
rs11594050	10	90093298	1.911e-07
rs1346226	10	90094461	1.931e-06
rs10887806	10	90094924	4.112e-06
rs11202723	10	90095339	4.112e-06
rs55894538	10	90102403	1.809e-07
rs11202727	10	90104705	1.37e-07
rs11492684	10	90112774	3.585e-07
rs4586059	10	90113168	7.496e-07
rs56155841	10	90115683	4.103e-07
rs61855396	10	90115782	6.558e-07
rs17424682	10	90116356	1.106e-06
rs10887809	10	90126669	1.688e-07
rs3891323	10	90131045	2.925e-07
rs792221	10	90133576	9.643e-08
rs792220	10	90134370	1.277e-07
rs11202735	10	90138748	5.364e-07
rs61855400	10	90139755	8.563e-07
rs11202736	10	90142203	9.096e-07
rs1648520	10	90143657	6.314e-09
rs796945	10	90150837	2.147e-09
rs792234	10	90151021	7.914e-09
rs1774973	10	90151393	1.141e-08
rs1648511	10	90151398	9.688e-09
rs1067839	10	90152085	9.166e-10
rs1067840	10	90152140	6.488e-10
rs792235	10	90152369	1.406e-09
rs10887813	10	90155155	1.662e-09
rs811558	10	90156383	5.355e-10
rs1935584	10	90156854	1.291e-09
rs2488270	10	90157930	4.486e-10
rs1617881	10	90158608	5.355e-10
rs2433340	10	90160023	2.399e-10
rs792230	10	90160392	3.349e-10
rs1342451	10	90164478	3.059e-10
rs792205	10	90166989	3.349e-10
rs792207	10	90167065	4.391e-10
rs792208	10	90167311	4.486e-10
rs813782	10	90168189	1.079e-09
rs792209	10	90168367	3.349e-10
rs792211	10	90172212	9.894e-10
rs814242	10	90173536	9.894e-10
rs792212	10	90174153	3.666e-10
rs792213	10	90174202	4.805e-10
rs792214	10	90174582	9.894e-10
rs792215	10	90175306	4.105e-10
rs806694	10	90175462	1.177e-09
rs4933480	10	90177034	4.805e-10
rs10736351	10	90177991	6.974e-10
rs4934403	10	90179192	3.349e-10
rs6586132	10	90182467	2.872e-10
rs7907732	10	90182764	2.192e-10
rs10887817	10	90182963	4.805e-10
rs7918921	10	90183038	3.059e-10
rs10887818	10	90183102	3.349e-10
rs4934404	10	90185847	5.849e-10
rs7921352	10	90186123	1.406e-09
rs10788598	10	90187112	7.614e-10
rs10788599	10	90187924	5.849e-10
rs7909697	10	90187967	8.31e-10
rs7910594	10	90188027	7.614e-10
rs10788600	10	90190619	7.614e-10
rs7911996	10	90190949	7.614e-10
rs10887821	10	90199209	1.813e-09
rs2096194	10	90201642	2.539e-09
rs10749586	10	90202441	1.611e-07
rs6586134	10	90202725	8.969e-10
rs4606392	10	90203479	3.852e-09
rs4403718	10	90203649	1.492e-07
rs10749587	10	90203695	1.382e-07
rs10749588	10	90203855	1.611e-07
rs7922551	10	90203900	3.263e-09
rs4509673	10	90204726	5.359e-09
rs2872092	10	90204887	4.185e-09
rs10736352	10	90206298	2.548e-09
rs10749589	10	90208772	2.761e-09
rs10788602	10	90208940	4.545e-09
rs10887823	10	90210183	4.936e-09
rs1935579	10	90210511	4.545e-09
rs10749590	10	90211164	5.818e-09
rs10887824	10	90211230	4.936e-09
rs7899828	10	90211815	3.285e-09
rs1935578	10	90212662	1.492e-07
rs11202750	10	90214002	1.876e-07
rs1342456	10	90214072	4.936e-09
rs10749591	10	90214279	4.545e-09
rs7916937	10	90215078	1.738e-07
rs6586139	10	90215629	4.545e-09
rs4934409	10	90216054	4.545e-09
rs2312610	10	90216485	4.545e-09
rs4934411	10	90218338	5.818e-09
rs7904229	10	90221561	2.537e-07
rs1342450	10	90223403	8.745e-09
rs1750274	10	90225923	8.931e-08
rs2488271	10	90228162	1.179e-06
rs2437878	10	90229234	1.266e-06
rs2477957	10	90229789	9.515e-07
rs1169043	10	90231562	9.643e-08
rs1183901	10	90231718	1.022e-06
rs2185786	10	90232512	9.643e-08
rs2576181	10	90233105	1.041e-07
rs1177587	10	90233592	8.2e-07
rs2576180	10	90234745	1.098e-06
rs2477956	10	90235457	8.931e-08
rs1325907	10	90237398	7.504e-06
rs2986118	10	90238427	5.755e-06
rs2437877	10	90240289	6.574e-06
rs2765450	10	90241481	6.574e-06
rs2576179	10	90241575	6.574e-06
rs2576176	10	90245519	4.962e-07
rs2148127	10	90246530	4.962e-07
rs2437875	10	90248945	2.764e-07
rs2437874	10	90249907	3.354e-06
rs2576174	10	90251502	6.151e-06
rs2477955	10	90252237	5.383e-06
rs2576172	10	90255615	3.203e-07
rs2576171	10	90257225	2.083e-07
rs2576170	10	90258744	1.935e-07
rs725683	10	90258876	1.8e-06
rs2077890	10	90258917	1.931e-06
rs725684	10	90259126	1.8e-06
rs2576169	10	90261930	1.935e-07
rs2765444	10	90262601	3.132e-06
rs2477954	10	90264140	1.55e-07
rs2437872	10	90266227	2.219e-06
rs2765442	10	90267238	1.458e-06
rs2765456	10	90282582	1.301e-05
rs2209553	10	90286617	1.469e-05
rs2765454	10	90293524	1.469e-05
rs2576159	10	90296467	4.225e-06
rs2576161	10	90334309	1.469e-05
rs2576160	10	90334313	1.379e-05
rs2477958	10	90334835	1.888e-05
rs138948129	10	96395888	2.906e-05
rs7904979	10	96409163	4.769e-06
rs7068895	10	96418841	3.618e-06
rs2209671	10	96423125	3.301e-06
rs12249418	10	96442917	4.132e-06
rs11815200	10	96448380	4.883e-06
rs12243416	10	96454156	4.369e-06
rs7077277	10	96456161	5.454e-06
rs2296683	10	96466342	4.132e-06
rs11591641	10	96468808	5.161e-06
rs7917985	10	96469632	8.705e-06
rs7918101	10	96469669	4.619e-06
rs7099637	10	96470954	4.369e-06
rs78945338	10	96475154	4.369e-06
rs76091266	10	96476401	4.369e-06
rs7898763	10	96477558	4.369e-06
rs12771899	10	96478608	4.619e-06
rs35695457	10	96484599	4.619e-06
rs10509675	10	96488888	4.619e-06
rs10882493	10	96491772	4.369e-06
rs11188067	10	96493709	4.369e-06
rs7905907	10	96514614	5.764e-06
rs11188072	10	96519061	5.764e-06
rs12248560	10	96521657	5.454e-06
rs7918461	10	96522989	5.454e-06
rs35442644	10	96526109	5.764e-06
rs11596777	10	96527334	6.09e-06
rs7086313	10	96536455	5.454e-06
rs7068577	10	96536708	5.454e-06
rs7081559	10	96544465	5.764e-06
rs7081643	10	96544727	5.764e-06
rs12247175	10	96545738	5.764e-06
rs12268235	10	96552309	5.454e-06
rs11498699	10	96555061	5.161e-06
rs11498522	10	96555243	5.454e-06
rs9630086	10	96558279	5.454e-06
rs11597811	10	96568926	5.764e-06
rs7091883	10	96569453	5.764e-06
rs12253253	10	96582156	5.454e-06
rs12772139	10	96587547	5.454e-06
rs12258243	10	96593219	9.279e-06
rs11188092	10	96597751	6.441e-06
rs11592737	10	96603414	5.161e-06
rs11597626	10	96604273	5.764e-06
rs35739901	10	96611628	5.161e-06
rs12779363	10	96612040	5.161e-06
rs12268020	10	96612371	5.161e-06
rs11593065	10	96615924	5.161e-06
rs12766227	10	96617031	5.161e-06
rs1853211	10	96619231	7.177e-06
rs12255783	10	96621699	4.619e-06
rs7072872	10	96625988	6.433e-06
rs7923746	10	96628274	5.161e-06
rs10882501	10	96628609	6.795e-06
rs12245138	10	96632831	5.161e-06
rs11188103	10	96642164	6.433e-06
rs12771735	10	96648269	9.413e-06
rs11188109	10	96650193	9.413e-06
rs34845533	10	96653119	9.413e-06
rs7897557	10	96655788	9.413e-06
rs11498527	10	96656383	1.048e-05
rs12769119	10	96657738	1.343e-05
rs7917500	10	96666666	1.048e-05
rs116730975	10	96673342	9.934e-06
rs12765023	10	96674721	9.413e-06
rs34608844	10	96677294	9.934e-06
rs12248425	10	96678288	9.934e-06
rs1075162	10	96678599	9.934e-06
rs7085745	10	96682514	9.934e-06
rs10437473	10	96682839	1.048e-05
rs12768546	10	96687570	8.449e-06
rs12251688	10	96693727	8.449e-06
rs12251841	10	96694138	7.579e-06
rs9332104	10	96698690	8.449e-06
rs12264083	10	96699683	8.003e-06
rs9332117	10	96701077	8.003e-06
rs9332120	10	96701850	8.003e-06
rs7089580	10	96705223	8.003e-06
rs35511771	10	96712143	8.003e-06
rs12252334	10	96718809	8.449e-06
rs7897079	10	96720518	8.003e-06
rs2153628	10	96723424	8.449e-06
rs9332168	10	96731292	1.369e-05
rs9332174	10	96732097	8.449e-06
rs35144931	10	96739382	6.105e-06
rs9332211	10	96742737	9.631e-06
rs9332212	10	96742750	9.631e-06
rs12778431	10	96756131	8.205e-06
rs12255222	10	96756704	7.368e-06
rs11223799	11	134301693	3.014e-05
rs10835127	11	27223616	1.116e-05
rs6484272	11	27223620	1.041e-07
rs4923431	11	27228327	6.911e-07
rs10835129	11	27229536	9.409e-07
rs7930038	11	27229587	5.329e-07
rs4101118	11	27229688	4.761e-07
rs1442931	11	27230938	4.729e-06
rs10767616	11	27232408	3.564e-06
rs6484275	11	27233359	3.367e-06
rs1442930	11	27233415	4.112e-06
rs1372908	11	27235562	3.18e-06
rs1372907	11	27235583	3.003e-06
rs2245826	11	27240162	2.924e-06
rs920699	11	27247816	2.73e-06
rs118049999	11	27249160	9.693e-06
rs11030946	11	30125619	3.661e-10
rs1436098	11	30145730	1.669e-07
rs11030958	11	30146230	1.438e-07
rs1436099	11	30146407	1.797e-07
rs4923621	11	30147285	1.41e-07
rs4923622	11	30147515	1.308e-07
rs4923623	11	30147562	1.41e-07
rs979210	11	30148871	1.308e-07
rs892950	11	30149602	1.64e-07
rs892951	11	30150000	1.64e-07
rs892952	11	30151117	1.41e-07
rs12800683	11	30151444	1.64e-07
rs1369811	11	30152078	1.41e-07
rs7935077	11	30152594	1.41e-07
rs1865731	11	30153348	1.308e-07
rs11030960	11	30154037	1.308e-07
rs10835617	11	30154407	1.308e-07
rs35078732	11	30154477	1.041e-07
rs11030961	11	30154609	1.308e-07
rs11030962	11	30154930	1.308e-07
rs17694317	11	30155086	1.308e-07
rs597235	11	30155294	7.636e-07
rs2117911	11	30155490	1.308e-07
rs10835618	11	30155829	1.41e-07
rs1561088	11	30156019	5.417e-06
rs1561089	11	30156039	5.417e-06
rs1561090	11	30156168	5.075e-06
rs12362720	11	30156631	4.453e-06
rs2082917	11	30157917	1.308e-07
rs12290734	11	30158498	1.308e-07
rs12270725	11	30158828	1.308e-07
rs12290971	11	30158907	1.669e-07
rs12284112	11	30158908	1.669e-07
rs12796113	11	30159305	1.308e-07
rs12794770	11	30159379	1.308e-07
rs12796334	11	30159382	1.308e-07
rs12795156	11	30159427	1.308e-07
rs34086240	11	30159584	1.308e-07
rs12801198	11	30160204	1.212e-07
rs3847631	11	30160548	1.212e-07
rs3847632	11	30160793	1.521e-07
rs3886880	11	30160801	1.521e-07
rs12802602	11	30160908	1.308e-07
rs4285851	11	30161164	1.123e-07
rs12790814	11	30162194	1.212e-07
rs12792185	11	30162222	1.212e-07
rs72884326	11	30162744	1.308e-07
rs78026352	11	30162775	1.212e-07
rs12291589	11	30162984	2.33e-09
rs12272116	11	30163013	2.33e-09
rs11030966	11	30163183	2.33e-09
rs10835620	11	30163968	2.33e-09
rs10835621	11	30164732	2.531e-09
rs1819675	11	30165272	2.531e-09
rs7101406	11	30165706	2.531e-09
rs475305	11	30165710	4.876e-09
rs930321	11	30165896	2.33e-09
rs930320	11	30166109	2.531e-09
rs1898174	11	30166240	2.531e-09
rs637542	11	30166391	2.985e-09
rs10835622	11	30166397	1.973e-09
rs10835624	11	30166628	2.531e-09
rs11030968	11	30167113	2.531e-09
rs11030969	11	30167121	2.531e-09
rs2460713	11	30167587	2.144e-09
rs11030970	11	30167835	2.33e-09
rs11030971	11	30168320	2.531e-09
rs11030972	11	30168564	2.33e-09
rs11030973	11	30168745	1.013e-07
rs4337008	11	30168871	2.33e-09
rs3858477	11	30169198	2.33e-09
rs11030974	11	30169574	2.531e-09
rs10835625	11	30169761	1.013e-07
rs663173	11	30169856	4.143e-09
rs7129554	11	30169998	2.33e-09
rs588929	11	30170152	4.143e-09
rs3858478	11	30170254	2.144e-09
rs3908935	11	30170373	2.33e-09
rs7114540	11	30170837	2.33e-09
rs3847633	11	30171174	8.322e-08
rs3847634	11	30171594	7.516e-08
rs3847635	11	30171615	2.33e-09
rs1890825	11	30172579	4.876e-09
rs1890826	11	30172916	2.144e-09
rs12282309	11	30173187	2.144e-09
rs7948109	11	30173317	2.144e-09
rs10835626	11	30173963	2.144e-09
rs10835627	11	30173987	2.144e-09
rs10835628	11	30174019	2.144e-09
rs10501124	11	30174370	2.144e-09
rs10835629	11	30174438	2.144e-09
rs10501125	11	30174667	1.815e-09
rs6484476	11	30174965	2.985e-09
rs2226016	11	30175706	1.815e-09
rs11030977	11	30175950	1.815e-09
rs4512795	11	30176085	2.144e-09
rs2884134	11	30176106	2.144e-09
rs2226272	11	30176241	2.144e-09
rs1340033	11	30176743	1.973e-09
rs1938315	11	30176794	1.973e-09
rs1340032	11	30176879	1.67e-09
rs78330906	11	30176985	6.462e-06
rs3858479	11	30177010	1.67e-09
rs3858480	11	30177120	2.144e-09
rs7113720	11	30177267	1.973e-09
rs3858481	11	30177817	2.33e-09
rs3858482	11	30177821	2.531e-09
rs10835630	11	30178465	1.973e-09
rs12786317	11	30179203	1.973e-09
rs3847637	11	30179758	1.973e-09
rs3858484	11	30179949	1.973e-09
rs1361424	11	30180390	1.973e-09
rs1361423	11	30180671	1.815e-09
rs1361422	11	30180685	1.973e-09
rs892949	11	30181153	1.815e-09
rs1808771	11	30181316	1.815e-09
rs12287556	11	30181651	1.815e-09
rs12293737	11	30181671	1.815e-09
rs11030982	11	30181778	1.815e-09
rs1340030	11	30182068	1.815e-09
rs7112118	11	30182270	1.815e-09
rs7112549	11	30182303	1.815e-09
rs713143	11	30182858	7.516e-08
rs10835631	11	30183344	1.67e-09
rs4922833	11	30183742	1.815e-09
rs4922834	11	30183831	1.815e-09
rs11030983	11	30184483	1.815e-09
rs4396264	11	30184538	1.815e-09
rs4313561	11	30184860	1.815e-09
rs11030985	11	30185395	1.67e-09
rs11030986	11	30185477	1.67e-09
rs11030987	11	30185486	1.815e-09
rs11030988	11	30185696	1.67e-09
rs11030989	11	30185849	1.425e-09
rs72885907	11	30185850	1.313e-09
rs1361421	11	30186511	1.815e-09
rs1819673	11	30186858	1.67e-09
rs7102959	11	30187044	1.67e-09
rs552501	11	30187216	2.749e-09
rs12282113	11	30187828	1.67e-09
rs12282163	11	30187905	1.67e-09
rs12282076	11	30187958	1.67e-09
rs7930471	11	30188285	1.67e-09
rs7945546	11	30188505	1.67e-09
rs17622950	11	30189761	2.985e-09
rs1417016	11	30190076	3.241e-09
rs1417015	11	30190139	2.985e-09
rs10501121	11	30190813	3.818e-09
rs7128357	11	30191237	3.518e-09
rs10501122	11	30192151	3.518e-09
rs11030991	11	30192333	3.818e-09
rs12793581	11	30192962	3.518e-09
rs623837	11	30193060	4.876e-09
rs4923626	11	30195542	4.495e-09
rs11030992	11	30197429	2.531e-09
rs11030993	11	30198439	2.144e-09
rs10767832	11	30199020	4.495e-09
rs7940816	11	30199688	4.876e-09
rs7943867	11	30199907	2.985e-09
rs7123331	11	30200473	2.33e-09
rs7109221	11	30200751	4.143e-09
rs11493214	11	30202285	3.465e-09
rs7943756	11	30203825	1.701e-08
rs9735244	11	30205371	1.855e-07
rs11030997	11	30206532	2.325e-09
rs7122731	11	30207239	1.817e-09
rs17623478	11	30207843	1.306e-09
rs10835634	11	30208486	1.541e-09
rs11030998	11	30208516	1.419e-09
rs11031002	11	30215261	1.673e-23
rs118175327	11	30225324	2.885e-06
rs11031005	11	30226356	7.233e-28
rs11031006	11	30226528	3.08e-28
rs494779	11	30232381	9.399e-06
rs492828	11	30232615	9.399e-06
rs601681	11	30234394	1.002e-05
rs601640	11	30234432	1.069e-05
rs600768	11	30234606	1.564e-05
rs600333	11	30234703	1.214e-05
rs540948	11	30234782	1.469e-05
rs586326	11	30235497	1.139e-05
rs555621	11	30236544	1.002e-05
rs664147	11	30237518	1.069e-05
rs621448	11	30238832	1.002e-05
rs553406	11	30239283	1.264e-05
rs553190	11	30239353	1.264e-05
rs618611	11	30239470	1.348e-05
rs11031010	11	30240178	6.423e-27
rs523875	11	30240217	1.264e-05
rs521271	11	30240470	3.129e-06
rs518357	11	30240829	1.855e-05
rs590833	11	30241032	1.855e-05
rs489096	11	30241731	1.855e-05
rs74485684	11	30242287	3.554e-30
rs572883	11	30242325	1.976e-05
rs543401	11	30243247	1.855e-05
rs1782508	11	30243795	3.341e-06
rs1782507	11	30243868	4.626e-06
rs653452	11	30244235	4.626e-06
rs939433	11	30247886	1.976e-05
rs1630084	11	30248392	1.976e-05
rs1782509	11	30248826	1.855e-05
rs1716024	11	30249084	2.703e-05
rs1716023	11	30249522	2.241e-05
rs1782510	11	30249550	1.976e-05
rs1716022	11	30250177	1.976e-05
rs537263	11	30250359	1.855e-05
rs538236	11	30250479	1.976e-05
rs654669	11	30250568	1.976e-05
rs640748	11	30251351	1.855e-05
rs639403	11	30251625	1.855e-05
rs10835638	11	30252352	8.197e-26
rs550312	11	30253189	1.855e-05
rs611246	11	30253318	1.976e-05
rs609896	11	30253641	1.855e-05
rs580646	11	30254268	1.855e-05
rs595496	11	30254550	1.976e-05
rs594982	11	30254683	2.539e-05
rs6169	11	30255185	2.539e-05
rs506197	11	30255823	1.855e-05
rs506306	11	30255867	1.855e-05
rs676349	11	30255982	1.855e-05
rs560078	11	30257122	1.741e-05
rs626869	11	30258770	1.634e-05
rs615577	11	30258989	1.634e-05
rs7126848	11	30261215	1.069e-05
rs622356	11	30261910	1.634e-05
rs7951733	11	30261968	2.23e-11
rs532667	11	30263655	1.634e-05
rs560109	11	30264368	1.741e-05
rs642126	11	30266370	4.063e-06
rs515997	11	30267038	4.934e-06
rs689233	11	30270667	4.626e-06
rs549346	11	30271159	1.634e-05
rs675635	11	30271406	3.808e-06
rs673740	11	30271845	3.808e-06
rs645161	11	30272226	4.336e-06
rs60781817	11	30274686	4.336e-06
rs60968445	11	30274837	5.45e-06
rs35458722	11	30275141	4.626e-06
rs34487664	11	30275351	4.336e-06
rs4120820	11	30277028	1.741e-05
rs4531442	11	30278829	4.626e-06
rs1933345	11	30279268	5.45e-06
rs1933346	11	30279354	4.626e-06
rs1933347	11	30279609	4.336e-06
rs7924960	11	30280075	4.336e-06
rs11031014	11	30281066	4.336e-06
rs6484477	11	30281330	1.741e-05
rs4244552	11	30282274	5.806e-06
rs4267046	11	30282779	5.611e-06
rs145052476	11	30286978	3.341e-06
rs79028439	11	30287046	2.93e-06
rs34609938	11	30287070	2.743e-06
rs7940387	11	30289511	4.626e-06
rs11031022	11	30290012	4.626e-06
rs61886090	11	30290814	4.626e-06
rs11031024	11	30292176	2.138e-05
rs11031025	11	30292350	4.626e-06
rs4267043	11	30293769	5.262e-06
rs10835643	11	30294329	4.626e-06
rs4923629	11	30295232	4.626e-06
rs12364889	11	30296055	1.22e-26
rs11031027	11	30297374	5.611e-06
rs4120821	11	30300692	2.104e-05
rs12363576	11	30301607	5.262e-06
rs4923631	11	30301868	5.262e-06
rs4923632	11	30302023	5.262e-06
rs11031028	11	30302923	5.611e-06
rs4359180	11	30303443	5.262e-06
rs11031030	11	30304455	5.611e-06
rs11031032	11	30304726	4.934e-06
rs11031033	11	30305675	1.68e-26
rs11031034	11	30306439	1.51e-26
rs11031035	11	30306650	1.358e-26
rs75525300	11	30307989	6.345e-30
rs4120817	11	30308159	1.358e-26
rs10767833	11	30309732	1.348e-05
rs10835644	11	30309827	1.358e-26
rs10835645	11	30309869	1.51e-26
rs10835646	11	30309905	1.51e-26
rs10742238	11	30311316	1.348e-05
rs12281078	11	30312187	1.358e-26
rs12294258	11	30312239	1.51e-26
rs35665615	11	30312519	4.626e-06
rs12805098	11	30312743	4.336e-06
rs11031038	11	30314253	1.348e-05
rs12793271	11	30314585	4.336e-06
rs11031039	11	30314858	1.51e-26
rs61886116	11	30315071	3.808e-06
rs7102836	11	30315627	9.169e-06
rs12278989	11	30316822	5.651e-30
rs11031040	11	30317733	5.651e-30
rs1933339	11	30318470	9.169e-06
rs11031041	11	30318720	4.626e-06
rs12271187	11	30319259	5.651e-30
rs61626579	11	30319432	4.336e-06
rs12271300	11	30319433	5.651e-30
rs1933349	11	30323189	1.348e-05
rs1933348	11	30324475	1.438e-05
rs7123626	11	30325865	1.51e-26
rs12361594	11	30327006	1.51e-26
rs12361937	11	30327162	4.336e-06
rs59475325	11	30327981	4.626e-06
rs55715542	11	30328026	4.336e-06
rs10835649	11	30329175	5.651e-30
rs1933337	11	30329232	8.638e-06
rs7125524	11	30330963	4.063e-06
rs1222204	11	30333224	3.567e-06
rs1856142	11	30334223	8.638e-06
rs7950187	11	30335633	7.664e-06
rs11031046	11	30335654	7.664e-06
rs7950221	11	30335691	7.664e-06
rs4071563	11	30336002	3.164e-30
rs1222203	11	30336334	3.567e-06
rs3904780	11	30336425	8.137e-06
rs1222202	11	30336613	3.567e-06
rs3904779	11	30337470	7.664e-06
rs11031047	11	30337523	2.817e-30
rs10767835	11	30338275	1.348e-05
rs10767836	11	30338392	1.533e-05
rs7947350	11	30338842	2.817e-30
rs7929660	11	30339461	4.483e-30
rs4112796	11	30340362	7.217e-06
rs2786257	11	30340725	3.716e-06
rs10767837	11	30341210	1.185e-05
rs12363824	11	30342150	2.817e-30
rs3897026	11	30342173	1.185e-05
rs6484479	11	30342495	2.507e-30
rs3858429	11	30343757	2.231e-30
rs1222220	11	30343925	4.336e-06
rs4071558	11	30344591	2.231e-30
rs4071559	11	30344725	2.231e-30
rs1222218	11	30344761	3.567e-06
rs1222217	11	30344799	3.567e-06
rs11826681	11	30344883	7.217e-06
rs56340204	11	30346097	5.332e-06
rs10835653	11	30347828	6.795e-06
rs10767838	11	30347927	6.795e-06
rs4427542	11	30348638	1.533e-05
rs3858430	11	30348973	6.795e-06
rs1717774	11	30350185	4.934e-06
rs2065940	11	30350192	1.533e-05
rs77055031	11	30353881	2.785e-11
rs1879671	11	30354707	7.217e-06
rs12278547	11	30354857	1.097e-26
rs7118949	11	30354895	1.097e-26
rs7121963	11	30354904	1.22e-26
rs7122449	11	30355197	1.22e-26
rs11031051	11	30355707	2.138e-05
rs10835654	11	30355812	1.666e-05
rs11512201	11	30355857	9.857e-27
rs10835655	11	30355903	9.857e-27
rs1222205	11	30356057	4.626e-06
rs10767839	11	30356092	1.438e-05
rs12272134	11	30356420	1.097e-26
rs7116893	11	30359231	9.857e-27
rs7117691	11	30359892	8.857e-27
rs12278112	11	30360026	9.857e-27
rs141402489	11	30360225	1.358e-26
rs11031052	11	30360794	8.857e-27
rs1222209	11	30361670	4.063e-06
rs7926666	11	30363101	7.958e-27
rs12285277	11	30363545	7.15e-27
rs1765141	11	30363727	4.336e-06
rs1228479	11	30365566	4.934e-06
rs11031056	11	30366528	7.017e-26
rs1538109	11	30367332	1.041e-05
rs6484481	11	30369420	1.438e-05
rs12365913	11	30370218	4.653e-27
rs10835658	11	30371313	4.653e-27
rs12363432	11	30371615	4.653e-27
rs74331022	11	30372818	7.15e-27
rs140873431	11	30373982	1.392e-05
rs7949790	11	30374608	6.572e-26
rs11031058	11	30375889	5.89e-26
rs7929105	11	30376209	6.574e-06
rs76959488	11	30376314	5.89e-26
rs10835660	11	30376902	5.89e-26
rs1765142	11	30378559	2.248e-06
rs7952660	11	30378694	6.574e-06
rs10835661	11	30381076	6.926e-26
rs12294104	11	30382899	6.201e-26
rs640245	11	30393360	1.634e-05
rs80268871	11	30395448	4.587e-17
rs12223987	11	30395871	2.098e-27
rs1757994	11	30404949	1.548e-11
rs1765132	11	30405254	1.548e-11
rs1757993	11	30405657	2.023e-11
rs1717777	11	30416270	8.026e-13
rs564832	11	30418246	2.298e-05
rs2482465	11	30421422	6.021e-13
rs12285014	11	30423231	1.11e-12
rs10835663	11	30423375	1.041e-12
rs12289054	11	30425895	1.744e-12
rs10767842	11	30435599	1.438e-12
rs10767843	11	30436400	8.309e-13
rs10742241	11	30436784	8.309e-13
rs16920647	11	30439707	9.159e-09
rs10488819	11	30440504	1.126e-08
rs7927979	11	30446226	1.539e-07
rs10488820	11	30446358	2.959e-08
rs7109261	11	30447069	1.777e-07
rs2310798	11	30447623	2.479e-07
rs10835665	11	30449743	1.777e-07
rs9783322	11	30451834	1.694e-07
rs12226746	11	30453575	2.42e-08
rs10835668	11	30462051	2.15e-07
rs7948817	11	30465609	4.988e-07
rs75807372	11	30467361	1.501e-05
rs1009074	11	30469663	4.336e-07
rs66582220	11	30470361	4.336e-07
rs12225492	11	30471508	4.544e-07
rs16920697	11	30473381	4.544e-07
rs72885520	11	30473547	1.044e-07
rs72885522	11	30473548	9.953e-08
rs11031095	11	30478470	5.473e-07
rs10437628	11	30479911	5.473e-07
rs11031101	11	30484012	6.577e-07
rs11031102	11	30484079	6.002e-07
rs16920714	11	30486115	6.283e-07
rs7926699	11	30488309	7.205e-07
rs7115139	11	30489044	1.272e-06
rs12277061	11	30489273	1.263e-06
rs11031104	11	30489776	9.038e-07
rs12221587	11	30489955	1.384e-06
rs10835670	11	30492112	3.085e-07
rs10767852	11	30493682	2.479e-07
rs66918518	11	30497850	3.397e-07
rs12417764	11	30534491	2.669e-07
rs12420531	11	30534510	2.542e-07
rs12419132	11	30537157	2.197e-07
rs559519	11	30554476	2.073e-08
rs521069	11	30579485	2.138e-05
rs34426885	11	32282710	1.898e-06
rs11031685	11	32294884	2.788e-07
rs11031688	11	32296109	2.768e-07
rs11031690	11	32299224	2.626e-07
rs2900666	11	32304295	2.626e-07
rs11031691	11	32306208	3.329e-07
rs7121657	11	32307012	1.321e-07
rs4603277	11	32307326	2.626e-07
rs12574217	11	32308420	1.094e-07
rs12574256	11	32308936	1.094e-07
rs11823078	11	32308979	1.476e-06
rs12574511	11	32309418	9.643e-08
rs7944771	11	32315910	3.692e-07
rs10835879	11	32316432	5.145e-07
rs7116279	11	32318295	7.99e-08
rs11031693	11	32318377	1.317e-06
rs16923064	11	32319019	7.738e-07
rs10835881	11	32322859	6.105e-06
rs7928458	11	32328064	2.361e-07
rs10835883	11	32328565	2.497e-07
rs72638188	11	32328646	2.625e-09
rs10488685	11	32328926	2.497e-07
rs57402804	11	32329615	4.485e-08
rs11031704	11	32330118	1.127e-05
rs11031705	11	32330664	2.896e-08
rs10835884	11	32331591	1.245e-05
rs10835885	11	32331703	1.245e-05
rs12422056	11	32331871	2.276e-09
rs1022625	11	32332020	2.497e-07
rs1022624	11	32332107	1.184e-05
rs11031706	11	32332289	2.896e-08
rs11600188	11	32332329	2.896e-08
rs11031708	11	32332499	2.705e-08
rs2003731	11	32332578	1.184e-05
rs742996	11	32332995	1.127e-05
rs742995	11	32333113	2.794e-07
rs742994	11	32333377	2.794e-07
rs12361455	11	32334100	6.441e-06
rs61889170	11	32334541	2.877e-07
rs61889172	11	32337087	2.298e-07
rs61889173	11	32338246	2.563e-07
rs7934939	11	32340688	9.579e-10
rs11031714	11	32342023	3.948e-07
rs7121219	11	32342517	3.948e-07
rs12285028	11	32343164	1.458e-07
rs12285041	11	32343212	1.458e-07
rs11600625	11	32343283	8.904e-10
rs75895572	11	32344884	5.156e-07
rs11031715	11	32346815	1.48e-09
rs11031716	11	32346834	1.631e-07
rs11828433	11	32346864	1.542e-07
rs11031718	11	32348953	1.973e-09
rs7924571	11	32350027	5.998e-10
rs7106353	11	32351427	2.685e-07
rs12278882	11	32352400	2.369e-06
rs12280757	11	32353264	7.16e-06
rs12802125	11	32353768	1.603e-06
rs7123725	11	32355336	6.119e-06
rs7127500	11	32356128	4.269e-06
rs11031721	11	32356599	1.591e-09
rs12418834	11	32358155	1.591e-09
rs7106151	11	32358359	1.591e-09
rs11031724	11	32358913	2.389e-06
rs2144327	11	32358979	1.48e-09
rs12419303	11	32359742	1.973e-09
rs12807010	11	32359961	6.535e-09
rs12789861	11	32360222	5.581e-06
rs11031728	11	32363616	1.654e-06
rs2057178	11	32364187	3.341e-07
rs11031731	11	32365430	1.491e-06
rs10835888	11	32367337	2.616e-05
rs11031733	11	32367362	4.152e-07
rs61889186	11	32367570	4.152e-07
rs7122775	11	32367883	2.365e-05
rs2207549	11	32368457	3.061e-06
rs2207548	11	32368744	1.088e-06
rs61889187	11	32369603	2.863e-06
rs10835889	11	32370380	1.723e-06
rs932503	11	32371215	2.735e-05
rs4755894	11	33721261	1.162e-05
rs1047581	11	33724992	1.307e-05
rs1546727	11	33726222	1.307e-05
rs36093484	11	33726290	1.307e-05
rs12364970	11	33726544	1.385e-05
rs11032350	11	33730060	1.205e-05
rs7357	11	33730261	2.23e-05
rs842	11	33731406	1.205e-05
rs56113937	11	33736397	2.892e-05
rs2901375	11	33736575	1.44e-05
rs56399849	11	33736682	2.892e-05
rs7117382	11	33737733	1.718e-05
rs4269948	11	86772254	3.971e-06
rs73517302	11	86787248	1.002e-05
rs73519214	11	86791572	1.042e-05
rs17149719	11	86795933	1.002e-05
rs73519223	11	86796526	1.083e-05
rs73519237	11	86800074	9.644e-06
rs56859417	11	86801602	1.083e-05
rs73527070	11	86804554	1.083e-05
rs73527073	11	86805053	1.083e-05
rs2374997	11	86816416	1.708e-05
rs78648040	11	86826598	2.06e-05
rs59876223	11	86828475	3.053e-05
rs9667641	11	86829764	3.288e-05
rs74815630	11	86830620	2.73e-05
rs7103682	11	86840841	2.329e-05
rs56087136	11	86840874	3.168e-05
rs12577852	11	86841758	3.168e-05
rs78509102	11	86842614	3.168e-05
rs79382297	11	86843927	2.73e-05
rs76842991	11	86846694	2.629e-05
rs12577459	11	86847136	2.834e-05
rs76830221	11	86856746	2.179e-05
rs77703889	11	86860677	2.179e-05
rs79615270	11	86860699	2.179e-05
rs113449167	11	86861016	2.098e-05
rs12576489	11	86861613	2.02e-05
rs75727481	11	86872014	2.098e-05
rs139485543	11	86879119	2.179e-05
rs113620780	11	86880662	2.02e-05
rs12577555	11	86886189	2.077e-05
rs77088083	11	86891232	2.941e-05
rs17149800	11	86895621	2.349e-05
rs117530849	11	95207813	9.825e-07
rs117399430	11	95243905	2.063e-07
rs1262221	11	95298158	1.888e-05
rs2373564	12	102394872	2.464e-06
rs4567531	12	102399379	2.336e-08
rs7311503	12	102401012	1.426e-08
rs79536630	12	102404119	2.336e-08
rs74844870	12	102404468	1.943e-08
rs7314237	12	102405062	2.336e-08
rs7971939	12	102407432	2.055e-05
rs17436984	12	102408147	1.426e-08
rs11111130	12	102408856	1.517e-08
rs12366865	12	102409089	1.34e-08
rs10860831	12	102409546	2.405e-05
rs10860832	12	102414568	1.717e-08
rs11111134	12	102415256	1.534e-06
rs1986854	12	102417475	1.717e-08
rs79076266	12	102417638	1.943e-08
rs10507138	12	102418604	1.259e-08
rs11111137	12	102420892	1.152e-06
rs17528053	12	102424383	1.221e-06
rs11111139	12	102428444	1.534e-06
rs11111141	12	102429501	1.717e-08
rs4556601	12	102432065	1.827e-08
rs4357749	12	102437117	1.534e-06
rs10860833	12	102438686	1.517e-08
rs7958593	12	102444064	1.259e-08
rs2373566	12	102444999	1.449e-06
rs77121786	12	102446675	1.534e-06
rs11111146	12	102452264	1.292e-06
rs17437668	12	102463140	1.221e-06
rs10507139	12	102466992	9.36e-09
rs11111150	12	102468660	8.784e-09
rs9788185	12	102474852	8.242e-09
rs11111154	12	102476128	8.784e-09
rs11111155	12	102476429	4.029e-09
rs7961439	12	102480028	8.784e-09
rs7977178	12	102483822	8.675e-07
rs17528833	12	102490612	8.242e-09
rs10507141	12	102491467	8.242e-09
rs11111163	12	102491983	8.675e-07
rs75162381	12	102497698	9.199e-07
rs17438262	12	102501068	3.565e-09
rs78462723	12	102501720	7.712e-07
rs11111165	12	102504041	5.261e-09
rs2136510	12	102505603	5.984e-09
rs11111167	12	102508785	9.695e-07
rs11111168	12	102509931	6.852e-07
rs17529215	12	102510208	6.852e-07
rs11111170	12	102516000	3.091e-05
rs77449222	12	102516843	2.933e-05
rs2036771	12	102517804	2.641e-05
rs77492960	12	102518642	5.401e-07
rs60169308	12	102518871	2.784e-05
rs12369756	12	102522679	5.401e-07
rs11519706	12	102525678	2.744e-09
rs58071346	12	102529154	3.091e-05
rs11111172	12	102529465	5.401e-07
rs10444510	12	102530547	5.401e-07
rs7314597	12	102530802	5.733e-07
rs11111173	12	102531566	5.401e-07
rs11111175	12	102531981	3.256e-05
rs144556549	12	102535875	5.401e-07
rs2002134	12	102537075	3.765e-07
rs11111178	12	102539957	2.744e-09
rs76825149	12	102541667	5.401e-07
rs55772007	12	102545563	3.091e-05
rs75677541	12	102546850	5.261e-09
rs11111182	12	102548135	2.933e-05
rs2102476	12	102548700	2.933e-05
rs74749341	12	102549449	8.517e-09
rs12308006	12	102551112	3.091e-05
rs11111183	12	102551714	3.765e-07
rs11111184	12	102551854	2.93e-09
rs12372134	12	102554133	1.168e-05
rs10860841	12	102555859	2.784e-05
rs11111185	12	102555923	4.932e-09
rs11111187	12	102557199	2.933e-05
rs12424965	12	102561717	2.961e-05
rs11111192	12	102562296	4.512e-07
rs17438571	12	102568101	7.269e-07
rs7308354	12	102571707	4.791e-07
rs56390130	12	102574751	3.805e-09
rs11111196	12	102575625	6.457e-07
rs11111197	12	102579519	6.457e-07
rs1858172	12	102580431	3.256e-05
rs12367012	12	102580673	3.805e-09
rs7310495	12	102584260	4.791e-07
rs1858170	12	102585214	3.256e-05
rs11111200	12	102587924	1.128e-05
rs11111201	12	102588475	3.805e-09
rs17438988	12	102589675	3.339e-09
rs3763972	12	102595075	6.716e-09
rs11111205	12	102595546	4.016e-07
rs10860844	12	102595547	3.118e-05
rs11111206	12	102596270	2.641e-05
rs10507145	12	102599859	2.93e-09
rs12371328	12	102599892	3.138e-07
rs10507144	12	102599937	2.93e-09
rs12371343	12	102599977	2.641e-05
rs12369025	12	102602592	3.335e-07
rs11111210	12	102607288	2.744e-09
rs11111211	12	102608918	2.93e-09
rs7955558	12	102609448	2.377e-05
rs11111212	12	102610368	2.194e-05
rs11111213	12	102610459	2.138e-05
rs11111214	12	102610595	3.339e-09
rs11111215	12	102610678	3.339e-09
rs11111217	12	102614994	2.405e-05
rs10860848	12	102616249	2.377e-05
rs7134488	12	102616650	2.377e-05
rs7138106	12	102617138	2.93e-09
rs75055966	12	102617589	2.93e-09
rs76113774	12	102618809	2.138e-05
rs17032343	12	102622243	2.027e-05
rs76352166	12	102624969	2.252e-09
rs7312533	12	102630296	3.578e-07
rs11111221	12	102632133	2.028e-07
rs7954204	12	102640251	2.401e-07
rs17439974	12	102668833	1.688e-05
rs12367899	12	102670291	3.805e-09
rs7954392	12	102679652	1.361e-07
rs10860850	12	102688454	7.26e-08
rs11111235	12	102688819	4.333e-09
rs11111236	12	102688850	9.643e-08
rs10860851	12	102688934	3.629e-06
rs11111237	12	102688981	1.575e-07
rs10778172	12	102689595	4.388e-06
rs11559894	12	102694586	6.127e-07
rs1949555	12	102698948	4.623e-09
rs1949554	12	102698950	4.06e-09
rs12371296	12	102700691	2.138e-05
rs143511013	12	102705108	5.984e-09
rs12228148	12	102707475	2.892e-05
rs76627874	12	102710172	1.09e-05
rs7969401	12	102713073	6.462e-09
rs11111243	12	102730364	1.166e-07
rs7138782	12	102733149	2.697e-05
rs11111244	12	102734437	1.781e-05
rs10860856	12	102738681	1.086e-07
rs11111247	12	102738993	2.526e-07
rs10860857	12	102749565	3.122e-05
rs10860858	12	102750571	1.191e-05
rs1996656	12	102751962	4.092e-09
rs10860859	12	102753327	5.674e-09
rs11111250	12	102754331	3.144e-09
rs11111251	12	102755689	2.197e-07
rs6539034	12	102763985	2.8e-05
rs12823486	12	102776060	9.096e-07
rs10860860	12	102780833	3.564e-07
rs6219	12	102790192	1.905e-07
rs1520222	12	102797293	4.599e-06
rs11111262	12	102798177	7.658e-08
rs5742694	12	102799236	7.337e-08
rs6539035	12	102800935	7.858e-08
rs978458	12	102802239	3.606e-06
rs9308315	12	102803893	3.833e-06
rs2195242	12	102808464	3.189e-06
rs17727841	12	102809630	8.764e-10
rs4764696	12	102810398	5.968e-08
rs11111267	12	102811239	7.643e-10
rs5742678	12	102814332	3.391e-06
rs5742671	12	102815758	9.383e-10
rs4764884	12	102819599	5.968e-08
rs6539036	12	102821155	5.968e-08
rs10860864	12	102822862	3.689e-10
rs5742667	12	102823478	2.999e-06
rs5742666	12	102823519	4.848e-08
rs972936	12	102824921	3.189e-06
rs2288378	12	102830008	5.968e-08
rs10860865	12	102831722	3.189e-06
rs7296464	12	102834010	5.197e-08
rs5742653	12	102835859	2.65e-06
rs5742643	12	102837863	6.394e-08
rs11111274	12	102838128	2.65e-06
rs7136446	12	102838515	1.014e-06
rs10735380	12	102844236	1.941e-06
rs9651925	12	102845544	1.607e-06
rs12313279	12	102846504	3.241e-05
rs9989002	12	102850223	1.711e-06
rs4764697	12	102853172	1.307e-05
rs5742632	12	102856474	1.765e-05
rs2195240	12	102856647	1.671e-05
rs2195239	12	102856702	1.97e-05
rs7956547	12	102858816	1.107e-05
rs17882461	12	102863979	3.483e-07
rs17796225	12	102866638	1.046e-05
rs17882264	12	102871356	6.554e-06
rs11111287	12	102905863	1.202e-05
rs17797222	12	102913946	1.362e-08
rs11111293	12	102921296	1.92e-07
rs2195243	12	102922986	1.241e-07
rs35761	12	102950048	6.119e-06
rs35760	12	102950218	6.119e-06
rs35759	12	102953895	4.225e-06
rs35758	12	102954184	3.598e-06
rs35757	12	102954256	1.858e-05
rs35756	12	102955034	1.858e-05
rs35755	12	102955973	1.184e-05
rs855207	12	102957468	4.538e-06
rs855205	12	102957866	1.668e-05
rs855204	12	102958013	1.923e-05
rs753479	12	102958562	1.214e-05
rs1078870	12	102958920	1.214e-05
rs1078869	12	102959174	1.274e-05
rs10860877	12	102959565	4.635e-06
rs11111302	12	102959705	1.158e-05
rs11111303	12	102960155	9.552e-06
rs12826453	12	102960854	2.535e-06
rs11111304	12	102961329	8.859e-06
rs11111305	12	102961450	1.124e-05
rs7298152	12	103018987	8.279e-06
rs76565074	12	103025979	8.872e-06
rs12422592	12	103042193	5.075e-06
rs2643672	12	103042299	1.438e-05
rs11111330	12	103043529	8.505e-06
rs3858688	12	103044853	9.66e-06
rs7304265	12	103045339	2.94e-06
rs11111331	12	103046448	5.781e-06
rs2133292	12	103048184	1.029e-05
rs1603817	12	103048826	9.66e-06
rs2088162	12	103049254	1.029e-05
rs4015694	12	103049864	1.029e-05
rs4015696	12	103052064	3.746e-06
rs61942796	12	103055149	5.417e-06
rs61942797	12	103055186	5.075e-06
rs1845675	12	103055343	2.861e-06
rs1845676	12	103055388	2.673e-06
rs1845677	12	103055577	2.498e-06
rs2132250	12	103055960	2.673e-06
rs12825173	12	103056091	4.17e-06
rs10860895	12	103056488	8.943e-07
rs1845679	12	103056679	1.413e-05
rs11837768	12	103056771	5.781e-06
rs1845681	12	103057648	2.498e-06
rs10860896	12	103057968	8.396e-07
rs10860897	12	103058596	4.453e-06
rs10860898	12	103059033	2.619e-06
rs2088163	12	103060105	2.673e-06
rs12228583	12	103060239	5.075e-06
rs12228610	12	103060284	5.075e-06
rs2643698	12	103060678	2.861e-06
rs12823101	12	103061049	5.417e-06
rs61942840	12	103061419	5.417e-06
rs34041028	12	103061495	5.417e-06
rs34088617	12	103061563	5.075e-06
rs11111334	12	103061679	8.943e-07
rs746152	12	103063548	6.168e-06
rs703593	12	103064247	1.185e-05
rs937469	12	103064395	5.781e-06
rs10082812	12	103065491	5.781e-06
rs6539042	12	103065503	1.014e-06
rs1498673	12	103067210	5.781e-06
rs1498674	12	103067437	3.061e-06
rs7961832	12	103069857	7.979e-06
rs833718	12	103071086	5.034e-06
rs10860900	12	103071761	1.302e-06
rs7305140	12	103072059	9.217e-06
rs1874871	12	103073891	1.533e-05
rs703595	12	103074539	1.778e-05
rs12321876	12	103074758	1.111e-05
rs12302095	12	103074769	1.185e-05
rs10860902	12	103075047	7.882e-07
rs7296248	12	103077198	1.855e-05
rs6539043	12	103077218	1.741e-05
rs7296618	12	103077284	1.976e-05
rs2101831	12	103078669	1.741e-05
rs7316809	12	103079939	1.533e-05
rs2373825	12	103090921	1.18e-06
rs10860904	12	103093498	1.18e-06
rs10860905	12	103097205	1.543e-06
rs10778190	12	103099425	1.343e-06
rs2373826	12	103112033	1.294e-05
rs11111351	12	103113703	1.379e-05
rs17033114	12	103123339	1.18e-07
rs2172873	12	103125690	1.363e-05
rs10745951	12	103149066	3.746e-06
rs9634170	12	115631784	2.042e-05
rs4767305	12	115648751	3.241e-05
rs3751151	12	121442199	4.119e-06
rs12309537	12	121444673	2.997e-06
rs7300883	12	121459440	2.307e-05
rs2708081	12	121463288	5.755e-06
rs4318495	12	14483481	1.976e-05
rs2160726	12	14484171	2.274e-05
rs6488673	12	14488573	3.059e-05
rs6488674	12	14488914	2.104e-05
rs6488675	12	14488949	2.539e-05
rs4763381	12	14489388	2.876e-05
rs4764078	12	14489441	2.876e-05
rs4764080	12	14489551	3.285e-05
rs2900328	12	14490083	2.386e-05
rs10845979	12	14492516	1.976e-05
rs113241531	12	14494416	3.254e-05
rs7980871	12	14494994	2.386e-05
rs4764082	12	14495513	2.386e-05
rs10744060	12	14498809	2.539e-05
rs11055943	12	14500802	3.059e-05
rs11055946	12	14506131	2.386e-05
rs12320629	12	14506611	3.059e-05
rs7964696	12	14507741	3.254e-05
rs11055949	12	14509652	2.386e-05
rs10845984	12	14509713	2.104e-05
rs10845985	12	14511348	2.104e-05
rs10845987	12	14520241	1.976e-05
rs12228415	12	14520701	2.241e-05
rs10845988	12	14521182	2.241e-05
rs7308067	12	14523147	3.254e-05
rs11055953	12	14524498	2.573e-05
rs11055954	12	14524499	2.573e-05
rs6488680	12	14528794	3.254e-05
rs11055958	12	14535879	3.254e-05
rs35309068	12	14535908	1.976e-05
rs11055960	12	14536666	2.241e-05
rs10772776	12	14540137	3.254e-05
rs7966054	12	14551025	1.438e-05
rs7137363	12	14551485	3.059e-05
rs11055965	12	14552845	1.976e-05
rs7302054	12	14553711	2.703e-05
rs2417348	12	14563842	3.059e-05
rs11055969	12	14579235	2.876e-05
rs11055971	12	14585079	2.539e-05
rs7964899	12	14595756	1.634e-05
rs10845998	12	14598050	1.741e-05
rs11055979	12	14607934	2.386e-05
rs2058877	12	14609082	3.254e-05
rs962504	12	14610439	2.386e-05
rs11055980	12	14611522	1.741e-05
rs4764090	12	14612323	1.855e-05
rs4764091	12	14612504	2.539e-05
rs2098545	12	14637462	2.386e-05
rs7298016	12	14637994	2.386e-05
rs4764093	12	14643528	2.386e-05
rs4764094	12	14643717	2.104e-05
rs7304399	12	14645350	2.104e-05
rs10846154	12	15314054	2.953e-07
rs11056382	12	15319722	2.944e-05
rs17835058	12	15321802	2.906e-07
rs2216226	12	15325779	2.123e-07
rs7314224	12	15328002	2.408e-07
rs17762368	12	15333860	2.906e-07
rs58368403	12	15359047	1.347e-08
rs7303595	12	15359063	9.102e-09
rs7303854	12	15359241	1.065e-08
rs7973089	12	15360454	1.574e-08
rs7965989	12	15361715	1.347e-08
rs7969197	12	15362066	1.065e-08
rs10846159	12	15363407	1.152e-08
rs11056399	12	15365510	1.246e-08
rs11056400	12	15365558	1.456e-08
rs73065457	12	15366321	1.456e-08
rs7980227	12	15367715	2.144e-08
rs7977262	12	15367769	1.456e-08
rs12322836	12	15368093	1.246e-08
rs7955309	12	15368198	1.006e-08
rs7965695	12	15368644	1.179e-08
rs17835113	12	15369665	1.065e-08
rs16910692	12	15370010	1.006e-08
rs767201	12	15370878	1.276e-08
rs12312583	12	15371606	1.152e-08
rs12320285	12	15372062	1.381e-08
rs1382803	12	15372662	9.288e-09
rs6488766	12	15374630	1.347e-08
rs961176	12	15375619	9.848e-09
rs34562067	12	15375929	9.848e-09
rs7297771	12	15376420	1.152e-08
rs11056403	12	15377717	1.246e-08
rs11056404	12	15378291	1.179e-08
rs12300553	12	15381210	1.347e-08
rs7310253	12	15381237	1.837e-08
rs7299887	12	15381505	1.276e-08
rs7358676	12	15382293	1.065e-08
rs11056409	12	15382567	1.837e-08
rs11056410	12	15382815	1.065e-08
rs17347323	12	15383037	1.065e-08
rs56269213	12	15383650	1.152e-08
rs56232194	12	15383683	1.985e-08
rs12301533	12	15384217	1.152e-08
rs12303992	12	15386448	1.152e-08
rs1479405	12	15387519	1.701e-08
rs1479406	12	15387543	1.701e-08
rs12580168	12	15387773	1.152e-08
rs12307658	12	15388131	1.837e-08
rs12307666	12	15388204	2.144e-08
rs12309210	12	15388361	1.837e-08
rs12311304	12	15389637	1.701e-08
rs12310061	12	15390019	1.985e-08
rs56148413	12	15391157	1.701e-08
rs1479407	12	15391524	1.065e-08
rs7302643	12	15394463	1.246e-08
rs12580862	12	15395548	5.655e-09
rs16910711	12	15395799	1.456e-08
rs1120565	12	15401796	1.152e-08
rs12307681	12	15402932	8.411e-09
rs12309172	12	15403226	1.347e-08
rs56090796	12	15406228	3.465e-09
rs11056412	12	15406943	5.655e-09
rs12578517	12	15407185	5.655e-09
rs12579002	12	15409959	5.996e-08
rs73055254	12	15411547	6.124e-09
rs28410854	12	15411810	5.22e-09
rs9787983	12	15412898	5.153e-08
rs12296735	12	15412945	5.153e-08
rs7132318	12	15415874	4.776e-08
rs7132337	12	15416115	7.516e-08
rs9787991	12	15417022	8.73e-08
rs9788111	12	15417254	6.972e-08
rs73055263	12	15417595	7.772e-09
rs12317636	12	15420288	9.102e-09
rs7956696	12	15422505	1.202e-06
rs9788092	12	15422843	1.086e-07
rs12315037	12	15424108	1.166e-07
rs73055272	12	15427487	8.764e-08
rs12317051	12	15428939	8.543e-08
rs11056414	12	15429864	1.252e-07
rs2417432	12	15430956	1.443e-07
rs1117153	12	15437905	4.747e-08
rs1117152	12	15438032	4.092e-08
rs10082839	12	15447714	1.252e-07
rs2417434	12	15449761	1.443e-07
rs28832932	12	15452087	1.011e-07
rs12299598	12	15454217	9.415e-08
rs10466855	12	15455927	9.187e-08
rs10466856	12	15456242	8.156e-08
rs1600334	12	15459404	1.166e-07
rs73055297	12	15460015	8.764e-08
rs11056422	12	15461785	7.59e-08
rs1479410	12	15463417	7.59e-08
rs10161274	12	15465378	1.166e-07
rs10161242	12	15465854	9.415e-08
rs12317475	12	15468046	6.568e-08
rs12306807	12	15472354	1.443e-07
rs12580434	12	15473696	1.344e-07
rs12582073	12	15473750	5.858e-08
rs73057216	12	15474108	1.252e-07
rs73057218	12	15474585	1.443e-07
rs11056429	12	15474823	1.011e-07
rs73057219	12	15475227	1.011e-07
rs56354312	12	15476069	1.011e-07
rs7304487	12	15477683	3.798e-08
rs73057222	12	15480619	1.086e-07
rs113575405	12	15480908	1.011e-07
rs13313237	12	15481326	7.59e-08
rs11833467	12	15491164	1.011e-07
rs11831965	12	15491823	8.156e-08
rs11836121	12	15495470	1.011e-07
rs12312525	12	15496651	8.764e-08
rs10083121	12	15496734	7.061e-08
rs73057230	12	15497573	9.415e-08
rs16910766	12	15497636	1.011e-07
rs11056432	12	15497905	8.764e-08
rs11056433	12	15497942	9.415e-08
rs11056434	12	15498466	1.011e-07
rs11056435	12	15499636	2.254e-05
rs11056436	12	15500036	1.011e-07
rs11056437	12	15500105	9.415e-08
rs11056438	12	15500176	9.415e-08
rs11056439	12	15500183	9.415e-08
rs11056440	12	15501355	9.415e-08
rs11056441	12	15501428	8.764e-08
rs73057240	12	15501860	7.59e-08
rs1870695	12	15502404	9.415e-08
rs56195914	12	15503405	8.156e-08
rs56017619	12	15503408	7.59e-08
rs56060060	12	15505312	6.568e-08
rs16910770	12	15505731	8.764e-08
rs1304738	12	15506641	1.086e-07
rs1304739	12	15506906	2.41e-07
rs11831208	12	15507223	3.963e-06
rs1461034	12	15508221	1.911e-07
rs55716164	12	15508743	1.911e-07
rs11056447	12	15512044	2.049e-07
rs11056448	12	15512137	1.782e-07
rs11056449	12	15512617	2.356e-07
rs12297543	12	15512864	2.356e-07
rs11056450	12	15514277	1.809e-07
rs1034504	12	15514827	1.469e-07
rs1157937	12	15515239	1.939e-07
rs11056452	12	15515716	1.809e-07
rs10846167	12	15515945	7.688e-06
rs56029389	12	15517379	1.688e-07
rs56361757	12	15517492	1.688e-07
rs10160901	12	15517754	1.809e-07
rs10161094	12	15517979	1.469e-07
rs10161193	12	15520003	1.884e-06
rs55867853	12	15523367	2.129e-06
rs56364377	12	15523959	1.966e-07
rs55754731	12	15532891	1.762e-06
rs10846170	12	15533131	1.737e-05
rs73301698	12	15539771	2.261e-07
rs2008652	12	15543420	3.094e-07
rs1318878	12	15543479	2.408e-07
rs11056455	12	15543744	2.332e-08
rs11056456	12	15543758	3.504e-07
rs55851576	12	15543906	3.293e-07
rs983798	12	15543931	3.094e-07
rs983799	12	15544073	3.094e-07
rs983800	12	15544399	2.174e-08
rs1461032	12	15544888	1.106e-06
rs11056457	12	15545128	2.332e-08
rs7135743	12	15545143	1.888e-08
rs7304584	12	15545181	3.293e-07
rs7136113	12	15545446	8.763e-09
rs12320690	12	15546158	3.094e-07
rs60023910	12	15546774	3.293e-07
rs61307591	12	15546827	3.094e-07
rs984562	12	15547178	2.564e-07
rs984561	12	15547275	2.332e-08
rs1599368	12	15547632	2.174e-08
rs1599367	12	15547680	2.501e-08
rs77362355	12	15547710	2.564e-07
rs66716825	12	15554246	2.332e-08
rs11056460	12	15557080	1.425e-05
rs11056461	12	15558466	3.728e-07
rs7964436	12	15561776	2.237e-06
rs10846171	12	15561799	6.127e-07
rs74069060	12	15563360	3.983e-06
rs7962905	12	15568509	1.68e-07
rs4451810	12	26404284	1.029e-05
rs2343874	12	26409450	1.294e-05
rs7963683	12	26413116	1.379e-05
rs9668337	12	26426338	8.477e-07
rs9668810	12	26426420	7.945e-07
rs9300169	12	26426671	7.945e-07
rs7959150	12	26428063	8.436e-07
rs7974900	12	26428677	9.584e-07
rs7974902	12	26428685	3.071e-07
rs7975017	12	26428793	1.968e-07
rs10842700	12	26430361	7.421e-07
rs6487542	12	26435223	4.332e-07
rs10842701	12	26436315	6.376e-06
rs6487543	12	26438189	9.03e-08
rs10844589	12	33568844	2.241e-05
rs7138393	12	33590787	2.009e-05
rs12370372	12	43590422	1.458e-05
rs1514676	12	43599314	2.722e-05
rs11181940	12	43612967	2.564e-05
rs11614913	12	54385599	1.712e-08
rs1109391	12	54387377	6.161e-07
rs3803042	12	54387947	6.969e-09
rs4759316	12	54388473	6.167e-07
rs2241820	12	54394497	1.654e-06
rs12313705	12	54395054	2.034e-06
rs12300425	12	54395082	4.005e-06
rs1867297	12	54396971	2.034e-06
rs11170785	12	54407290	3.275e-06
rs4759317	12	54407297	1.631e-06
rs11170786	12	54407441	4.282e-06
rs894738	12	54417525	4.01e-07
rs736825	12	54417576	8.121e-07
rs894737	12	54418143	4.629e-07
rs894736	12	54418166	4.972e-07
rs2077177	12	54418857	8.505e-06
rs754133	12	54418920	4.309e-07
rs12426399	12	54419910	5.733e-07
rs4759318	12	54420098	5.339e-07
rs12319419	12	54420776	1.156e-06
rs10876528	12	54421476	1.079e-06
rs10876529	12	54421810	1.079e-06
rs7308105	12	54424123	1.006e-06
rs4759319	12	54424731	7.606e-07
rs10876530	12	54424872	1.239e-06
rs56270790	12	54425000	1.079e-06
rs2071449	12	54428011	1.156e-06
rs2071450	12	54428532	1.327e-06
rs61921797	12	54428747	1.156e-06
rs12422600	12	54429385	1.84e-06
rs765634	12	54432997	1.224e-05
rs4759320	12	54433011	3.002e-05
rs12810024	12	57331444	1.715e-05
rs1072670	12	57342100	2.451e-05
rs11836517	12	57343892	1.469e-05
rs746049	12	57349039	2.862e-05
rs67771054	12	57349813	3.091e-05
rs12815538	12	57352871	2.753e-05
rs12816090	12	57353192	2.649e-05
rs61539289	12	57356239	2.222e-05
rs60258120	12	57356240	2.308e-05
rs12812499	12	57359643	3.212e-05
rs1843311	12	57361414	3.338e-05
rs1843313	12	57361594	3.212e-05
rs73131120	12	57387986	1.558e-05
rs67476535	12	57388110	1.614e-05
rs2279373	12	57388198	1.794e-05
rs12099695	12	57388569	1.794e-05
rs35493121	12	57390038	1.993e-05
rs68126184	12	57390681	1.504e-05
rs58298943	12	57391292	1.13e-05
rs60273384	12	57391473	1.504e-05
rs3803018	12	57394123	1.378e-06
rs2371717	12	57394654	1.732e-05
rs4016338	12	57399015	2.064e-05
rs7972615	12	57399556	6.32e-06
rs113025694	12	57403340	4.895e-06
rs73114426	12	57405049	4.548e-06
rs733629	12	57406444	4.548e-06
rs17119327	12	57408740	4.719e-06
rs17119330	12	57409239	4.548e-06
rs73114428	12	57409381	4.548e-06
rs2291855	12	57410191	5.464e-06
rs57558853	12	57410908	5.877e-06
rs149369129	12	57412114	3.781e-06
rs10400555	12	57414228	3.51e-06
rs10400412	12	57414340	4.719e-06
rs113665742	12	57414582	3.643e-06
rs73114434	12	57414959	4.225e-06
rs76027621	12	57415183	4.384e-06
rs73114436	12	57415254	4.384e-06
rs73114437	12	57421279	3.139e-06
rs17119344	12	57422934	2.912e-06
rs56128678	12	57423197	3.781e-06
rs56354404	12	57423848	2.805e-06
rs56270558	12	57423932	2.805e-06
rs755221	12	57425146	2.701e-06
rs1552245	12	57425965	2.602e-06
rs73114446	12	57427327	2.602e-06
rs17119352	12	57427591	2.505e-06
rs75249987	12	57428173	2.505e-06
rs117270067	12	57428302	2.505e-06
rs73114452	12	57428442	2.505e-06
rs138851352	12	57428681	2.413e-06
rs58389529	12	57428728	2.862e-05
rs61504157	12	57429331	3.51e-06
rs73114457	12	57436429	2.323e-06
rs73114459	12	57436745	2.413e-06
rs17119386	12	57439217	3.924e-06
rs2270737	12	57442139	3.781e-06
rs2270736	12	57442181	2.602e-06
rs3782330	12	57442566	4.225e-06
rs3782329	12	57442634	3.924e-06
rs17119388	12	57443117	3.924e-06
rs73114467	12	57443287	2.701e-06
rs73114468	12	57443292	2.701e-06
rs17119390	12	57444574	9.215e-07
rs112855268	12	57446810	1.649e-06
rs73114472	12	57448090	8.191e-07
rs4039	12	57449610	8.519e-07
rs1044939	12	57449705	1.165e-06
rs10506351	12	57450840	7.874e-07
rs17119407	12	57452308	8.803e-07
rs73116494	12	57459209	1.12e-06
rs7135297	12	57460019	1.202e-05
rs7298475	12	57462025	8.191e-07
rs73116501	12	57462954	1.12e-06
rs17119416	12	57464316	1.078e-06
rs34762603	12	57464381	1.165e-06
rs7962771	12	57466843	1.623e-06
rs79563920	12	57466999	6.795e-06
rs112596414	12	57467255	9.884e-07
rs111432418	12	57467271	9.15e-07
rs113094827	12	57467898	1.343e-06
rs17119418	12	57472749	8.191e-07
rs73118413	12	57474013	1.505e-06
rs115263762	12	57474552	1.623e-06
rs141773786	12	57475601	2.117e-05
rs171597	12	95404184	1.961e-05
rs249141	12	95434116	8.407e-06
rs703692	12	95452528	1.357e-05
rs12316136	12	95472089	1.205e-05
rs7358643	12	95489131	9.385e-07
rs12310399	12	95490248	1.156e-06
rs7137731	12	95490999	1.079e-06
rs7298841	12	95496713	2e-06
rs6538589	12	95498219	1.9e-05
rs111915453	12	95499711	2.826e-05
rs7138545	12	95500727	1.869e-06
rs6538591	12	95502519	2.801e-06
rs6538592	12	95502747	1.631e-06
rs7306300	12	95503503	1.631e-06
rs12319710	12	95504047	1.422e-06
rs11107897	12	95504259	1.631e-06
rs11107898	12	95504384	1.746e-06
rs4132527	12	95504626	1.327e-06
rs6538593	12	95505524	1.523e-06
rs6538594	12	95506547	1.239e-06
rs6538595	12	95506623	1.523e-06
rs10859831	12	95507069	1.422e-06
rs11107902	12	95507968	1.523e-06
rs11836398	12	95508109	1.523e-06
rs7484972	12	95508478	1.523e-06
rs55880537	12	95509104	3.207e-05
rs6538596	12	95509766	1.523e-06
rs7977572	12	95510360	1.523e-06
rs12578168	12	95511321	2.165e-05
rs9919687	12	95512031	1.958e-05
rs6538597	12	95513197	1.006e-06
rs10735328	12	95514941	1.156e-06
rs7308047	12	95515941	1.156e-06
rs6538598	12	95516843	1.608e-06
rs11107905	12	95517411	7.606e-07
rs11107906	12	95517707	3.567e-06
rs7954260	12	95518223	1.958e-05
rs10859835	12	95520421	4.309e-07
rs7300443	12	95520896	1.405e-06
rs10859837	12	95522289	1.347e-08
rs7959849	12	95523654	2.737e-09
rs7960157	12	95523730	2.737e-09
rs59417306	12	95525541	3.027e-05
rs6538602	12	95525641	1.973e-09
rs7970810	12	95525893	1.973e-09
rs9804833	12	95526012	5.22e-09
rs7971041	12	95526019	1.973e-09
rs7957829	12	95528087	1.973e-09
rs61937896	12	95538607	2.335e-05
rs61937899	12	95544358	2.005e-05
rs61937919	12	95552397	1.637e-05
rs12312350	12	95552876	6.52e-06
rs61937921	12	95559405	1.691e-05
rs4762624	12	95561885	1.155e-05
rs11832540	12	95562538	1.103e-10
rs7136350	12	95564940	2.912e-10
rs7973048	12	95565570	1.485e-05
rs61937922	12	95565707	1.485e-05
rs7961230	12	95565867	8.406e-11
rs73223692	12	95565980	1.764e-05
rs6419373	12	95567465	7.005e-11
rs55851053	12	95567809	1.437e-05
rs7488543	12	95567830	1.822e-05
rs61695955	12	95568432	1.881e-05
rs11107925	12	95569637	3.689e-10
rs11609860	12	95572027	1.876e-07
rs10859844	12	95573040	7.005e-11
rs67905848	12	95574728	1.601e-05
rs10777670	12	95574831	3.434e-10
rs4128507	12	95577884	3.434e-10
rs61937925	12	95579088	1.318e-05
rs4762660	12	95583662	3.961e-10
rs57456549	12	95584015	1.275e-05
rs56030284	12	95584696	1.392e-05
rs67066162	12	95585416	1.047e-05
rs6538615	12	95587856	4.036e-11
rs10859846	12	95590481	3.212e-05
rs68062797	12	95590836	7.77e-06
rs10859847	12	95591533	2.391e-05
rs60955350	12	95591655	8.306e-06
rs58434296	12	95591877	7.77e-06
rs7309080	12	95592206	5.316e-11
rs7309426	12	95592272	7.18e-11
rs61937946	12	95601165	7.267e-06
rs10777674	12	95601584	3.16e-10
rs10777675	12	95602319	2.025e-11
rs61937947	12	95605384	8.034e-06
rs7976767	12	95605549	3.158e-08
rs60649734	12	95608517	7.77e-06
rs66551640	12	95609276	7.77e-06
rs10777676	12	95609305	1.957e-10
rs67304054	12	95609338	8.306e-06
rs7310833	12	95610220	4.506e-13
rs6538617	12	95611141	1.957e-10
rs6538618	12	95611185	4.998e-13
rs61937949	12	95614831	9.177e-06
rs10859853	12	95614953	6.943e-13
rs56130152	12	95615445	2.207e-05
rs1488643	12	95616085	1.14e-10
rs1873051	12	95616122	1.917e-10
rs923371	12	95616609	1.532e-08
rs10777677	12	95617829	5.664e-13
rs61937950	12	95618682	1.601e-05
rs61937951	12	95619739	1.601e-05
rs61937952	12	95619797	1.654e-05
rs10859854	12	95621923	1.419e-08
rs6538620	12	95623284	1.332e-10
rs57309969	12	95623773	1.406e-05
rs10859855	12	95624576	1.14e-10
rs6538621	12	95625480	1.14e-10
rs6538622	12	95627237	1.621e-13
rs10777678	12	95628466	1.419e-12
rs61937954	12	95630640	1.501e-05
rs7980356	12	95630658	1.314e-08
rs61541373	12	95630906	1.764e-05
rs10859856	12	95631276	1.047e-13
rs10859857	12	95631556	4.617e-13
rs12369055	12	95633557	4.337e-10
rs61937956	12	95636205	1.634e-05
rs1873052	12	95637234	9.03e-11
rs56152405	12	95638252	1.55e-05
rs10859858	12	95639676	3.061e-13
rs10859859	12	95641522	9.762e-11
rs68187856	12	95641629	1.453e-05
rs10161330	12	95642168	3.394e-13
rs7967229	12	95643298	8.408e-14
rs1964592	12	95644008	7.685e-13
rs12320196	12	95645385	6.744e-14
rs56075446	12	95645575	1.55e-05
rs12315763	12	95646229	3.356e-05
rs7954978	12	95647235	3.061e-13
rs4762308	12	95649013	6.744e-14
rs10859861	12	95649270	3.111e-05
rs12368315	12	95649548	3.231e-05
rs12368359	12	95649762	3.111e-05
rs3751272	12	95651093	7.142e-11
rs6538625	12	95653741	1.419e-08
rs7296348	12	95654181	1.419e-08
rs12305760	12	95656936	9.762e-11
rs17023855	12	95657955	1.406e-05
rs10777679	12	95658282	4.061e-13
rs7957257	12	95658769	3.394e-13
rs1038652	12	95659012	3.394e-13
rs17023860	12	95659654	1.406e-05
rs10859863	12	95661809	4.506e-13
rs2886933	12	95665912	7.724e-11
rs2367305	12	95666098	1.654e-08
rs4762161	12	95666323	7.724e-11
rs17023875	12	95666843	1.318e-05
rs4471514	12	95667337	4.061e-13
rs3816838	12	95668437	3.394e-13
rs4762326	12	95668951	4.506e-13
rs7959433	12	95671200	1.406e-05
rs4762327	12	95671324	7.724e-11
rs10745720	12	95671904	7.724e-11
rs11107959	12	95672642	4.061e-13
rs7967299	12	95673184	3.394e-13
rs4762166	12	95675407	3.394e-13
rs10859866	12	95676984	1.786e-08
rs12371088	12	95678387	3.394e-13
rs12423799	12	95679109	7.814e-13
rs7305909	12	95679700	1.927e-08
rs58559529	12	95681851	1.318e-05
rs7137252	12	95683469	3.356e-05
rs4762337	12	95686394	5.641e-11
rs7309226	12	95687428	6.603e-11
rs7309252	12	95687497	3.659e-13
rs4762340	12	95688540	1.819e-09
rs11107968	12	95690444	1.819e-09
rs4762342	12	95690996	1.819e-09
rs17041180	12	95691067	2.966e-05
rs4417384	12	95691539	6.603e-11
rs10859868	12	95691905	2.983e-05
rs7976638	12	95693407	1.927e-08
rs14121	12	95694394	3.94e-08
rs1046007	12	95694547	6.122e-06
rs4762347	12	95695641	5.214e-11
rs3596	12	95696420	4.061e-13
rs1387047	12	95698006	1.546e-09
rs7966079	12	95699240	3.659e-13
rs61939803	12	95699440	1.275e-05
rs10777683	12	95699929	1.677e-09
rs11107973	12	95702385	1.327e-06
rs17023951	12	95703414	1.068e-05
rs73227451	12	95703482	1.104e-05
rs66511039	12	95704289	1.104e-05
rs17023960	12	95704583	1.068e-05
rs4762354	12	95704988	2.176e-08
rs17023968	12	95705532	1.068e-05
rs7300457	12	95706225	1.973e-09
rs10745721	12	95707761	9.372e-11
rs10777684	12	95709315	6.366e-11
rs7308919	12	95710096	1.677e-09
rs11107975	12	95711543	1.425e-09
rs11107976	12	95711682	2.315e-09
rs10859871	12	95711876	1.677e-09
rs4762173	12	95712695	1.425e-09
rs2057487	13	100525154	1.417e-05
rs2057488	13	100525155	1.343e-05
rs7335739	13	100525859	9.881e-06
rs6491535	13	100525909	4.082e-06
rs2057489	13	100527147	1.581e-05
rs4772249	13	100527623	2.584e-05
rs4772250	13	100527709	2.197e-05
rs1987492	13	100529975	2.878e-05
rs9557323	13	100530936	2.727e-05
rs8002475	13	100531456	1.778e-05
rs9554646	13	100535143	9.563e-06
rs9557325	13	100541046	8.812e-06
rs75733987	13	38872459	2.757e-05
rs79960506	13	47127953	3.219e-05
rs9567701	13	47128266	3.061e-06
rs75154776	13	50477325	1.558e-05
rs12584122	13	50478967	1.322e-05
rs61960398	13	50481158	1.034e-05
rs111685957	13	50486653	1.083e-05
rs12585966	13	50497897	1.134e-05
rs76776626	13	50498305	1.242e-05
rs55869555	13	50498787	1.322e-05
rs59086590	13	50498925	8.407e-06
rs61960442	13	50499849	1.361e-05
rs41308548	13	50501880	1.301e-05
rs7995557	13	50502901	1.301e-05
rs55727821	13	50504455	1.491e-05
rs2181267	13	50506066	1.083e-05
rs2181268	13	50506103	1.083e-05
rs12100038	13	50507616	1.491e-05
rs61960446	13	50508971	1.134e-05
rs9670083	13	50510199	1.301e-05
rs74078717	13	50510752	1.361e-05
rs1807033	13	50512864	1.425e-05
rs7328892	13	50515166	1.491e-05
rs55638467	13	50520199	1.633e-05
rs61960449	13	50522380	1.491e-05
rs61960450	13	50522607	1.491e-05
rs7336477	13	50528339	2.002e-05
rs61960454	13	50529608	1.361e-05
rs61960455	13	50529886	1.425e-05
rs7986432	13	50533493	1.425e-05
rs7997305	13	50534698	1.425e-05
rs7992903	13	50535677	1.361e-05
rs59931782	13	50539874	1.187e-05
rs12583823	13	50540833	2.283e-05
rs6561571	13	50547126	1.491e-05
rs112898259	13	50547939	1.361e-05
rs61961263	13	50547954	1.425e-05
rs2407882	13	50550081	1.491e-05
rs6561572	13	50551078	1.491e-05
rs7994224	13	50552184	1.491e-05
rs7319351	13	50559216	1.425e-05
rs57230741	13	50559905	1.425e-05
rs17073655	13	50560058	1.301e-05
rs12583652	13	50564506	1.491e-05
rs7997638	13	50564845	1.491e-05
rs7334063	13	50569916	1.491e-05
rs60583460	13	50573576	1.491e-05
rs2066540	13	50574701	2.49e-05
rs61961298	13	50576796	2.49e-05
rs7990502	13	50577868	1.56e-05
rs2066546	13	50580080	1.56e-05
rs2066547	13	50580089	2.384e-05
rs112834585	13	50581606	2.601e-05
rs61961299	13	50582359	1.56e-05
rs7984332	13	50584151	1.633e-05
rs66756338	13	50590838	1.242e-05
rs60828549	13	50591342	1.242e-05
rs2066552	13	50592874	1.242e-05
rs61961302	13	50593845	1.242e-05
rs112972759	13	50596182	1.361e-05
rs2066553	13	50596333	1.361e-05
rs17073682	13	50607021	1.425e-05
rs2066555	13	50609058	2.259e-05
rs9562960	13	50933691	5.63e-06
rs1924372	13	50945600	2.849e-06
rs11617234	13	50948954	1.799e-07
rs9562962	13	50949857	2.729e-06
rs8000875	13	50950604	2.849e-06
rs9568397	13	50955295	2.729e-06
rs9568398	13	50955983	2.729e-06
rs9568399	13	50957052	5.667e-06
rs9568400	13	50958930	2.613e-06
rs9562963	13	50959168	6.53e-06
rs9568401	13	50960296	2.502e-06
rs471315	13	50961493	6.137e-07
rs9562964	13	50961598	6.304e-07
rs9568402	13	50961957	1.543e-06
rs9316495	13	50963364	1.638e-08
rs7334326	13	50967732	1.294e-08
rs9634832	13	50968844	1.282e-06
rs9568403	13	50972634	1.693e-06
rs7327154	13	50973962	1.407e-06
rs9562965	13	50974292	3.151e-06
rs9568404	13	50974915	1.407e-06
rs35824953	13	50975876	3.151e-06
rs9568405	13	50979655	1.564e-07
rs9562966	13	50987152	2.034e-06
rs9562967	13	50987202	1.943e-06
rs58633776	13	50988819	8.306e-06
rs719103	13	50996660	1.543e-06
rs9568406	13	50996895	1.943e-06
rs9568407	13	51000697	1.543e-06
rs9568408	13	51001048	1.407e-06
rs9562968	13	51001285	1.473e-06
rs8000329	13	51002005	1.693e-06
rs8000921	13	51002280	1.616e-06
rs7983762	13	51002526	1.473e-06
rs9562970	13	51002615	1.693e-06
rs9568409	13	51003531	1.693e-06
rs60174965	13	51004637	2.884e-06
rs7996632	13	51004824	1.473e-06
rs9562972	13	51009962	1.473e-06
rs9634834	13	51011458	1.693e-06
rs56075206	13	51015251	1.616e-06
rs9568410	13	51016936	1.543e-06
rs56023535	13	51017024	1.693e-06
rs17074346	13	51018722	4.5e-08
rs61962133	13	51018882	1.943e-06
rs9562973	13	51019018	1.856e-06
rs9568412	13	51023025	2.673e-06
rs9568413	13	51025399	2.229e-06
rs17074358	13	51030744	1.943e-06
rs1359860	13	51031510	2.333e-06
rs9568414	13	51033268	1.856e-06
rs9568415	13	51033391	1.856e-06
rs1327644	13	51033752	2.333e-06
rs9562974	13	51035079	2.229e-06
rs9568416	13	51035164	4.761e-08
rs61962135	13	51035879	1.943e-06
rs67618912	13	51037824	4.253e-08
rs9568417	13	51037894	2.766e-06
rs9562975	13	51038887	2.889e-06
rs9562976	13	51039576	2.647e-06
rs12431131	13	51039751	1.616e-06
rs12428189	13	51039933	1.772e-06
rs149873	13	51041227	6.986e-06
rs9316496	13	51041880	1.476e-07
rs10492410	13	51042258	1.568e-07
rs9568418	13	51042466	4.253e-08
rs9568419	13	51043194	2.711e-06
rs9316497	13	51043788	4.253e-08
rs60379059	13	51048404	3.252e-06
rs9568422	13	51050640	3.108e-06
rs9568423	13	51050749	3.108e-06
rs9568424	13	51050978	3.108e-06
rs9568425	13	51051074	2.97e-06
rs9568426	13	51051206	5.037e-08
rs9562980	13	51051302	2.363e-06
rs9568427	13	51051311	2.058e-06
rs9568428	13	51051321	2.058e-06
rs9562981	13	51052353	2.838e-06
rs9562982	13	51052475	2.97e-06
rs9568429	13	51052741	2.97e-06
rs9568430	13	51052821	3.403e-06
rs61964386	13	51054978	3.108e-06
rs1028862	13	51055134	4.019e-08
rs9568433	13	51057600	4.5e-08
rs61964388	13	51061980	3.632e-07
rs76725931	14	93064786	2.684e-05
rs11160078	14	93068421	6.365e-06
rs11628180	14	93068516	4.719e-06
rs72697295	14	93069980	6.966e-06
rs72697297	14	93069989	1.173e-06
rs78440108	14	93070286	1.367e-06
rs72697299	14	93070367	1.111e-06
rs10137832	14	93070444	4.263e-07
rs12894135	14	93070687	4.005e-06
rs11628803	14	93070764	3.503e-06
rs9671709	14	93071315	4e-07
rs9671271	14	93071337	1.931e-06
rs9671272	14	93071357	2.07e-06
rs77503186	14	93071536	1.111e-06
rs72699804	14	93071806	1.111e-06
rs75662783	14	93072152	1.111e-06
rs2146498	14	93072269	2.73e-06
rs35629566	14	93072317	1.111e-06
rs2181381	14	93072402	2.219e-06
rs75070309	14	93072476	1.173e-06
rs8014738	14	93073119	1.8e-06
rs4904957	14	93073965	1.931e-06
rs79596128	14	93074447	1.111e-06
rs11160079	14	93075449	1.931e-06
rs1887557	14	93075640	4.791e-07
rs12432064	14	93075824	1.931e-06
rs12886904	14	93076383	2.735e-05
rs12887109	14	93076470	2.498e-06
rs12887586	14	93076526	2.498e-06
rs35031524	14	93077388	1.678e-06
rs34640073	14	93077510	2.498e-06
rs72699818	14	93077611	9.428e-07
rs61975785	14	93077688	1.678e-06
rs7156409	14	93077714	2.179e-06
rs7156927	14	93077875	2.179e-06
rs7157252	14	93077891	2.333e-06
rs7157273	14	93077930	2.333e-06
rs7161719	14	93078017	2.179e-06
rs7161494	14	93078152	2.179e-06
rs7140450	14	93078166	2.179e-06
rs112370326	14	93078333	7.566e-07
rs9323879	14	93080192	6.199e-06
rs749647	14	93080703	3.303e-07
rs8010344	14	93086918	2.292e-07
rs7141996	14	93094298	1.09e-07
rs11623779	14	93096391	1.158e-07
rs11621587	14	93098339	1.025e-07
rs72699846	14	93098617	8.021e-08
rs11627441	14	93099234	7.541e-08
rs4904964	14	93099867	9.844e-07
rs7146689	14	93100024	7.089e-08
rs8015224	14	93101074	9.206e-07
rs55977629	14	93101947	1.181e-08
rs17184313	14	93102251	7.089e-08
rs10498635	14	93103309	9.069e-08
rs7143806	14	93103729	7.089e-08
rs4900138	14	93104025	9.844e-07
rs11627032	14	93104072	9.584e-07
rs72699855	14	93105953	7.839e-08
rs1075472	14	93108131	1.389e-07
rs734206	14	93108464	1.036e-06
rs11624512	14	93111120	9.643e-08
rs78242330	14	93111715	1.76e-07
rs11160085	14	93112102	2.383e-07
rs112560164	14	93112924	1.568e-07
rs57281976	14	93112974	3.532e-09
rs7151531	14	93113547	1.661e-07
rs77366689	14	93113952	2.82e-05
rs72699866	14	93114787	8.529e-08
rs754388	14	93115410	1.135e-06
rs61992599	14	93116013	2.033e-08
rs72699870	14	93116351	5.733e-07
rs942064	14	93117429	2.497e-07
rs117068593	14	93118229	7.566e-07
rs3742716	14	93118669	3.034e-08
rs35291284	14	93123534	2.093e-06
rs2402174	14	93123549	9.323e-07
rs12879040	14	93123991	2.169e-07
rs12885166	14	93125282	9.264e-07
rs58006834	14	93127174	1.837e-05
rs12896481	14	93127184	8.654e-07
rs57407935	14	93127422	1.627e-05
rs10134607	14	93129070	1.353e-05
rs12885278	14	93130778	8.519e-07
rs12884371	14	93130840	6.456e-06
rs4770	15	40328292	6.631e-09
rs2291620	15	40328973	2.764e-07
rs72731415	15	40331699	8.924e-09
rs62004114	15	40333355	1.688e-09
rs75509561	15	40333469	1.561e-09
rs7497289	15	40333657	1.688e-09
rs2412474	15	40333791	1.973e-09
rs1010879	15	40333915	1.688e-09
rs9919974	15	40337462	1.973e-09
rs8026641	15	40338861	1.056e-08
rs4924410	15	40339494	1.225e-08
rs12440899	15	40340291	2.674e-13
rs4923848	15	40342053	2.969e-13
rs4924412	15	40344885	1.9e-12
rs7181985	15	40346650	8.296e-12
rs7183386	15	40347236	2.674e-13
rs28736699	15	40347435	2.305e-09
rs3803361	15	40347745	2.408e-13
rs4924413	15	40348697	1.973e-09
rs749748	15	40349909	2.133e-09
rs749749	15	40350131	2.408e-13
rs4923850	15	40352278	2.168e-13
rs4923851	15	40352342	2.408e-13
rs4924414	15	40352615	3.709e-07
rs12441483	15	40353416	1.58e-13
rs35781999	15	40355406	2.133e-09
rs28444847	15	40356604	2.133e-09
rs28620926	15	40357171	2.325e-09
rs4497657	15	40359433	2.692e-09
rs11638521	15	40360314	1.701e-08
rs28826672	15	40360366	3.37e-09
rs7181230	15	40360741	2.522e-09
rs2412478	15	40361172	2.491e-09
rs28479712	15	40364263	9.358e-10
rs7162269	15	40364928	9.409e-13
rs28587891	15	40365106	1.017e-09
rs17723133	15	40365418	2.908e-09
rs9972442	15	40365674	1.017e-09
rs11631442	15	40365733	1.117e-07
rs9972424	15	40365851	1.106e-09
rs62004158	15	40366344	2.894e-09
rs7495903	15	40366369	1.106e-09
rs4924415	15	40366562	1.017e-09
rs4924416	15	40366709	1.017e-09
rs4924417	15	40366939	1.254e-09
rs28379715	15	40367343	1.696e-06
rs28361302	15	40367348	1.696e-06
rs3923235	15	40371121	2.301e-09
rs11070250	15	40372057	1.353e-09
rs28534747	15	40374269	4.355e-09
rs7183977	15	40377092	6.241e-10
rs4923852	15	40377865	1.973e-09
rs998713	15	40378467	1.07e-06
rs571065	15	40378856	1.186e-09
rs546220	15	40379260	8.41e-10
rs540765	15	40379877	3.546e-06
rs8116	15	40380207	1.899e-06
rs1540686	15	40380818	5.733e-07
rs648289	15	40380933	1.167e-06
rs11637595	15	40387728	2.496e-05
rs11637681	15	40387971	2.108e-05
rs543399	15	40388067	2.329e-05
rs11634257	15	40388492	2.791e-05
rs770470	15	40389658	1.62e-05
rs569539	15	40389794	1.44e-05
rs568652	15	40389870	1.44e-05
rs500804	15	40393262	1.279e-05
rs495654	15	40394730	1.748e-05
rs675173	15	40394859	1.748e-05
rs11631335	15	40395604	6.199e-06
rs12592048	15	40395724	2.034e-06
rs580781	15	40405150	2.364e-06
rs34079741	15	40405909	1.855e-05
rs537455	15	40407824	1.667e-06
rs11630670	15	40410840	1.634e-05
rs8033229	15	40411884	4.446e-07
rs9635304	15	40415932	8.943e-07
rs8031450	15	40418598	6.943e-07
rs534304	15	40420433	8.396e-07
rs673328	15	40420928	1.014e-06
rs548686	15	40421006	1.587e-06
rs61736063	15	42003316	1.9e-05
rs77126542	15	42103556	2.233e-05
rs78786818	15	42107069	1.513e-05
rs137905324	15	42124868	1.384e-05
rs56198158	15	42158373	1.149e-05
rs142160286	15	81000854	2.577e-05
rs78884292	15	81002463	2.467e-05
rs893823	15	89036809	2.203e-05
rs7403482	15	89062709	1.375e-05
rs17196732	15	89069299	1.788e-05
rs7175106	15	89088724	2.876e-05
rs112379434	15	89094304	2.908e-05
rs7188657	16	7468807	2.235e-05
rs78435901	16	79218585	1.955e-05
rs1860302	17	19914399	2.104e-05
rs4925065	17	19914546	2.241e-05
rs4925066	17	19915292	2.104e-05
rs4924801	17	19921070	3.059e-05
rs7211535	17	19922364	2.703e-05
rs1034904	17	19927699	2.876e-05
rs2108979	17	19928566	2.703e-05
rs8071730	17	19932731	2.876e-05
rs6587215	17	19980779	1.92e-05
rs9907788	17	20008903	2.908e-05
rs7216794	17	20011078	1.746e-06
rs4925086	17	20013459	3.279e-07
rs9902032	17	20015178	8.702e-07
rs7216599	17	20015600	1.327e-06
rs2042046	17	20018841	7.089e-07
rs7222984	17	20019694	8.702e-07
rs2013443	17	20023109	1.088e-06
rs4925087	17	20024582	1.014e-06
rs55705283	17	20027138	1.523e-06
rs16960697	17	20027718	1.014e-06
rs11868116	17	20029593	2.271e-07
rs12936443	17	20033446	8.803e-07
rs6587219	17	20034531	8.803e-07
rs9898080	17	20035257	8.803e-07
rs9893832	17	20038273	1.654e-06
rs7219908	17	20043036	1.252e-06
rs8078716	17	20044291	1.252e-06
rs7212500	17	20045658	6.619e-07
rs8066143	17	20048355	1.252e-06
rs62066865	17	20050477	6.619e-07
rs7222987	17	20055765	3.99e-07
rs1974745	17	20059824	8.2e-07
rs62066870	17	20063758	1.252e-06
rs9901336	17	20064190	6.161e-07
rs9901796	17	20064353	6.161e-07
rs4925090	17	20066631	6.619e-07
rs4925091	17	20066988	1.167e-06
rs8080649	17	20069677	6.619e-07
rs9907516	17	20070490	6.161e-07
rs2703795	17	20077141	1.44e-06
rs1859407	17	20078137	8.2e-07
rs2526463	17	20078297	8.2e-07
rs2189709	17	20083226	1.014e-06
rs2703800	17	20086562	7.636e-07
rs2107565	17	20088492	8.2e-07
rs2526459	17	20090042	2.112e-07
rs2526486	17	20101626	1.654e-06
rs11204423	17	20102767	8.2e-07
rs2703803	17	20107069	1.654e-06
rs2703805	17	20107773	1.167e-06
rs2703807	17	20109189	1.014e-06
rs2703812	17	20114803	7.11e-07
rs2703814	17	20117151	6.619e-07
rs12942568	17	20117893	7.11e-07
rs2526482	17	20119133	1.44e-06
rs2703819	17	20121401	1.654e-06
rs2526481	17	20127018	2.083e-07
rs2703771	17	20130154	7.11e-07
rs2526478	17	20130452	7.636e-07
rs2526477	17	20131193	8.2e-07
rs7219615	17	20132558	1.44e-06
rs2526476	17	20134289	7.11e-07
rs2703776	17	20137709	7.11e-07
rs2703777	17	20138891	6.161e-07
rs2703781	17	20144714	1.654e-06
rs2703782	17	20144799	3.285e-05
rs757495	17	20150018	7.11e-07
rs757494	17	20150340	1.44e-06
rs2703786	17	20156369	1.343e-06
rs733794	17	20157957	7.11e-07
rs2703788	17	20159686	1.44e-06
rs2526466	17	20165251	9.385e-07
rs2526465	17	20167611	7.636e-07
rs2158472	17	20171524	7.11e-07
rs3850779	17	20171872	7.636e-07
rs11657161	17	20180715	7.636e-07
rs12603372	17	20181566	8.803e-07
rs3850780	17	20181902	8.2e-07
rs11654942	17	20182725	8.2e-07
rs10491107	17	20188174	1.014e-06
rs11653630	17	20189046	1.088e-06
rs12949481	17	20190974	1.167e-06
rs77449863	17	20191860	1.156e-06
rs12942627	17	20192252	1.088e-06
rs12938355	17	20195217	1.167e-06
rs11204300	17	20195438	1.014e-06
rs11653869	17	20197586	1.523e-06
rs11654025	17	20198160	2.419e-05
rs12950564	17	20198557	1.523e-06
rs57837691	17	20203073	1.631e-06
rs1373146	17	20206675	1.327e-06
rs11869258	17	20206898	1.422e-06
rs7223476	17	20215352	3.029e-07
rs8071274	17	20216928	1.079e-06
rs1992561	17	20219119	1.226e-06
rs7212571	17	20223152	3.229e-07
rs11658116	17	20224290	2.792e-07
rs12450807	17	20236432	6.149e-07
rs12150148	17	20246025	4.029e-07
rs3910761	17	20288098	3.081e-07
rs78743668	17	20288745	2.679e-07
rs4003797	17	20288900	2.047e-05
rs9912844	17	20291257	2.169e-07
rs4796285	17	35181996	5.262e-06
rs9909552	17	35191961	3.963e-06
rs7215719	17	35193419	2.047e-05
rs711178	17	3922918	3.315e-05
rs781859	17	3923331	3.315e-05
rs3765	17	3926771	3.122e-05
rs2264857	17	3933025	2.735e-05
rs2727064	17	3934101	2.573e-05
rs2168018	17	3934238	2.573e-05
rs9892466	17	3969527	1.984e-05
rs8081968	17	3984117	2.235e-05
rs8071043	17	3988451	1.411e-05
rs6502770	17	4007314	2.735e-05
rs7224685	17	4014384	1.251e-05
rs9902846	17	4040774	1.205e-05
rs1377807	17	4045440	1.07e-05
rs2278524	17	4081975	1.931e-05
rs9915922	17	4083242	1.329e-05
rs12943517	17	4083923	1.251e-05
rs7219904	17	4084029	1.178e-05
rs34348519	17	4094140	1.931e-05
rs2304586	17	4098998	1.688e-05
rs8066446	17	4101198	1.498e-05
rs35632375	17	4104439	3.315e-05
rs4500776	17	4107098	1.564e-05
rs2053256	17	4108648	1.469e-05
rs2325978	17	4154730	2.768e-05
rs8068429	17	4156160	2.768e-05
rs8071596	17	4157057	2.307e-05
rs8080452	17	4157997	2.171e-05
rs12945048	17	4159244	2.077e-05
rs62064396	17	4161870	2.042e-05
rs6502777	17	4162694	2.042e-05
rs8069769	17	4162965	2.171e-05
rs9901620	17	4165741	2.465e-05
rs8079982	17	46127756	1.043e-07
rs8182234	17	46139209	3.284e-07
rs1808209	17	46140291	1.734e-06
rs11870317	17	46141292	3.104e-07
rs12950225	17	46145200	5.334e-07
rs10853093	17	46153747	2.825e-06
rs12103663	17	46155800	4.332e-07
rs9905460	17	46156072	4.094e-07
rs2158341	17	46158533	2.602e-06
rs4794426	17	46167874	4.094e-07
rs4794427	17	46167925	3.869e-07
rs7216766	17	46168579	4.094e-07
rs113037179	17	46170547	1.734e-07
rs116970602	17	46170632	1.734e-07
rs141459276	17	46176503	3.474e-07
rs28439030	17	46180610	1.734e-07
rs4794447	17	46180724	1.029e-06
rs2072441	17	46185014	6.161e-07
rs8066529	17	46187565	1.947e-07
rs112903989	17	46191093	1.838e-07
rs142760320	17	46191461	1.734e-07
rs75424702	17	46193778	2.137e-06
rs62064954	17	46194223	3.003e-07
rs8071267	17	46195926	6.161e-07
rs9893405	17	46202199	1.947e-07
rs12603380	17	46204408	4.274e-07
rs1860863	17	46204678	4.185e-09
rs1860862	17	46204836	4.185e-09
rs3944039	17	46205070	4.185e-09
rs2041572	17	46205273	4.185e-09
rs758999	17	46206015	4.185e-09
rs4794467	17	46208937	1.947e-07
rs7225865	17	46209964	3.019e-09
rs7225435	17	46210034	3.019e-09
rs7207270	17	46210434	1.105e-07
rs34949267	17	46212052	3.285e-09
rs10445377	17	46214168	2.34e-09
rs74885375	17	46214736	1.434e-07
rs10445339	17	46216314	5.818e-09
rs7220619	17	46216700	3.888e-09
rs12941830	17	46219131	3.285e-09
rs11870056	17	46219764	3.019e-09
rs7208796	17	46222044	1.521e-07
rs7220768	17	46224829	3.574e-09
rs7220922	17	46224908	3.574e-09
rs7225550	17	46225243	3.574e-09
rs7223867	17	46230156	3.019e-09
rs208007	17	46231515	1.521e-07
rs7501770	17	46232276	2.774e-09
rs595874	17	46233445	1.434e-07
rs188268	17	46235053	1.434e-07
rs62066407	17	46235348	4.998e-09
rs67446770	17	46235745	1.815e-09
rs10853098	17	46236581	2.548e-09
rs208006	17	46237667	1.373e-07
rs2021811	17	46237782	2.548e-09
rs12947089	17	46237990	2.548e-09
rs2021752	17	46240263	2.774e-09
rs3805363	17	46241622	2.774e-09
rs4794488	17	46243513	1.309e-06
rs2109982	17	46244769	2.774e-09
rs208017	17	46246703	1.2e-07
rs12603115	17	46248994	3.686e-07
rs17681336	17	46249792	3.019e-09
rs1316657	17	46251391	3.019e-09
rs1002330	17	46253515	2.774e-09
rs3792692	17	46255092	2.774e-09
rs77229718	17	46255247	1.123e-06
rs208013	17	46257774	1.131e-07
rs3805370	17	46259093	2.548e-09
rs3805371	17	46259101	2.548e-09
rs3792693	17	46260366	2.575e-07
rs3792694	17	46260442	2.34e-09
rs8081199	17	46261096	2.575e-07
rs3897986	17	46261539	1.973e-09
rs5016303	17	46261775	2.728e-07
rs2278868	17	46262171	1.663e-08
rs3792695	17	46262884	1.182e-06
rs2123341	17	46264626	1.973e-09
rs2305433	17	46265433	1.973e-09
rs7213530	17	46266437	2.575e-07
rs12601973	17	46267718	2.52e-06
rs12948810	17	46267732	9.483e-09
rs9915133	17	46268216	7.16e-06
rs11079814	17	46268439	2.548e-09
rs1452661	17	46269348	2.728e-07
rs11872095	17	46271172	2.548e-09
rs12452956	17	46273937	2.548e-09
rs7213876	17	46274574	2.548e-09
rs8075270	17	46275010	2.548e-09
rs8071262	17	46275310	2.575e-07
rs55982346	17	46275874	2.149e-09
rs12452103	17	46276264	2.575e-07
rs8072282	17	46276858	2.548e-09
rs28551638	17	46277617	4.094e-07
rs66683298	17	46277748	7.176e-10
rs62066447	17	46277800	2.774e-09
rs12952089	17	46277974	2.292e-07
rs8069064	17	46280663	2.548e-09
rs6504100	17	46280816	2.575e-07
rs6504101	17	46280832	2.575e-07
rs4794505	17	46283306	2.548e-09
rs8069263	17	46286778	2.34e-09
rs8077814	17	46286889	2.575e-07
rs12150533	17	46287541	2.548e-09
rs2123342	17	46287568	2.575e-07
rs11079815	17	46287983	2.292e-07
rs11079816	17	46287987	6.774e-07
rs11079817	17	46288312	2.728e-07
rs7225140	17	46291304	2.575e-07
rs17620033	17	46291414	3.019e-09
rs4794517	17	46291853	2.774e-09
rs6504108	17	46292923	4.693e-07
rs7219967	17	46294074	1.973e-09
rs882380	17	46294236	3.852e-09
rs7210149	17	46297622	2.774e-09
rs4794525	17	46298358	2.774e-09
rs7220940	17	46299560	2.575e-07
rs12952670	17	46300404	4.601e-07
rs1452667	17	46302415	3.019e-09
rs954226	17	46304812	4.545e-09
rs6504113	17	46305616	2.575e-07
rs4793779	17	46306597	4.936e-09
rs1910574	17	46307535	2.728e-07
rs1452666	17	46307750	5.359e-09
rs2938480	17	46309082	2.728e-07
rs2924258	17	46310412	2.891e-07
rs1349676	17	46311935	2.728e-07
rs1377201	17	46312128	5.359e-09
rs2924257	17	46317555	7.636e-07
rs2938482	17	46317885	3.062e-07
rs2938483	17	46318004	5.818e-09
rs2924256	17	46319648	3.062e-07
rs2325886	17	46320796	4.094e-07
rs2060876	17	46322966	5.818e-09
rs2924255	17	46324960	3.869e-07
rs2957931	17	46325799	4.094e-07
rs74447547	17	46326281	3.162e-06
rs2924253	17	46330074	3.285e-09
rs2957932	17	46330184	5.91e-09
rs2957933	17	46335579	5.115e-09
rs979746	17	46336112	5.115e-09
rs2924251	17	46338677	4.818e-09
rs2938471	17	46338750	5.115e-09
rs1470831	17	46345648	6.352e-09
rs2938475	17	46345925	5.655e-09
rs7214761	17	46347422	6.825e-09
rs2938476	17	46347998	5.91e-09
rs9895985	17	46352463	2.82e-05
rs11656941	17	46353216	8.483e-07
rs9909872	17	46353797	3.148e-05
rs4794561	17	46355791	8.483e-07
rs8082009	17	46357864	3.148e-05
rs1452664	17	46360059	8.024e-07
rs9911479	17	46362337	8.483e-07
rs16954700	17	46365402	8.483e-07
rs142408093	17	46365877	8.483e-07
rs11655781	17	46369292	8.024e-07
rs9904487	17	46370147	8.483e-07
rs16954904	17	46372350	8.483e-07
rs16954931	17	46373148	8.483e-07
rs7217741	17	46376807	9.478e-07
rs8080544	17	46378959	8.967e-07
rs4794603	17	46385723	9.478e-07
rs9899753	17	46386631	8.967e-07
rs9890488	17	46386949	1.525e-05
rs7209855	17	46388803	3.091e-05
rs9916227	17	46389912	3.091e-05
rs9894812	17	46389953	3.091e-05
rs12452212	17	46391078	2.922e-05
rs12452234	17	46391198	2.922e-05
rs7213513	17	46392294	3.269e-05
rs7219816	17	46393794	2.922e-05
rs7218167	17	46394050	8.967e-07
rs4131712	17	46394172	2.922e-05
rs16955397	17	46394330	2.922e-05
rs12450081	17	46395243	3.091e-05
rs4488493	17	46396091	9.478e-07
rs8067485	17	46396419	8.967e-07
rs7221770	17	46399835	3.091e-05
rs7210445	17	46401318	2.922e-05
rs7214589	17	46401400	2.761e-05
rs16955493	17	46403332	8.967e-07
rs8068128	17	46405291	3.091e-05
rs6504172	17	46407434	3.091e-05
rs8073570	17	46408635	7.892e-06
rs7222452	17	46409991	3.091e-05
rs9303542	17	46411500	2.922e-05
rs9747133	17	46415551	3.091e-05
rs9303543	17	46417060	8.967e-07
rs8074443	17	46417813	3.091e-05
rs9303544	17	46418291	8.967e-07
rs1553751	17	46419797	1.911e-05
rs1039840	17	46420472	8.483e-07
rs9897162	17	46424789	3.091e-05
rs9909002	17	46426468	3.091e-05
rs12944592	17	46430405	2.609e-05
rs75994865	17	46430914	8.024e-07
rs8078038	17	46431034	3.269e-05
rs9907699	17	46434138	3.269e-05
rs9906651	17	46434993	3.091e-05
rs7210959	17	46436562	8.024e-07
rs7215230	17	46436621	8.024e-07
rs11651669	17	46439663	6.786e-07
rs78983331	17	46448987	6.065e-07
rs8079809	17	46449402	6.416e-07
rs28482329	17	46455840	6.416e-07
rs116624319	17	46477834	4.839e-07
rs79991041	17	46478812	4.839e-07
rs8080144	17	46487846	4.079e-07
rs9898988	17	46488599	2.892e-05
rs4793822	17	46489060	7.177e-07
rs16956479	17	46494177	6.065e-07
rs8079360	17	46495601	6.065e-07
rs113439585	17	46501882	5.733e-07
rs78035627	17	46506453	6.065e-07
rs77687372	17	46506754	5.733e-07
rs1509635	17	46537645	2.908e-05
rs11657639	17	46547464	9.065e-06
rs1912155	17	46548667	4.504e-06
rs4794712	17	46549891	2.016e-05
rs12945803	17	46552229	3.282e-05
rs17697950	17	46555268	2.448e-05
rs9972954	17	63771050	1.029e-05
rs9972885	17	63771264	1.409e-05
rs9972883	17	63771316	1.324e-05
rs9972881	17	63771334	1.243e-05
rs12938557	17	63771745	2.605e-05
rs35639392	17	63771769	1.806e-05
rs10512503	17	63772066	1.697e-05
rs10512504	17	63772091	1.806e-05
rs12939558	17	63772152	1.697e-05
rs59009755	17	63772263	1.499e-05
rs11868129	17	63772426	1.196e-05
rs11870559	17	63772633	2.138e-05
rs2318871	17	63772634	5.298e-06
rs11870607	17	63773122	1.56e-05
rs10083855	17	63773139	1.56e-05
rs10083870	17	63773272	1.196e-05
rs10083875	17	63773303	1.196e-05
rs10083872	17	63773474	1.196e-05
rs1541609	17	63773564	1.196e-05
rs10083877	17	63773623	1.124e-05
rs1541610	17	63773836	1.124e-05
rs7222147	17	63774100	1.124e-05
rs10083837	17	63775311	9.92e-06
rs10512505	17	63776696	1.124e-05
rs12939140	17	63777249	1.382e-05
rs62065062	17	63777383	1.469e-05
rs1895033	17	63777493	1.382e-05
rs1895035	17	63777711	1.224e-05
rs1895036	17	63777735	1.301e-05
rs7225471	17	63777913	1.56e-05
rs7224482	17	63777949	1.301e-05
rs7502798	17	63781615	2.209e-06
rs9303489	17	63784817	1.587e-06
rs9909246	17	63791547	1.927e-08
rs2052153	17	63800382	1.532e-08
rs10512506	17	63809889	6.081e-07
rs1819910	17	63814576	1.532e-08
rs35098727	17	63816298	6.825e-07
rs8080916	17	63816368	1.314e-08
rs12601958	17	63820304	1.419e-08
rs1421028	17	63822041	6.825e-07
rs12600822	17	63823288	1.419e-08
rs9897920	17	63832286	8.255e-09
rs9906040	17	63840825	6.528e-09
rs9907056	17	63840961	6.035e-09
rs112404187	17	63843222	2.162e-05
rs746628	17	63850547	7.505e-09
rs746627	17	63850776	1.189e-08
rs35919548	17	63857548	1.116e-07
rs7208926	17	63863210	6.664e-08
rs35337556	17	63863661	8.322e-08
rs7214750	17	63903119	9.797e-10
rs11652557	17	63912574	1.656e-09
rs1420791	17	63914750	3.321e-09
rs7215398	17	63919179	1.192e-05
rs7208662	17	63922723	1.028e-05
rs28463792	17	63936932	4.258e-06
rs9900527	17	63942253	5.271e-06
rs9893012	17	63944599	4.683e-06
rs11867226	17	63948034	3.13e-05
rs76731691	17	63960269	2.953e-08
rs28622372	17	63974880	1.91e-06
rs139260949	17	63978436	4.755e-07
rs9915331	17	63987920	5.835e-09
rs62064345	17	63993742	1.831e-06
rs28853357	17	64007437	2.077e-06
rs11658899	17	64018059	1.234e-05
rs62063393	17	64020932	2.327e-06
rs11655503	17	64027346	9.71e-09
rs8080448	17	64039898	2.258e-06
rs79973219	17	64040132	9.794e-09
rs7219329	17	64056386	2.272e-08
rs28613416	17	64058429	1.056e-08
rs16958876	17	64061543	3.195e-06
rs56728223	17	64066163	2.975e-06
rs28414787	17	64068183	3.629e-06
rs1443272	17	64068621	3.686e-06
rs7210420	17	64070562	2.975e-06
rs9911923	17	64071670	3.786e-06
rs9903521	17	64083122	2.849e-06
rs7223931	17	64084254	2.729e-06
rs61194809	17	64086407	2.502e-06
rs56308243	17	64086466	3.333e-06
rs59297684	17	64089498	3.333e-06
rs11652096	17	64091454	3.195e-06
rs73353823	17	64096640	3.478e-06
rs9896059	17	64097879	3.629e-06
rs9910721	17	64101514	3.629e-06
rs9891307	17	64102618	3.629e-06
rs9893136	17	64103211	3.478e-06
rs55800041	17	64105333	3.786e-06
rs73353839	17	64105765	3.478e-06
rs11655847	17	64106924	4.592e-06
rs75040353	17	64110975	1.456e-08
rs11656697	17	64121890	6.821e-08
rs9897921	17	64124768	5.42e-06
rs9902706	17	64186988	3.091e-05
rs9906486	17	64190920	2.698e-05
rs9906319	17	64190994	5.741e-06
rs7221380	17	64192527	7.144e-06
rs1014399	17	64196331	4.284e-06
rs11651658	17	64198640	4.138e-06
rs7211380	17	64206768	6.142e-06
rs4987719	18	60960310	2.824e-05
rs9962222	18	60965524	1.773e-05
rs4941194	18	60966206	1.773e-05
rs4941195	18	60970036	2.138e-05
rs8099362	18	60975741	1.59e-05
rs1462129	18	60980871	2.703e-05
rs2051424	18	60981043	3.059e-05
rs2051423	18	60981256	3.254e-05
rs1893806	18	60984964	2.539e-05
rs2279115	18	60986837	2.539e-05
rs4808611	19	17354825	1.873e-05
rs73012590	19	17358188	1.207e-05
rs34963425	19	17358189	1.207e-05
rs35686037	19	17359535	6.463e-06
rs10415471	19	17361064	3.22e-05
rs10422140	19	17361772	2.918e-05
rs68179022	19	17363444	2.643e-05
rs12982178	19	17371568	2.392e-05
rs58925582	19	17372199	2.165e-05
rs10402468	19	17384003	1.847e-05
rs113272353	19	17384651	1.847e-05
rs10416654	19	17385176	1.847e-05
rs67412075	19	17385502	1.94e-05
rs10418154	19	17386006	2.036e-05
rs34084277	19	17387176	1.847e-05
rs61634114	19	17387254	2.036e-05
rs4808613	19	17388065	1.94e-05
rs56028644	19	17388790	2.036e-05
rs112582668	19	17388923	2.085e-05
rs10426697	19	17389156	1.469e-05
rs10406920	19	17389648	1.94e-05
rs8170	19	17389704	2.036e-05
rs73509996	19	17393449	1.94e-05
rs66753001	19	17394839	1.847e-05
rs10425939	19	17397244	2.138e-05
rs11540855	19	17403361	1.847e-05
rs11667986	19	30095007	5.733e-07
rs2303754	19	30097268	1.678e-06
rs7283	19	30106659	2.735e-05
rs2115370	19	30106891	2.908e-05
rs2042969	19	30107422	1.888e-05
rs2042970	19	30107621	1.888e-05
rs2241610	19	30108485	2.009e-05
rs12984624	19	30108871	1.439e-05
rs12986417	19	30109533	1.9e-05
rs12463130	19	30111656	1.294e-05
rs12459818	19	30111841	2.042e-05
rs2542278	19	31885338	3.315e-05
rs2193530	19	31886957	3.315e-05
rs8112100	19	31911672	2.94e-05
rs8108717	19	31911914	3.122e-05
rs918648	19	31916274	2.768e-05
rs918647	19	31916289	2.94e-05
rs10426136	19	31917040	2.605e-05
rs10408537	19	31917262	2.042e-05
rs4804963	19	31917632	2.042e-05
rs8108427	19	31918704	2.171e-05
rs8107910	19	31918861	2.274e-05
rs763909	19	31919521	2.171e-05
rs1582562	19	31921618	3.091e-05
rs4804964	19	31921814	2.042e-05
rs7248288	19	31922171	1.92e-05
rs10406589	19	31922887	2.768e-05
rs6510205	19	31922905	2.042e-05
rs10405292	19	31923078	2.768e-05
rs4805689	19	31923651	2.452e-05
rs2052570	19	31924649	2.452e-05
rs8105474	19	31927659	2.605e-05
rs8109639	19	31928464	1.806e-05
rs7248006	19	31929180	2.307e-05
rs1593085	19	31929234	1.806e-05
rs1582564	19	31929791	2.452e-05
rs8103449	19	31930388	3.122e-05
rs435991	19	31936411	3.315e-05
rs2547925	19	31940217	3.122e-05
rs4760	19	44153100	4.104e-06
rs28433213	19	46341168	3.288e-05
rs311358	19	47363391	1.852e-05
rs311360	19	47384499	1.961e-05
rs311376	19	47437711	3.241e-05
rs311384	19	47455315	1.748e-05
rs7248133	19	47500350	2.922e-05
rs2918302	19	8785744	2.749e-08
rs2967683	19	8785951	5.092e-06
rs2967684	19	8786624	1.289e-08
rs4499342	19	8786913	1.883e-08
rs2918301	19	8786918	1.289e-08
rs2967685	19	8786966	1.289e-08
rs2918299	19	8787273	1.609e-08
rs11670067	19	8787643	1.547e-08
rs61154119	19	8787750	1.456e-08
rs2967673	19	8788798	1.855e-08
rs1473280	19	8789091	2.093e-08
rs1473281	19	8789230	2.093e-08
rs2164983	19	8789381	1.855e-08
rs2967675	19	8789484	1.97e-08
rs2967676	19	8789666	1.97e-08
rs2967677	19	8789721	2.093e-08
rs2918307	19	8789722	1.814e-08
rs2918308	19	8789912	2.222e-08
rs2918309	19	8789923	2.36e-08
rs7253377	19	8790015	2.36e-08
rs2967678	19	8790198	3.382e-08
rs78948874	19	8796160	3.36e-07
rs3764551	19	8806327	3.747e-07
rs35276077	19	8813477	1.604e-08
rs111407982	19	8814367	1.932e-06
rs62147613	2	100480288	2.386e-05
rs6715454	2	100480951	1.741e-05
rs7607172	2	100492135	2.703e-05
rs10180541	2	100508242	8.26e-06
rs10165991	2	100508385	4.576e-06
rs6735012	2	100516134	9.138e-06
rs4848299	2	113523454	3.126e-06
rs4849119	2	113523463	2.276e-06
rs6542090	2	113524795	3.775e-06
rs6542091	2	113525311	3.775e-06
rs34015482	2	113525745	2.585e-06
rs61381693	2	113525912	2.585e-06
rs7570215	2	113527660	4.278e-06
rs72825514	2	113527706	2.755e-06
rs4848300	2	113527906	4.278e-06
rs6542092	2	113528322	4.278e-06
rs6542093	2	113528536	4.278e-06
rs6542094	2	113528625	4.278e-06
rs6542095	2	113529183	5e-07
rs11677416	2	113529240	3.126e-06
rs3783559	2	113529837	3.467e-06
rs1040193	2	113530099	2.935e-06
rs3783557	2	113530712	1.232e-05
rs1516789	2	113531024	3.33e-06
rs1516790	2	113531291	4.553e-06
rs2856836	2	113532083	2.935e-06
rs1304037	2	113532236	4.844e-06
rs3783550	2	113532885	5.733e-07
rs13000462	2	113534024	1.628e-06
rs3783546	2	113534830	5.733e-07
rs2071376	2	113535395	5.354e-07
rs2071375	2	113535438	2.755e-06
rs3783543	2	113536651	5.733e-07
rs17561	2	113537223	1.162e-05
rs2856841	2	113537339	3.33e-06
rs3783539	2	113537579	4.668e-07
rs2856840	2	113538604	4.719e-06
rs3783533	2	113538779	5.354e-07
rs1533463	2	113538782	5e-07
rs2071373	2	113540084	4.358e-07
rs1894399	2	113540177	5.153e-06
rs1609682	2	113540205	5.354e-07
rs3783526	2	113541807	4.358e-07
rs3783525	2	113541819	5.354e-07
rs2856837	2	113541925	3.33e-06
rs1800587	2	113542960	5.153e-06
rs1800794	2	113543273	5.153e-06
rs3783521	2	113543577	6.377e-08
rs3783520	2	113544339	3.546e-06
rs1878321	2	113544434	5.153e-06
rs1878320	2	113544467	5.153e-06
rs1878319	2	113544826	5.482e-06
rs1878318	2	113545185	3.33e-06
rs3783514	2	113547425	3.775e-06
rs3783513	2	113547470	8.543e-08
rs3783512	2	113547809	9.187e-08
rs7583261	2	113548454	4.553e-06
rs12478842	2	113550688	9.878e-08
rs13027814	2	113551105	9.878e-08
rs4848301	2	113551694	2.732e-07
rs4848302	2	113551716	9.878e-08
rs10496445	2	113552158	1.062e-07
rs13009294	2	113552678	1.062e-07
rs4848303	2	113552698	4.278e-06
rs4848304	2	113552737	4.278e-06
rs12711741	2	113553165	9.878e-08
rs10496444	2	113553668	9.878e-08
rs59674541	2	113553824	6.591e-06
rs12612788	2	113555296	9.187e-08
rs11687624	2	113555592	2.539e-05
rs11898680	2	113556867	1.052e-06
rs7368808	2	113558443	9.844e-07
rs11676014	2	113558886	2.104e-05
rs72825532	2	113559363	1.785e-06
rs10167914	2	113563361	2.021e-07
rs12613067	2	113563362	7.03e-07
rs80111889	2	113567430	3.327e-07
rs74182856	2	113567532	2.899e-07
rs4402765	2	113568847	3.564e-07
rs12471565	2	113569920	3.327e-07
rs12469600	2	113572357	2.849e-05
rs35145107	2	113576726	3.795e-07
rs45559344	2	113944850	2.427e-05
rs72770183	2	11583803	3.765e-06
rs6739146	2	11601239	3.764e-06
rs76588463	2	11603975	1.662e-05
rs150605105	2	11619121	3.061e-06
rs149547889	2	11621962	5.371e-07
rs35925113	2	11629291	1.65e-08
rs143087471	2	11651693	4.747e-08
rs34842623	2	11652586	5.906e-07
rs13430148	2	11654532	2.257e-19
rs13395155	2	11654588	1.078e-19
rs61362255	2	11654874	1.182e-19
rs73187472	2	11655184	1.078e-19
rs13407457	2	11655487	8.95e-20
rs13407702	2	11655684	1.739e-20
rs16857565	2	11656310	7.429e-20
rs13418262	2	11656507	8.154e-20
rs13383410	2	11656908	9.821e-20
rs13424905	2	11658000	2.708e-19
rs7580473	2	11658972	3.357e-21
rs7597108	2	11659201	1.305e-19
rs13432124	2	11660000	1.628e-20
rs13432756	2	11660615	2.52e-20
rs77294520	2	11660955	6e-21
rs10929751	2	11661140	4.698e-13
rs4669743	2	11662178	4.902e-10
rs35592769	2	11663338	4.381e-13
rs12466575	2	11663420	3.496e-10
rs7582396	2	11664349	3.789e-10
rs12479436	2	11666339	7.941e-13
rs10803739	2	11667627	2.976e-10
rs7597563	2	11668593	1.297e-12
rs116072365	2	11669349	7.746e-07
rs10929753	2	11670305	4.84e-13
rs11684917	2	11674034	8.608e-19
rs11685032	2	11674295	3.965e-13
rs74381889	2	11679579	6.411e-08
rs35417544	2	11680403	1.162e-11
rs13021546	2	11681043	1.913e-11
rs1865574	2	11681438	8.059e-12
rs4669746	2	11682018	3.354e-12
rs12620490	2	11682796	8.793e-12
rs10929754	2	11683074	2.801e-12
rs7568108	2	11683324	8.059e-12
rs7568223	2	11683423	8.793e-12
rs7558961	2	11683450	8.793e-12
rs7609384	2	11683631	8.793e-12
rs12994182	2	11683898	6.767e-12
rs12994384	2	11683965	4.68e-14
rs11686574	2	11684007	8.688e-14
rs4669747	2	11684315	8.793e-12
rs4668730	2	11684405	8.793e-12
rs11692588	2	11684484	8.713e-15
rs4668731	2	11684852	1.828e-14
rs12623299	2	11685558	4.013e-12
rs12623350	2	11685694	4.219e-14
rs12624009	2	11685731	7.074e-14
rs1814385	2	11686192	3.427e-14
rs11692389	2	11686298	7.84e-14
rs2082831	2	11686872	4.68e-14
rs2043543	2	11687506	4.219e-14
rs974163	2	11691224	8.746e-11
rs17600933	2	11692236	2.849e-13
rs4669748	2	11692472	1.054e-12
rs4669749	2	11692664	9.22e-12
rs113084984	2	11701843	6.974e-10
rs10929757	2	11702661	5.447e-19
rs1898003	2	11704836	1.016e-18
rs9287732	2	11708833	4.619e-19
rs6432220	2	11710716	6.232e-18
rs13028479	2	11712075	1.253e-17
rs4668732	2	11716919	1.495e-20
rs7570979	2	11717429	2.905e-16
rs1529868	2	11718591	5.806e-23
rs7578132	2	11718858	5.685e-16
rs11674184	2	11721535	3.157e-26
rs10929759	2	11722012	3.573e-21
rs10200851	2	11722082	1.17e-20
rs10165819	2	11722102	1.026e-20
rs11679605	2	11722468	2.454e-18
rs11674605	2	11722575	2.74e-21
rs7576826	2	11723021	1.14e-21
rs16857668	2	11723110	2.479e-25
rs1865573	2	11723858	3.77e-25
rs9287734	2	11724475	7.569e-22
rs9789525	2	11724580	1.728e-24
rs9789414	2	11724684	2.893e-22
rs12468019	2	11725049	7.569e-22
rs12470971	2	11725241	2.343e-25
rs17529680	2	11727087	4.039e-19
rs13394619	2	11727507	2.367e-22
rs4669752	2	11727988	2.246e-21
rs4669753	2	11728080	6.574e-25
rs4669754	2	11728089	2.274e-24
rs6746291	2	11728381	5.018e-22
rs59129126	2	11728388	1.312e-24
rs2358039	2	11729606	8.198e-22
rs2358040	2	11731774	2.942e-21
rs2884374	2	11731846	1.496e-21
rs57439315	2	11733488	1.983e-24
rs9798272	2	11734315	2.942e-21
rs9678410	2	11734335	5.035e-21
rs12993278	2	11734880	4.403e-21
rs13016186	2	11734905	2.57e-21
rs13017593	2	11734909	2.57e-21
rs28689909	2	11735061	3.565e-24
rs11679686	2	11736037	3.85e-21
rs55936089	2	11737229	1.31e-18
rs10929760	2	11739368	5.393e-18
rs72772088	2	11742458	2.202e-16
rs62118315	2	11742854	5.571e-18
rs7571803	2	11744573	7.912e-16
rs746579	2	11744694	1.603e-17
rs34532804	2	11746003	2.165e-15
rs12615856	2	11746177	2.165e-15
rs12476152	2	11747960	1.584e-16
rs12478958	2	11748037	6.302e-16
rs12476319	2	11748406	1.779e-16
rs4669755	2	11748585	1.022e-17
rs3762581	2	11750101	6.213e-17
rs6732465	2	148382732	2.274e-05
rs12053365	2	148384903	1.741e-05
rs10928360	2	148416271	3.059e-05
rs951910	2	148421180	3.254e-05
rs7590158	2	148428853	3.059e-05
rs4662290	2	148431885	2.876e-05
rs4662539	2	148432679	3.059e-05
rs4595932	2	169188334	1.056e-06
rs4667574	2	169189239	8.803e-07
rs4536621	2	169190229	8.283e-07
rs4347785	2	169193032	3.244e-06
rs2390670	2	169193298	6.61e-06
rs34815555	2	173614696	3.303e-05
rs7562649	2	174147227	1.44e-05
rs34063161	2	174151276	1.044e-05
rs13031638	2	174151668	1.109e-05
rs34397560	2	174155967	1.697e-05
rs1596262	2	174157638	1.329e-05
rs34859492	2	174160643	1.59e-05
rs820021	2	174162434	2.009e-05
rs820020	2	174162739	2.768e-05
rs17576323	2	188003118	1.394e-05
rs62172472	2	188028317	1.323e-05
rs7576060	2	188073163	2.567e-06
rs13427277	2	188075497	9.914e-07
rs62172508	2	188084469	1.061e-06
rs62172509	2	188084535	1.135e-06
rs11694265	2	188087666	1.135e-06
rs1918902	2	188091511	1.214e-06
rs62172510	2	188093671	1.285e-06
rs2049693	2	188112036	1.388e-06
rs13390389	2	188112487	1.388e-06
rs13404250	2	188116196	1.587e-06
rs62172532	2	188127331	1.298e-06
rs62172533	2	188131585	9.264e-07
rs72896770	2	188139930	8.084e-07
rs10174942	2	188143075	8.084e-07
rs62172550	2	188146887	8.084e-07
rs11688157	2	188149335	8.654e-07
rs11688116	2	188149415	9.264e-07
rs13418561	2	188150214	8.654e-07
rs60343740	2	188150329	8.654e-07
rs10207431	2	188151187	1.048e-05
rs1706246	2	188152166	4.8e-06
rs10190916	2	188153308	8.654e-07
rs1728666	2	188153333	4.8e-06
rs1728667	2	188153421	4.8e-06
rs1728668	2	188153662	4.8e-06
rs1706249	2	188153718	4.8e-06
rs1728669	2	188153875	4.8e-06
rs1728670	2	188154357	4.8e-06
rs1528229	2	188154489	4.8e-06
rs1528230	2	188154825	4.8e-06
rs1706251	2	188155444	4.8e-06
rs1728672	2	188156425	4.8e-06
rs1728673	2	188156452	4.8e-06
rs1706252	2	188156578	4.8e-06
rs1706253	2	188156635	4.8e-06
rs1706254	2	188156908	4.8e-06
rs1628318	2	188157117	4.8e-06
rs858919	2	188157667	4.8e-06
rs861458	2	188157674	4.8e-06
rs844479	2	188159178	5.115e-06
rs860860	2	188159273	4.8e-06
rs840600	2	188159750	5.115e-06
rs840601	2	188159887	4.8e-06
rs840603	2	188160901	3.963e-06
rs840604	2	188160925	3.963e-06
rs17756804	2	188163250	6.143e-07
rs17705966	2	188165166	1.231e-05
rs2203117	2	188165951	6.143e-07
rs1728678	2	188166857	3.061e-06
rs1706273	2	188166862	3.266e-06
rs4667160	2	188166881	3.061e-06
rs840578	2	188167105	3.484e-06
rs865763	2	188167830	3.716e-06
rs840577	2	188168059	2.567e-06
rs840576	2	188168350	3.484e-06
rs1540859	2	188170060	3.484e-06
rs1528236	2	188170151	3.061e-06
rs840574	2	188171068	2.567e-06
rs840572	2	188171253	2.567e-06
rs10191833	2	188171337	6.143e-07
rs840571	2	188171676	2.567e-06
rs840570	2	188172677	2.567e-06
rs840569	2	188173125	2.567e-06
rs840567	2	188174433	3.484e-06
rs840564	2	188175034	2.403e-06
rs10181845	2	188175386	6.143e-07
rs13013355	2	188177314	3.484e-06
rs840597	2	188178480	3.484e-06
rs840596	2	188178524	2.248e-06
rs840595	2	188179494	3.484e-06
rs840593	2	188181341	2.403e-06
rs840591	2	188181424	5.298e-06
rs840590	2	188181914	2.403e-06
rs840589	2	188182527	2.403e-06
rs13409829	2	188182661	6.143e-07
rs840588	2	188183781	3.266e-06
rs840587	2	188183805	3.266e-06
rs840586	2	188183918	3.484e-06
rs840585	2	188184435	2.403e-06
rs880890	2	188184500	2.567e-06
rs13417165	2	188184804	8.449e-06
rs907463	2	188185287	5.733e-07
rs840584	2	188186079	2.403e-06
rs840583	2	188186320	2.403e-06
rs13384908	2	188190475	1.604e-05
rs840581	2	188190584	3.484e-06
rs840580	2	188191051	2.074e-05
rs6758089	2	188191834	3.484e-06
rs13031901	2	188192019	3.484e-06
rs1728680	2	188193463	1.952e-05
rs863972	2	188195365	3.484e-06
rs840616	2	188196469	1.952e-05
rs840611	2	188198446	1.952e-05
rs10174456	2	188198652	7.03e-07
rs840609	2	188199583	3.484e-06
rs17707196	2	188201216	6.143e-07
rs3106352	2	188202673	1.837e-05
rs3106351	2	188202989	3.266e-06
rs1706262	2	188203848	3.266e-06
rs1706261	2	188204916	1.952e-05
rs1609268	2	188205598	1.837e-05
rs1706276	2	188206664	3.266e-06
rs1728690	2	188206953	1.837e-05
rs1528233	2	188207245	3.484e-06
rs1632282	2	188208012	1.837e-05
rs860859	2	188209709	3.484e-06
rs696092	2	188210214	3.716e-06
rs10931283	2	188211443	3.315e-05
rs698593	2	188213235	5.611e-06
rs698592	2	188214239	6.143e-07
rs698590	2	188214823	6.143e-07
rs698588	2	188214924	5.262e-06
rs858744	2	188216783	5.733e-07
rs1398057	2	188217500	5.733e-07
rs36146505	2	188221793	9.486e-06
rs698583	2	188227008	4.991e-07
rs1983492	2	188227613	5.35e-07
rs698582	2	188227921	4.991e-07
rs13430665	2	188229007	5.35e-07
rs698579	2	188229820	4.655e-07
rs858756	2	188233714	4.655e-07
rs13430354	2	188234520	4.991e-07
rs860846	2	188234928	4.342e-07
rs858758	2	188235258	3.518e-07
rs858759	2	188235611	4.048e-07
rs13411274	2	188236000	4.655e-07
rs59400383	2	188237868	3.279e-07
rs6744012	2	188241519	1.936e-06
rs6434219	2	188241953	2.068e-06
rs62172372	2	188242369	7.368e-06
rs2030976	2	188243940	3.055e-07
rs3821184	2	188249420	3.061e-06
rs6753700	2	188252411	2.209e-06
rs9288140	2	188254173	1.936e-06
rs1398061	2	188257985	3.061e-06
rs10931288	2	188265543	3.266e-06
rs2349315	2	188269685	2.869e-06
rs3771078	2	188270337	5.733e-07
rs10931289	2	188271819	3.061e-06
rs6719550	2	188272460	3.061e-06
rs72902495	2	188273829	6.143e-07
rs111917980	2	188276584	8.084e-07
rs3821180	2	188278035	4.655e-07
rs17464221	2	188278203	6.591e-06
rs17367055	2	188278822	7.049e-07
rs67285003	2	188280896	8.654e-07
rs11685426	2	188283061	9.264e-07
rs11903296	2	188291723	5e-07
rs16829016	2	188292458	6.137e-07
rs11894589	2	188293391	4.668e-07
rs3771067	2	188295534	4.668e-07
rs12104503	2	188297133	3.344e-05
rs10203781	2	188302587	3.795e-07
rs7591567	2	188304446	4.358e-07
rs67492154	2	188306985	2.484e-05
rs10194145	2	188307334	3.795e-07
rs10194247	2	188307429	3.303e-07
rs1355521	2	188307747	2.484e-05
rs1355520	2	188307962	3.081e-07
rs2058670	2	188308240	3.795e-07
rs1355519	2	188308604	3.795e-07
rs1912849	2	188310118	2.637e-05
rs1912848	2	188310305	3.795e-07
rs10179705	2	188315234	4.668e-07
rs10203398	2	188315577	3.795e-07
rs11897572	2	188316181	3.795e-07
rs11674362	2	188318187	2.8e-05
rs11691442	2	188318203	3.795e-07
rs10181823	2	188321173	3.795e-07
rs11689123	2	188321692	3.795e-07
rs13418253	2	188322434	3.541e-07
rs12987470	2	188323311	9.096e-07
rs13424790	2	188323852	4.668e-07
rs13425233	2	188324216	4.668e-07
rs36110670	2	188325657	5.733e-07
rs10174735	2	188326005	6.137e-07
rs12693471	2	188326763	5e-07
rs10201618	2	188326949	4.668e-07
rs13392310	2	188331184	3.152e-05
rs3771061	2	188332190	5.733e-07
rs8176592	2	188332692	3.541e-07
rs4140885	2	188333064	4.668e-07
rs8176583	2	188334401	4.067e-07
rs8176580	2	188335246	4.668e-07
rs3771059	2	188336097	4.067e-07
rs8176548	2	188340335	2.637e-05
rs8176547	2	188340349	2.637e-05
rs8176546	2	188340396	4.358e-07
rs8176541	2	188341047	5e-07
rs7598858	2	188343131	6.546e-07
rs7586970	2	188343497	4.668e-07
rs7576066	2	188343781	4.668e-07
rs8176528	2	188345017	4.358e-07
rs8176526	2	188345322	2.65e-06
rs8176501	2	188353663	1.416e-07
rs8176498	2	188353919	1.521e-07
rs3771058	2	188354127	1.121e-06
rs8176487	2	188356344	2.263e-06
rs8176479	2	188357179	3.979e-06
rs8176472	2	188358101	3.319e-06
rs35056802	2	188371396	2.602e-06
rs35870933	2	188372368	1.797e-06
rs13028645	2	188372620	2.447e-06
rs13024536	2	188376252	3.061e-06
rs35721125	2	188377732	3.663e-06
rs35612915	2	188379320	7.413e-06
rs16829088	2	188391908	1.214e-05
rs35935664	2	188396336	1.614e-05
rs34893125	2	188397339	1.525e-05
rs7573488	2	188398080	1.441e-05
rs36092110	2	188400564	1.361e-05
rs6434220	2	188401993	1.911e-05
rs113552982	2	193787181	1.661e-05
rs72925015	2	203226371	2.261e-07
rs113939272	2	203232004	2.261e-07
rs72925021	2	203233807	2.73e-07
rs72925025	2	203243342	4.406e-07
rs4303700	2	203246411	1.252e-07
rs72925038	2	203248957	1.426e-07
rs72925043	2	203258192	5.471e-08
rs72925044	2	203261278	1.173e-07
rs112610042	2	203267735	1.03e-07
rs112757487	2	203270379	1.173e-07
rs72925055	2	203272504	9.643e-08
rs72925057	2	203279414	9.643e-08
rs111536773	2	203281835	1.099e-07
rs72925065	2	203284594	1.426e-07
rs112054978	2	203291061	1.099e-07
rs111365253	2	203300426	1.03e-07
rs72925072	2	203311370	6.866e-07
rs72925077	2	203320423	5.733e-07
rs45442097	2	203328919	9.853e-08
rs72925078	2	203342617	8.455e-08
rs72925080	2	203352077	7.915e-08
rs72925083	2	203356056	7.409e-08
rs72925086	2	203357700	7.409e-08
rs72925089	2	203359566	9.643e-08
rs113091320	2	203361976	9.03e-08
rs112567756	2	203391718	1.121e-07
rs72926905	2	203394054	1.36e-07
rs72926907	2	203396047	1.196e-07
rs113251403	2	203402674	1.051e-07
rs72926913	2	203405540	1.36e-07
rs3959829	2	203407699	1.275e-07
rs111481730	2	203416915	1.36e-07
rs2351165	2	203418639	1.36e-07
rs111625492	2	203422992	9.03e-08
rs6435157	2	203441224	4.97e-08
rs6715275	2	203446320	9.235e-08
rs10182094	2	203452512	2.34e-05
rs1344629	2	203458132	1.729e-05
rs77762937	2	203467470	7.429e-06
rs72926946	2	203477868	9.407e-06
rs1971739	2	203484624	3.775e-06
rs1971740	2	203484736	5.153e-06
rs1544913	2	203484781	5.153e-06
rs72926952	2	203485086	4.553e-06
rs72926957	2	203487023	4.278e-06
rs10189685	2	203488449	7.217e-06
rs10208580	2	203490441	5.153e-06
rs56003568	2	203491699	5.153e-06
rs72926966	2	203493293	2.935e-06
rs113867238	2	203495058	3.546e-06
rs7581601	2	203497786	4.976e-06
rs35202091	2	203507663	7.913e-06
rs72926976	2	203512138	1.007e-05
rs72926986	2	203519264	1.007e-05
rs6435161	2	203519783	1.007e-05
rs72926990	2	203520420	1.807e-05
rs72927001	2	203530332	1.279e-05
rs113138131	2	203545127	1.279e-05
rs7568438	2	203547106	1.279e-05
rs112884371	2	203547816	1.136e-05
rs72928925	2	203554324	2.338e-07
rs6748088	2	203556526	1.469e-05
rs1039968	2	203557151	1.65e-05
rs72928934	2	203562740	1.469e-05
rs72928949	2	203570761	1.095e-05
rs2162495	2	203578008	1.162e-05
rs72928971	2	203591967	9.731e-06
rs7566220	2	203594559	1.095e-05
rs72930744	2	203597269	1.095e-05
rs79726235	2	213964212	9.486e-06
rs59285261	2	213973518	1.263e-05
rs962360	2	213995876	3.235e-05
rs11895629	2	224075253	3.119e-05
rs7589599	2	224083390	3.235e-05
rs1400796	2	224084303	2.956e-05
rs7565354	2	224087323	2.727e-05
rs12613694	2	224089142	3.036e-05
rs12623221	2	224089192	2.802e-05
rs969496	2	224095179	2.878e-05
rs6731997	2	232560411	9.131e-06
rs10166046	2	232560984	5.038e-06
rs58212470	2	232561579	7.16e-06
rs11899963	2	232581900	3.118e-05
rs55729107	2	232582085	3.282e-05
rs11695646	2	232584807	3.091e-05
rs72994902	2	232585117	2.643e-05
rs56037132	2	232587377	2.562e-05
rs62198647	2	232714383	1.167e-05
rs62198650	2	232716237	2.756e-05
rs35832626	2	24054647	3.122e-05
rs13006587	2	24060439	3.122e-05
rs4665929	2	27155849	3.091e-05
rs3820822	2	27155862	3.285e-05
rs4665363	2	27156416	2.735e-05
rs920437	2	27157396	2.573e-05
rs920435	2	27157788	3.122e-05
rs12615423	2	27158623	2.735e-05
rs1992311	2	27159341	2.908e-05
rs6759548	2	27161060	2.735e-05
rs3739085	2	27163044	2.735e-05
rs3820823	2	27164806	2.908e-05
rs3739088	2	27167784	2.274e-05
rs3769135	2	27168411	2.908e-05
rs11126784	2	27169842	2.009e-05
rs13017554	2	27170982	1.773e-05
rs10181727	2	27171245	2.94e-05
rs1057115	2	27172069	2.94e-05
rs13035643	2	27173341	2.768e-05
rs4665930	2	27173520	2.768e-05
rs11902826	2	27177545	2.042e-05
rs10184824	2	27177952	2.307e-05
rs11695406	2	27178129	1.214e-05
rs9309570	2	27178965	2.307e-05
rs4992933	2	27178972	1.069e-05
rs12991124	2	27179492	2.171e-05
rs10191551	2	27179963	2.307e-05
rs11887401	2	27181112	1.294e-05
rs4233714	2	27181454	2.452e-05
rs4665364	2	27182155	2.042e-05
rs4665365	2	27182160	2.171e-05
rs12468721	2	27183751	2.452e-05
rs12468761	2	27183793	2.452e-05
rs893789	2	27183970	1.139e-05
rs6745807	2	27185317	1.688e-05
rs10181777	2	27187254	1.012e-05
rs1440042	2	27187814	1.773e-05
rs4572551	2	27194013	1.773e-05
rs11897106	2	27196299	3.285e-05
rs11680032	2	27198148	2.908e-05
rs11688708	2	27199608	2.908e-05
rs11687536	2	27199754	2.908e-05
rs893790	2	27201857	3.285e-05
rs7585410	2	27202120	3.285e-05
rs714513	2	27206474	3.285e-05
rs1866655	2	27208867	3.091e-05
rs6547355	2	27210205	3.285e-05
rs6547356	2	27210302	3.091e-05
rs722911	2	27211212	2.908e-05
rs920433	2	27212526	3.091e-05
rs4665366	2	27212596	3.091e-05
rs12613822	2	27217102	3.285e-05
rs12616092	2	27217228	3.285e-05
rs11680633	2	27224209	3.091e-05
rs1440044	2	27226954	3.315e-05
rs6716275	2	27227707	3.285e-05
rs35456427	2	27233467	3.091e-05
rs13032059	2	27233789	3.285e-05
rs13032100	2	27233859	3.285e-05
rs1465881	2	27237614	3.091e-05
rs7606840	2	27243364	5.781e-06
rs2053386	2	27244712	6.168e-06
rs7355650	2	27245475	5.781e-06
rs11678188	2	27247832	5.781e-06
rs3754733	2	27249245	4.453e-06
rs11681562	2	27250603	5.781e-06
rs67100745	2	27250750	6.168e-06
rs34732613	2	27254796	9.66e-06
rs13021112	2	27259794	1.243e-05
rs1866654	2	27263122	1.096e-05
rs7584145	2	27267248	1.243e-05
rs11679069	2	27270311	1.499e-05
rs10432697	2	27272052	1.596e-05
rs11126836	2	27273128	1.806e-05
rs3806520	2	27276202	1.92e-05
rs7560144	2	27280460	1.697e-05
rs6547401	2	27284845	1.499e-05
rs13014240	2	27286398	1.697e-05
rs1078809	2	27288915	1.409e-05
rs10865461	2	27292651	1.409e-05
rs1053609	2	27293150	1.596e-05
rs4665943	2	27295885	3.344e-05
rs11126857	2	27297757	1.096e-05
rs11679681	2	27298479	1.409e-05
rs3754734	2	27299598	1.168e-05
rs2289360	2	27302165	9.66e-06
rs2011616	2	27302561	2.14e-06
rs2304682	2	27307769	1.806e-05
rs7602823	2	27309406	9.318e-06
rs6742004	2	27309659	1.324e-05
rs2119026	2	27310393	1.409e-05
rs6547413	2	27312882	1.243e-05
rs6754356	2	27315021	1.409e-05
rs6754371	2	27315064	3.315e-05
rs2304681	2	27315252	1.168e-05
rs3769139	2	27315714	1.243e-05
rs6714547	2	27321206	1.168e-05
rs10185736	2	27321224	1.029e-05
rs1131375	2	27323385	1.439e-05
rs1057394	2	27324036	2e-06
rs2384571	2	27324724	8.505e-06
rs2384572	2	27324751	7.979e-06
rs11691465	2	27334339	7.714e-06
rs13423359	2	27334900	7.241e-06
rs1866559	2	27335586	8.751e-06
rs7582361	2	27336376	8.217e-06
rs12714094	2	27336432	9.92e-06
rs6746337	2	27341063	1.627e-05
rs7560633	2	27342067	2.516e-05
rs11126871	2	27344457	1.76e-05
rs7605526	2	27345484	2.516e-05
rs4665946	2	27347931	2.637e-05
rs4665947	2	27348029	1.697e-05
rs6741646	2	27348198	2.34e-05
rs12467319	2	27348687	2.861e-06
rs1866561	2	27351279	1.096e-05
rs11695930	2	27354971	2.02e-05
rs2289358	2	27355991	1.763e-05
rs2289359	2	27356278	1.2e-05
rs11678061	2	27357619	1.61e-05
rs2304680	2	27361246	1.61e-05
rs3795961	2	27361947	1.469e-05
rs11691585	2	27362371	1.586e-05
rs1298360	2	27367798	1.093e-05
rs4665950	2	27368303	1.221e-05
rs1275518	2	27368491	9.945e-06
rs1275515	2	27370232	9.945e-06
rs1275514	2	27370530	1.093e-05
rs7606672	2	27370605	1.538e-05
rs1275511	2	27373670	2.419e-05
rs1275509	2	27374009	2.419e-05
rs11682763	2	27381905	2.735e-05
rs1898923	2	27382653	3.091e-05
rs4665955	2	27383276	2.735e-05
rs62130707	2	27499037	2.405e-05
rs1992291	2	27504312	2.669e-05
rs62130711	2	27517683	3.282e-05
rs149290349	2	43451957	1.12e-05
rs80323638	2	43469615	2.118e-05
rs2969308	2	67745805	2.498e-06
rs2683681	2	67747535	2.07e-06
rs2683680	2	67747589	2.07e-06
rs2860517	2	67749674	2.498e-06
rs2969305	2	67763972	2.673e-06
rs1568468	2	67771586	1.014e-06
rs2541032	2	67773362	1.343e-06
rs11675830	2	67776860	1.196e-05
rs4671806	2	67777158	2.186e-07
rs4381768	2	67779388	4.567e-08
rs11126134	2	67781064	2.965e-08
rs4233939	2	67782735	3.798e-08
rs4533457	2	67787348	1.641e-07
rs11126138	2	67794476	9.05e-08
rs2861640	2	67794589	7.97e-08
rs2902007	2	67795462	9.643e-08
rs2861644	2	67799964	2.197e-07
rs2861645	2	67800338	2.335e-07
rs2902008	2	67802950	2.975e-07
rs2861648	2	67803908	9.643e-08
rs12620828	2	67806472	1.912e-06
rs7598280	2	67815313	2.975e-07
rs4349334	2	67818106	1.027e-07
rs7425711	2	67820257	2.637e-07
rs4671811	2	67827416	2.197e-07
rs6546317	2	67828793	2.637e-07
rs2861681	2	67830139	2.975e-07
rs2902023	2	67830279	3.16e-07
rs4671812	2	67832486	3.564e-07
rs6546318	2	67833596	1.772e-06
rs2902024	2	67836718	4.781e-07
rs2861684	2	67837380	4.781e-07
rs2861686	2	67838051	2.975e-07
rs2861687	2	67838184	2.975e-07
rs2861689	2	67838604	3.356e-07
rs11900280	2	67840401	2.637e-07
rs4671813	2	67841835	3.16e-07
rs4671192	2	67841855	3.356e-07
rs2902025	2	67842424	3.16e-07
rs4362541	2	67842866	3.564e-07
rs4260227	2	67843537	1.497e-07
rs6717863	2	67844799	3.783e-07
rs6746394	2	67845021	2.801e-07
rs2861694	2	67845739	1.786e-08
rs2861695	2	67846727	3.564e-07
rs6730286	2	67848054	2.637e-07
rs4410279	2	67850620	2.197e-07
rs6546320	2	67851821	1.72e-07
rs6546322	2	67852253	1.618e-07
rs2861698	2	67854808	1.945e-07
rs2861700	2	67855441	2.067e-07
rs2861701	2	67855980	2.482e-07
rs2902026	2	67856440	3.158e-08
rs6546324	2	67856490	1.927e-08
rs6752799	2	67858503	1.829e-07
rs2861703	2	67861053	1.43e-07
rs6546325	2	67861901	2.067e-07
rs980227	2	67864258	2.067e-07
rs4141819	2	67864675	1.217e-08
rs1430792	2	67864744	1.829e-07
rs1430791	2	67864800	1.618e-07
rs1430790	2	67864912	1.829e-07
rs11126143	2	67865408	1.065e-08
rs1430789	2	67866370	1.618e-07
rs4671817	2	67866437	1.43e-07
rs1430788	2	67868412	1.217e-08
rs4619594	2	67868480	1.152e-08
rs1430787	2	67868498	9.646e-09
rs1023693	2	67868732	1.187e-07
rs1023692	2	67868756	2.046e-07
rs1023691	2	67868794	1.263e-07
rs1430785	2	67869292	3.314e-07
rs9309402	2	67869338	1.263e-07
rs7595894	2	67869764	9.446e-08
rs7569813	2	67869772	8.878e-08
rs11683207	2	98333290	2.91e-06
rs74855351	2	98380681	1.563e-06
rs79170240	2	98428809	1.686e-06
rs140285472	2	98512189	1.611e-06
rs77817202	2	98534734	9.619e-07
rs56397913	2	98599499	1.235e-06
rs2092727	20	18188916	2.171e-05
rs2092728	20	18188936	2.307e-05
rs6081042	20	18189140	2.307e-05
rs6136325	20	18191291	1.121e-05
rs6136326	20	18191436	1.046e-05
rs6045254	20	18192433	1.334e-05
rs6045255	20	18192544	1.259e-05
rs6081045	20	18192985	1.121e-05
rs6034992	20	18193187	1.214e-05
rs6136327	20	18193772	1.188e-05
rs2328245	20	18194427	2.077e-05
rs4911544	20	30696392	2.29e-06
rs34699730	20	30722723	2.573e-05
rs6061183	20	30727936	3.091e-05
rs6061195	20	30746248	2.735e-05
rs11907716	20	30777800	1.564e-05
rs11907235	20	30777860	1.564e-05
rs6061216	20	30782113	2.908e-05
rs911129	20	30789188	2.573e-05
rs1407013	20	30794785	2.274e-05
rs1923095	20	30795819	2.573e-05
rs6141637	20	30801016	2.274e-05
rs6141640	20	30812173	2.138e-05
rs6057540	20	30813145	2.274e-05
rs6141641	20	30815750	2.419e-05
rs2377472	20	30837493	2.419e-05
rs6087848	20	30838048	2.573e-05
rs6058597	20	30842639	2.138e-05
rs6057547	20	30845337	3.285e-05
rs6087850	20	30845689	2.419e-05
rs4911206	20	30846388	3.091e-05
rs4911207	20	30846517	2.908e-05
rs6058602	20	30847762	3.285e-05
rs6058603	20	30852122	3.091e-05
rs6057548	20	30854378	3.091e-05
rs6058611	20	30861100	2.735e-05
rs6058619	20	30881352	3.091e-05
rs4911090	20	30886906	3.091e-05
rs4911214	20	30887464	3.091e-05
rs6058631	20	30891300	2.908e-05
rs6058635	20	30891925	3.285e-05
rs1022685	20	30918762	3.285e-05
rs2027030	20	30923269	3.285e-05
rs6119834	20	30936747	2.735e-05
rs6058674	20	30985351	1.773e-05
rs1737896	20	31027514	1.697e-05
rs159428	20	31099311	2.106e-05
rs67918653	20	31102309	9.261e-06
rs910889	20	31104950	2.448e-05
rs293570	20	31105023	1.791e-05
rs6119879	20	31105389	1.671e-05
rs6119880	20	31105594	1.581e-05
rs6141741	20	31106567	1.581e-05
rs6141743	20	31107399	1.132e-05
rs159058	20	31108108	2.403e-05
rs3746614	20	31108477	2.448e-05
rs6141745	20	31108805	2.584e-05
rs910890	20	31108932	2.319e-05
rs733852	20	31111094	2.448e-05
rs1868385	20	31111293	2.197e-05
rs910891	20	31111505	2.319e-05
rs12625036	20	31112689	2.197e-05
rs879829	20	31114479	2.197e-05
rs6141746	20	31118268	2.906e-05
rs4911097	20	31121370	2.08e-05
rs4911237	20	31122344	1.97e-05
rs4911238	20	31122639	2.613e-05
rs3746615	20	31123592	2.555e-05
rs1108445	20	31127647	2.167e-05
rs1810635	20	31131309	3.002e-05
rs911529	20	31146939	3.176e-05
rs7268588	20	31154273	2.849e-05
rs6119904	20	31161755	2.698e-05
rs10875486	20	31163573	1.865e-05
rs911527	20	31165105	2.08e-05
rs34627022	20	31170277	2.348e-05
rs6141759	20	31177292	2.534e-05
rs4813675	20	4221484	1.773e-05
rs35160778	20	4222741	1.348e-05
rs3859671	20	4311534	1.379e-05
rs2426663	20	55299656	1.259e-05
rs2426668	20	55305324	8.812e-06
rs2208525	20	55305491	9.332e-06
rs2426670	20	55311677	3.185e-06
rs2426673	20	55314709	1.59e-05
rs6417337	20	55316506	2.108e-05
rs2823096	21	16522082	2.803e-05
rs6517273	21	36445050	1.469e-05
rs2834747	21	36445121	1.557e-05
rs2242901	21	36456189	2.791e-05
rs984658	21	36469136	5.034e-06
rs984659	21	36469177	8.015e-06
rs984660	21	36469279	6.151e-06
rs1475978	22	33092669	2.243e-06
rs1475979	22	33093398	1.174e-05
rs16991028	22	33095075	2.522e-06
rs10854627	22	33103918	2.723e-07
rs10854628	22	33104515	9.374e-07
rs13054529	22	33106757	2.581e-06
rs9619301	22	33107311	1.125e-06
rs7291871	22	33107956	7.869e-07
rs7291198	22	33108058	7.522e-07
rs7291090	22	33108150	6.086e-06
rs997120	22	33108536	1.076e-06
rs7286819	22	33108981	1.014e-05
rs2899193	22	33109382	3.277e-06
rs11089591	22	33110783	2.905e-06
rs16991084	22	33113375	1.271e-06
rs3827339	22	33113688	1.521e-06
rs13058500	22	33115879	1.301e-05
rs743741	22	33116109	1.242e-05
rs743742	22	33116314	1.173e-06
rs743744	22	33116669	1.361e-05
rs743745	22	33116779	1.379e-06
rs731933	22	33116782	1.655e-05
rs11704416	22	40436973	1.444e-05
rs9611257	22	40455378	3.118e-05
rs6001740	22	40460111	3.091e-05
rs28837144	22	40461508	9.631e-06
rs6001741	22	40464204	1.547e-05
rs7292999	22	40465297	1.717e-05
rs58133635	22	40471188	1.545e-05
rs6519216	22	40472399	1.835e-05
rs7284980	22	40474513	1.743e-05
rs7292602	22	40479484	1.63e-05
rs9607685	22	40479811	1.443e-05
rs7290587	22	40482752	1.743e-05
rs9607686	22	40485027	1.191e-05
rs9611263	22	40495139	1.808e-05
rs6001762	22	40495473	2.724e-05
rs6001763	22	40495644	2.724e-05
rs11705409	22	40496656	1.835e-05
rs12106521	22	40497122	1.63e-05
rs6001765	22	40498156	1.904e-05
rs34584683	22	40499107	1.518e-05
rs2064258	22	40534964	6.168e-06
rs2143177	22	40535731	6.168e-06
rs4586740	22	40540762	3.503e-06
rs4820397	22	40542688	2.673e-06
rs4586733	22	40542915	3.064e-05
rs140695498	22	40555139	2.613e-05
rs9611288	22	40587100	2.584e-05
rs8138982	22	40610398	3.148e-05
rs138049	22	40627059	5.581e-06
rs139910	22	40703888	2.319e-05
rs36067270	3	101326815	2.539e-05
rs7613198	3	101429915	2.34e-05
rs55987447	3	101444023	2.34e-05
rs9809162	3	101447386	2.484e-05
rs7621938	3	101455907	2.637e-05
rs9845802	3	101467239	2.971e-05
rs9873557	3	101475427	3.152e-05
rs62284203	3	101483208	3.344e-05
rs4683856	3	101534326	1.324e-05
rs9831100	3	101534627	1.324e-05
rs6797522	3	101543603	1.409e-05
rs2346021	3	11700713	3.315e-05
rs7650899	3	11702723	3.032e-05
rs147058194	3	127628845	2.8e-05
rs2687731	3	127888694	2.742e-05
rs2687732	3	127888978	2.506e-05
rs3122174	3	127889375	2.506e-05
rs2248668	3	127890749	1.907e-05
rs2955121	3	127891396	2.621e-05
rs2811474	3	127892851	2.718e-05
rs2999053	3	127898533	3e-05
rs2999054	3	127899986	3e-05
rs2999060	3	127900494	2.742e-05
rs2999055	3	127900522	2.742e-05
rs2999056	3	127903522	2.742e-05
rs2811517	3	127904190	2.742e-05
rs2999059	3	127905648	2.742e-05
rs2999057	3	127909758	2.506e-05
rs940061	3	127913714	2.742e-05
rs940062	3	127913828	2.395e-05
rs2811510	3	127914512	2.742e-05
rs2811483	3	127914673	2.742e-05
rs2811484	3	127914853	2.868e-05
rs2955124	3	127916490	2.868e-05
rs2140286	3	127919417	2.868e-05
rs2999058	3	127923810	3e-05
rs2955125	3	127925192	3e-05
rs2955127	3	127926516	2.868e-05
rs2955128	3	127928277	2.742e-05
rs2254379	3	127937326	3e-05
rs2955131	3	127939444	3e-05
rs2955132	3	127940226	2.868e-05
rs55775237	3	127941072	2.506e-05
rs2999088	3	127941947	3e-05
rs2955134	3	127947032	2.868e-05
rs2999035	3	127983209	3.137e-05
rs2945805	3	13699548	2.138e-05
rs2974408	3	13701760	2.735e-05
rs6792244	3	13717199	4.4e-06
rs11128653	3	13717663	3.354e-06
rs4438633	3	13718165	4.112e-06
rs6788293	3	13719848	3.354e-06
rs6775581	3	13720097	3.843e-06
rs4557142	3	13722407	2.924e-06
rs4383497	3	13722635	3.59e-06
rs11707168	3	13723205	1.214e-05
rs6770968	3	13723767	1.379e-05
rs6781248	3	13726684	2.104e-05
rs6781368	3	13726840	2.241e-05
rs6794558	3	13727067	9.755e-06
rs9823655	3	13728715	2.703e-05
rs9830904	3	13731645	2.386e-05
rs4684995	3	13758474	3.059e-05
rs4684999	3	13763150	3.354e-06
rs6789949	3	13764246	3.354e-06
rs2974384	3	13765391	3.354e-06
rs2974383	3	13765468	3.354e-06
rs2974398	3	13766245	9.755e-06
rs2974394	3	13778345	4.706e-06
rs4387948	3	13780367	4.112e-06
rs2974393	3	13780904	3.354e-06
rs2974389	3	13787641	1.438e-05
rs2974400	3	13793827	2.539e-05
rs9875578	3	13794438	3.059e-05
rs9990122	3	13797136	3.059e-05
rs4684156	3	13797445	2.703e-05
rs114112069	3	143537540	2.491e-06
rs9850073	3	190553256	2.791e-05
rs6800955	3	23139179	2.372e-05
rs4521268	3	49137904	9.57e-06
rs4513485	3	49139966	1.382e-05
rs4955411	3	49145304	5.29e-06
rs3212	3	49145741	8.996e-06
rs4292260	3	49148890	2.641e-05
rs4364202	3	49151001	8.455e-06
rs4279134	3	49156676	8.996e-06
rs6779394	3	49157771	1.018e-05
rs9865051	3	49166069	3.256e-05
rs6770112	3	49174006	1.301e-05
rs6784111	3	49178846	1.151e-05
rs4955410	3	49181218	1.301e-05
rs12493001	3	49181885	1.224e-05
rs12636030	3	49182237	1.224e-05
rs12487580	3	49182932	1.382e-05
rs36133651	3	49183955	5.298e-06
rs7632267	3	49184664	1.469e-05
rs7645551	3	49184795	1.382e-05
rs61583136	3	49189195	1.382e-05
rs4536858	3	49193081	2.14e-06
rs4308307	3	49193216	2.29e-06
rs11715581	3	49194331	2e-06
rs12490393	3	49196132	1.631e-06
rs4955418	3	49200627	1.869e-06
rs4499638	3	49202782	1.746e-06
rs6790914	3	49206318	4.504e-06
rs11130182	3	49206767	3.963e-06
rs4955420	3	49208865	5.45e-06
rs7617480	3	49210732	1.002e-05
rs10865954	3	49211989	4.504e-06
rs9586	3	49213637	1.002e-05
rs13084037	3	49214066	8.976e-06
rs9831648	3	49214303	9.486e-06
rs9834003	3	49216472	5.853e-06
rs4955421	3	49218888	5.512e-06
rs4367098	3	49219669	1.523e-06
rs7631586	3	49220137	5.055e-06
rs4955423	3	49220448	5.512e-06
rs7432077	3	49222904	4.886e-06
rs6446256	3	49224210	6.04e-06
rs7429661	3	49228800	5.853e-06
rs11130183	3	49228946	5.853e-06
rs11130184	3	49229930	1.869e-06
rs11716334	3	49230096	1.746e-06
rs6795756	3	49232728	1.239e-06
rs6808036	3	49236439	6.214e-06
rs12637576	3	49237334	1.523e-06
rs12629759	3	49237394	1.746e-06
rs6769821	3	49244657	5.055e-06
rs4955439	3	49245645	5.512e-06
rs9867285	3	49249381	5.512e-06
rs11130185	3	49249871	1.631e-06
rs2334958	3	49252364	1.746e-06
rs6446257	3	49253492	5.512e-06
rs2082923	3	49255172	5.512e-06
rs4955427	3	49260646	5.365e-06
rs11717524	3	49261594	1.631e-06
rs7652746	3	49262307	1.746e-06
rs2117938	3	49263850	1.746e-06
rs4955432	3	49266772	1.631e-06
rs2099526	3	49269758	5.512e-06
rs7619016	3	49272589	5.19e-06
rs12631989	3	49273996	2.14e-06
rs13064780	3	49274826	2.14e-06
rs35218722	3	49275805	2e-06
rs11130186	3	49275828	6.214e-06
rs11920267	3	49275964	1.631e-06
rs10154992	3	49276077	2.129e-06
rs4273407	3	49277998	2.892e-05
rs12637346	3	49284513	5.19e-06
rs4955443	3	49286618	5.512e-06
rs12629637	3	49286797	2e-06
rs35174559	3	49287759	1.746e-06
rs7626076	3	49298139	5.853e-06
rs4955417	3	49298205	4.329e-06
rs7638154	3	49299375	2e-06
rs11130187	3	49307872	3.391e-06
rs6809851	3	49309787	4.074e-06
rs6778080	3	49317338	5.853e-06
rs4955414	3	49317727	5.853e-06
rs9833388	3	49320183	2.083e-05
rs9811047	3	49328833	1.022e-05
rs3774800	3	49334768	1.145e-06
rs11710434	3	49346130	7.641e-06
rs9881860	3	49352522	8.587e-06
rs9860285	3	49355374	8.101e-06
rs11720542	3	49357427	8.587e-06
rs6809204	3	49369383	1.214e-05
rs4955430	3	49378088	1.022e-05
rs9834535	3	49378797	4.031e-06
rs6784203	3	49381678	1.147e-05
rs4955424	3	49383078	9.644e-06
rs4955425	3	49383178	1.147e-05
rs4955440	3	49388633	7.641e-06
rs11720657	3	49392620	8.587e-06
rs6790105	3	49393409	6.795e-06
rs3448	3	49396751	7.641e-06
rs974495	3	49400482	6.04e-06
rs6446262	3	49401153	7.641e-06
rs11130190	3	49402137	7.641e-06
rs9812360	3	49402351	9.644e-06
rs6796147	3	49408816	6.04e-06
rs11719762	3	49409002	6.04e-06
rs4955413	3	49410066	7.206e-06
rs6769744	3	49412015	6.04e-06
rs6775069	3	49412496	6.795e-06
rs9847585	3	49414062	6.04e-06
rs9854297	3	49417896	2.166e-05
rs62259943	3	49425167	4.804e-06
rs9842132	3	49427933	1.807e-05
rs62259944	3	49430883	2.138e-05
rs10155014	3	49432321	6.04e-06
rs6785045	3	49435243	1.807e-05
rs9861027	3	49436584	1.807e-05
rs56127630	3	49438036	1.807e-05
rs7648995	3	49438803	1.708e-05
rs2140270	3	49439440	1.807e-05
rs2177268	3	49439725	1.807e-05
rs62259947	3	49439924	1.911e-05
rs11715060	3	49442020	1.014e-06
rs9817807	3	49442548	1.708e-05
rs13096474	3	49443081	5.693e-06
rs73088137	3	49448423	1.807e-05
rs940045	3	49449638	5.693e-06
rs7620024	3	49451691	1.708e-05
rs1464569	3	49460350	6.407e-06
rs8897	3	49460407	1.807e-05
rs6446275	3	49466871	1.708e-05
rs77648866	3	49469449	2.389e-05
rs62259933	3	49469703	1.708e-05
rs6805609	3	49471522	1.807e-05
rs7619789	3	49476263	1.149e-06
rs9654010	3	49480908	2.022e-05
rs57273516	3	49483074	5.693e-06
rs138084484	3	49483193	2.138e-05
rs11923032	3	49484992	8.101e-06
rs113741748	3	49490780	1.807e-05
rs2329025	3	49496263	7.206e-06
rs1106620	3	49500414	1.911e-05
rs9860055	3	49506900	1.807e-05
rs7613491	3	49508976	2.022e-05
rs7647973	3	49510931	2.022e-05
rs9809237	3	49516350	6.04e-06
rs7355800	3	49516519	1.911e-05
rs7622786	3	49518551	6.04e-06
rs1009051	3	49521549	6.04e-06
rs62261183	3	49522458	1.911e-05
rs6783003	3	49524778	2.022e-05
rs4855858	3	49529601	6.407e-06
rs7374731	3	49533094	6.407e-06
rs7651372	3	49533931	2.26e-05
rs3870339	3	49536863	1.022e-05
rs74471041	3	49542543	2.138e-05
rs149273410	3	49543515	2.26e-05
rs7644148	3	49545241	2.138e-05
rs3905330	3	49550774	6.795e-06
rs9871024	3	49554241	1.911e-05
rs13322887	3	49555583	1.911e-05
rs12583	3	49571462	2.022e-05
rs4052546	3	49575549	8.101e-06
rs1982861	3	49577665	8.101e-06
rs4855853	3	49579331	9.101e-06
rs4855838	3	49579876	1.708e-05
rs10865956	3	49581559	7.206e-06
rs4855837	3	49582677	8.587e-06
rs3866330	3	49582994	6.795e-06
rs11130204	3	49584243	7.206e-06
rs3870341	3	49584745	7.206e-06
rs62261249	3	49594060	1.807e-05
rs7625857	3	49596462	5.693e-06
rs9862534	3	49598064	5.693e-06
rs4241407	3	49600319	6.795e-06
rs2312462	3	49601255	6.407e-06
rs11928090	3	49604904	5.693e-06
rs1532204	3	49609477	9.283e-07
rs6797299	3	49609794	9.789e-07
rs11130208	3	49615624	9.789e-07
rs6446284	3	49616997	9.789e-07
rs34890793	3	49619493	7.501e-07
rs7629322	3	49621994	7.913e-07
rs9869120	3	49624065	1.032e-06
rs9869256	3	49624095	1.209e-06
rs6446285	3	49626306	1.209e-06
rs1491983	3	49639803	9.789e-07
rs4241405	3	49642027	8.764e-07
rs11130211	3	49645209	1.032e-06
rs12637313	3	49645458	1.274e-06
rs11721148	3	49646669	1.088e-06
rs2029591	3	49646981	1.274e-06
rs1463728	3	49647404	1.088e-06
rs62262671	3	49649873	3.094e-07
rs1352889	3	49652148	2.787e-08
rs4855849	3	49653378	3.571e-08
rs4855848	3	49653457	3.571e-08
rs62262672	3	49655927	4.847e-07
rs4855833	3	49657441	3.357e-08
rs13096480	3	49658084	3.798e-08
rs62262673	3	49661634	2.597e-07
rs2131108	3	49665390	4.039e-08
rs9883000	3	49667691	4.295e-08
rs1586827	3	49671224	4.856e-08
rs62262675	3	49673662	2.912e-07
rs9824435	3	49674343	7.601e-08
rs9830730	3	49675875	4.567e-08
rs2329021	3	49679072	4.567e-08
rs10452032	3	49680973	4.567e-08
rs6446286	3	49681704	4.856e-08
rs4855846	3	49683526	4.567e-08
rs1078341	3	49685592	4.567e-08
rs4855845	3	49687043	4.295e-08
rs55754265	3	49687486	4.007e-07
rs6774202	3	49687779	3.571e-08
rs4855885	3	49690199	5.162e-08
rs4855882	3	49715354	5.831e-08
rs3020779	3	49724808	7.066e-08
rs11130217	3	49737323	8.068e-08
rs1491985	3	49739507	4.295e-08
rs11709734	3	49745235	4.039e-08
rs12715437	3	49751856	3.798e-08
rs11720705	3	49753788	4.567e-08
rs7628207	3	49754970	4.039e-08
rs9870858	3	49769071	4.295e-08
rs62262722	3	49769419	5.422e-07
rs9835157	3	49797769	3.639e-07
rs7621797	3	49798864	3.853e-07
rs6804970	3	49804290	6.774e-07
rs62262730	3	49808274	8.448e-07
rs9870755	3	49809841	6.408e-07
rs148383796	3	49811047	6.062e-07
rs7613603	3	49812866	6.774e-07
rs62260663	3	49814949	3.639e-07
rs9829155	3	49817450	3.853e-07
rs9836756	3	49822909	3.853e-07
rs9851651	3	49825326	3.639e-07
rs9851930	3	49825369	1.908e-06
rs7620848	3	49828021	6.408e-07
rs7637711	3	49829653	3.436e-07
rs6809879	3	49834571	3.264e-07
rs6790568	3	49835450	4.319e-07
rs58339610	3	49845006	8.448e-07
rs1799844	3	49847642	7.995e-07
rs28535523	3	49848414	6.062e-07
rs62260720	3	49853796	3.639e-07
rs55997059	3	49858661	7.995e-07
rs35129566	3	49866584	4.839e-07
rs7649428	3	49868876	4.571e-07
rs61557789	3	49871201	8.925e-07
rs62260723	3	49872124	6.062e-07
rs59684465	3	49874246	8.925e-07
rs1996663	3	49878264	1.395e-07
rs1996664	3	49878395	6.408e-07
rs77941694	3	49886319	1.103e-06
rs59357103	3	49890967	1.343e-06
rs62260755	3	49898318	1.298e-07
rs3796386	3	49899795	5.225e-06
rs11130222	3	49901060	6.365e-06
rs2883059	3	49902160	7.253e-06
rs6446187	3	49907111	2.241e-05
rs952594	3	49908023	4.576e-06
rs1317154	3	49910084	2.104e-05
rs55692411	3	49911155	4.576e-06
rs34654589	3	49911449	5.225e-06
rs11712056	3	49914397	5.733e-07
rs9862795	3	49915506	1.564e-06
rs7613360	3	49916710	4.972e-07
rs9843653	3	49920571	1.041e-05
rs11713193	3	49924424	1.185e-05
rs1062633	3	49924940	9.138e-06
rs7627864	3	49926613	6.151e-06
rs6795703	3	49930215	1.264e-05
rs2230590	3	49936102	9.138e-06
rs11130224	3	49936910	1.185e-05
rs7615206	3	49937505	5.755e-06
rs3774758	3	49938227	9.755e-06
rs3774759	3	49939120	5.755e-06
rs3733134	3	49939503	5.383e-06
rs3733135	3	49939587	1.041e-05
rs2280406	3	49941436	2.539e-05
rs2352984	3	49948728	5.383e-06
rs868891	3	49949071	8.812e-06
rs7634084	3	49949834	9.755e-06
rs9848497	3	49951316	9.138e-06
rs142344547	3	49956036	7.223e-06
rs11709573	3	49956628	7.253e-06
rs35275715	3	49959148	5.961e-06
rs34034116	3	49959156	6.365e-06
rs62262093	3	49960388	1.185e-05
rs6774354	3	49961780	5.034e-06
rs6771546	3	49968572	1.634e-05
rs62262097	3	49970310	1.265e-05
rs7613875	3	49971514	4.112e-06
rs7627910	3	49971831	7.741e-06
rs55751738	3	49972101	1.634e-05
rs7621026	3	49975334	1.634e-05
rs7609971	3	49975654	1.533e-05
rs6772095	3	49978069	1.533e-05
rs72942333	3	49986118	1.533e-05
rs7615318	3	49987475	6.057e-06
rs11706185	3	49988065	1.348e-05
rs71326904	3	49991060	8.066e-06
rs11709503	3	49991167	1.438e-05
rs62262106	3	49991427	7.619e-06
rs11130226	3	49993191	1.741e-05
rs11130227	3	49993319	5.417e-06
rs138736131	3	49994442	2.835e-06
rs6792892	3	49995518	1.741e-05
rs13077403	3	49996053	1.741e-05
rs13079006	3	49996924	1.533e-05
rs2624843	3	49997963	1.855e-05
rs2883057	3	49998282	1.634e-05
rs62262114	3	49999086	2.241e-05
rs12496973	3	50002245	1.741e-05
rs11130228	3	50003246	1.741e-05
rs62262118	3	50003586	9.037e-06
rs2252833	3	50004209	1.741e-05
rs6446189	3	50008566	1.533e-05
rs35065728	3	50009176	1.741e-05
rs2624819	3	50010571	1.438e-05
rs2681778	3	50011095	1.214e-05
rs11130229	3	50011540	1.634e-05
rs6780731	3	50017478	1.634e-05
rs11130233	3	50018585	1.855e-05
rs2681776	3	50020437	1.634e-05
rs4688690	3	50022292	1.634e-05
rs9853222	3	50022926	1.634e-05
rs13082703	3	50025006	1.533e-05
rs13060128	3	50025028	1.741e-05
rs146958887	3	50025158	3.924e-06
rs12485600	3	50025530	1.741e-05
rs34080578	3	50026029	1.634e-05
rs2353579	3	50027774	1.741e-05
rs4688758	3	50028385	1.634e-05
rs2624832	3	50030858	1.634e-05
rs35012435	3	50031840	7.413e-06
rs17657664	3	50032008	1.533e-05
rs17657688	3	50033228	1.438e-05
rs4688757	3	50035323	1.741e-05
rs4688689	3	50035542	1.741e-05
rs3774733	3	50037123	1.634e-05
rs6767381	3	50037940	1.634e-05
rs11925192	3	50038664	1.855e-05
rs7628058	3	50039474	1.741e-05
rs4688756	3	50040194	1.976e-05
rs6765484	3	50041313	2.241e-05
rs12634780	3	50043341	1.266e-06
rs9812936	3	50043654	1.359e-06
rs7635601	3	50044006	1.858e-06
rs6787892	3	50046112	8.32e-06
rs7634917	3	50049299	1.806e-05
rs7645466	3	50049958	5.034e-06
rs6446191	3	50052834	4.706e-06
rs6446193	3	50059758	2.009e-05
rs13071931	3	50062878	8.32e-06
rs35375092	3	50065274	8.32e-06
rs6446194	3	50067298	4.112e-06
rs35849525	3	50067350	3.319e-06
rs2526750	3	50070279	3.843e-06
rs138014720	3	50070843	2.81e-06
rs6446195	3	50070853	4.706e-06
rs7624030	3	50071279	4.112e-06
rs7634441	3	50071677	4.112e-06
rs9844201	3	50072152	4.4e-06
rs4688754	3	50074641	4.4e-06
rs4688753	3	50074773	4.112e-06
rs2526749	3	50076734	3.843e-06
rs7430334	3	50078221	4.4e-06
rs9682295	3	50081107	4.4e-06
rs2526747	3	50082914	6.167e-07
rs17304079	3	50085153	3.124e-06
rs2624824	3	50088266	1.533e-05
rs6446197	3	50088943	5.733e-07
rs2624823	3	50089690	1.185e-05
rs6762477	3	50093209	5.034e-06
rs2624815	3	50098112	5.034e-06
rs6793528	3	50100188	4.706e-06
rs13097720	3	50101468	7.854e-06
rs138916547	3	50101637	1.696e-06
rs115669815	3	50102446	4.198e-06
rs2624822	3	50107219	5.034e-06
rs3774734	3	50108792	5.034e-06
rs2240327	3	50113034	1.264e-05
rs7061	3	50114515	6.632e-07
rs2526743	3	50115245	1.438e-05
rs2624816	3	50117312	1.348e-05
rs34831713	3	50118748	1.533e-05
rs71326915	3	50119256	1.298e-05
rs55924524	3	50120257	2.602e-06
rs10049087	3	50123417	1.348e-05
rs143336190	3	50124950	2.602e-06
rs9681286	3	50125219	8.2e-07
rs2526754	3	50125996	1.533e-05
rs2247510	3	50126215	6.167e-07
rs2240326	3	50128386	1.264e-05
rs2624853	3	50128893	1.348e-05
rs2013208	3	50129399	1.438e-05
rs7648652	3	50135412	2.602e-06
rs6808044	3	50136165	6.632e-07
rs13095697	3	50136463	1.07e-05
rs1061474	3	50144951	8.2e-07
rs2301166	3	50148305	1.348e-05
rs62263602	3	50152491	1.197e-05
rs1138536	3	50153356	8.2e-07
rs2624826	3	50155468	8.803e-07
rs2624829	3	50156695	8.2e-07
rs2856238	3	50158191	8.2e-07
rs2856237	3	50158774	8.2e-07
rs2071207	3	50159844	1.264e-05
rs2008877	3	50162291	9.138e-06
rs2624848	3	50165101	9.449e-07
rs4688686	3	50169715	1.111e-05
rs2189691	3	50174025	1.553e-05
rs7428430	3	50174184	1.041e-05
rs7642934	3	50174848	2.104e-05
rs2526387	3	50175348	5.54e-06
rs2014004	3	50175940	5.874e-06
rs2624846	3	50176739	5.092e-06
rs11714286	3	50185508	1.678e-06
rs2526397	3	50187790	2.138e-05
rs2526390	3	50192760	1.657e-05
rs2624841	3	50198415	1.56e-05
rs12631337	3	50198537	3.953e-08
rs3774745	3	50204745	3.132e-06
rs3774749	3	50207227	3.843e-06
rs3774750	3	50208406	3.354e-06
rs2624835	3	50209049	1.984e-05
rs3774751	3	50209053	5.755e-06
rs67627084	3	50216114	8.856e-07
rs13059311	3	50216421	2.831e-05
rs9831967	3	50217234	1.492e-07
rs13085567	3	50217654	8.241e-07
rs9858297	3	50218879	4.976e-06
rs13067082	3	50221715	2.516e-05
rs1046956	3	50222926	2.516e-05
rs2073726	3	50223593	4.952e-07
rs11717349	3	50223977	5.329e-07
rs12637671	3	50224562	2.235e-05
rs11711407	3	50225029	4.952e-07
rs14321	3	50226151	2.372e-05
rs9858059	3	50227871	6.167e-07
rs3755831	3	50228767	9.515e-07
rs11919418	3	50233215	2.516e-05
rs13064381	3	50233317	3.182e-05
rs34877766	3	50234126	2.548e-06
rs4688745	3	50240338	7.504e-06
rs1858828	3	50242387	1.741e-05
rs2282749	3	50250837	2.539e-05
rs9839427	3	50301584	5.45e-06
rs4955940	3	55223073	2.042e-05
rs9811201	3	55225472	5.755e-06
rs7649090	3	55226399	7.024e-06
rs11130462	3	55226941	1.111e-05
rs11130464	3	55228213	1.264e-05
rs9818965	3	55228586	3.59e-06
rs73090008	3	60349431	1.232e-05
rs34663955	3	65396601	2.34e-05
rs12489099	3	65397694	2.484e-05
rs4128804	3	65398064	2.484e-05
rs17718444	3	71499401	2.138e-05
rs17656627	3	71506510	1.018e-05
rs17718640	3	71506920	2.106e-05
rs76204832	3	71513336	9.57e-06
rs62246055	3	71515183	1.382e-05
rs6549391	3	71529915	1.657e-05
rs62247167	3	71533935	1.224e-05
rs62247168	3	71535682	1.498e-05
rs62247169	3	71536056	1.411e-05
rs62247170	3	71536083	1.329e-05
rs62247171	3	71536301	2.403e-05
rs62247173	3	71536974	1.329e-05
rs59404643	3	71537399	1.251e-05
rs60405683	3	71538137	1.498e-05
rs6549392	3	71538696	1.329e-05
rs7617592	3	71539020	1.411e-05
rs6549393	3	71539046	1.59e-05
rs73837358	3	71540853	1.59e-05
rs55863231	3	71541499	2.138e-05
rs62247034	3	71545798	3.002e-05
rs62247035	3	71546358	2.267e-05
rs6798184	3	71546773	2.862e-05
rs57462727	3	71548258	3.212e-05
rs10222594	3	71554856	3.212e-05
rs9853072	3	71555136	3.212e-05
rs17718736	3	71555205	3.032e-05
rs112743340	3	71559214	3.212e-05
rs56050872	3	72961267	1.132e-05
rs1031035	4	102223084	1.961e-05
rs1530259	4	102224910	2.077e-05
rs2583398	4	102228696	2.465e-05
rs2583396	4	102229778	2.639e-05
rs2850367	4	102231463	3.241e-05
rs2583399	4	102236914	2.579e-05
rs2850371	4	102240747	3.062e-05
rs2583395	4	102241741	2.892e-05
rs2850372	4	102247191	3.241e-05
rs2583392	4	102259365	2.579e-05
rs2850326	4	102264575	2.169e-05
rs2583391	4	102267453	1.748e-05
rs2850328	4	102268940	2.609e-05
rs223498	4	103651962	1.111e-05
rs223497	4	103653976	1.264e-05
rs223348	4	103779007	9.755e-06
rs223347	4	103779972	5.034e-06
rs223346	4	103780496	4.706e-06
rs223345	4	103780523	1.185e-05
rs223344	4	103780922	1.185e-05
rs223343	4	103781065	5.755e-06
rs223342	4	103781159	2.241e-05
rs223341	4	103783500	9.138e-06
rs223337	4	103786371	3.254e-05
rs223334	4	103788211	3.059e-05
rs35929077	4	14506908	3.297e-05
rs13118306	4	15477812	2.94e-05
rs4698386	4	15478854	2.241e-05
rs4140933	4	15490752	3.059e-05
rs45445591	4	175432997	7.913e-06
rs2612659	4	175433338	1.07e-05
rs1863641	4	175433720	1.523e-05
rs1863642	4	175433913	1.007e-05
rs11722919	4	175434074	1.794e-05
rs6846029	4	175434954	1.794e-05
rs12500316	4	175440024	5.717e-06
rs114221066	4	36789883	3.043e-05
rs13130324	4	55832745	2.8e-05
rs7667898	4	55833299	2.971e-05
rs6554219	4	55833647	3.344e-05
rs4599477	4	55833898	2.8e-05
rs13114647	4	55837578	2.637e-05
rs13127753	4	55839523	1.272e-05
rs4317261	4	55840120	1.196e-05
rs13104623	4	55842065	1.196e-05
rs13138898	4	55842473	1.196e-05
rs13110915	4	55842535	1.196e-05
rs13144612	4	55842653	6.795e-06
rs4320192	4	55843036	1.124e-05
rs4336286	4	55843059	1.439e-05
rs4337782	4	55843206	1.124e-05
rs4524450	4	55843272	1.196e-05
rs4259115	4	55843565	1.124e-05
rs6826834	4	55843958	1.272e-05
rs13127180	4	55844584	1.124e-05
rs13126236	4	55844871	2.94e-05
rs4569809	4	55845361	1.272e-05
rs4334808	4	55845369	1.729e-05
rs13129153	4	55847351	1.196e-05
rs13146834	4	55847375	1.124e-05
rs6554222	4	55848214	1.124e-05
rs6554223	4	55848220	1.124e-05
rs7657044	4	55848703	1.272e-05
rs61696777	4	55849637	1.196e-05
rs71624987	4	55849729	1.196e-05
rs13111813	4	55850160	1.272e-05
rs13111838	4	55850190	1.272e-05
rs13106311	4	55850214	1.272e-05
rs6820549	4	55850388	1.196e-05
rs6821744	4	55850984	1.272e-05
rs13101685	4	55853268	1.196e-05
rs12506838	4	55854669	1.353e-05
rs6822702	4	55855122	1.272e-05
rs6855211	4	55855586	1.272e-05
rs6823712	4	55855658	1.272e-05
rs12500551	4	55855948	1.272e-05
rs13124074	4	55856359	1.53e-05
rs4605720	4	55859653	1.272e-05
rs12506423	4	55864307	1.353e-05
rs1075065	4	55867218	1.56e-05
rs13101326	4	55871755	1.729e-05
rs13101777	4	55872185	1.53e-05
rs57266861	4	55876912	2.106e-05
rs7656722	4	55906232	2.191e-05
rs6820336	4	55907353	2.839e-05
rs6820371	4	55907390	2.839e-05
rs6819898	4	55907817	2.191e-05
rs57528857	4	55908017	2.562e-05
rs9996650	4	55913370	2.669e-05
rs10019901	4	55913461	1.781e-05
rs7441352	4	55913934	1.77e-05
rs7665169	4	55916063	1.69e-05
rs61158582	4	55917808	1.77e-05
rs9998321	4	55922489	2.138e-05
rs6840090	4	55923859	1.167e-05
rs10016064	4	55970205	1.941e-05
rs1380057	4	55989675	2.245e-13
rs73236104	4	55990954	1.107e-20
rs12502008	4	55991042	1.246e-08
rs7667298	4	55991731	2.55e-10
rs9994560	4	55991827	4.221e-12
rs41408948	4	55992025	1.741e-20
rs55713360	4	55992067	8.924e-09
rs28695311	4	55992105	5.685e-12
rs2239702	4	55992139	5.986e-21
rs2071559	4	55992366	4.221e-12
rs28517654	4	55993468	2.156e-22
rs1551641	4	55993915	3.056e-24
rs1551642	4	55994210	2.67e-24
rs1551643	4	55994226	4.001e-24
rs1551644	4	55994266	6.917e-24
rs1551645	4	55994314	3.497e-24
rs9992737	4	55995061	2.156e-22
rs36146043	4	55995979	4.577e-24
rs73236106	4	55996712	1.903e-22
rs9998950	4	55996845	1.066e-20
rs10020668	4	55996903	2.156e-22
rs10013070	4	55997201	1.066e-20
rs10013228	4	55997340	1.68e-22
rs28584303	4	55997622	1.903e-22
rs12331597	4	55997914	4.001e-24
rs12331538	4	55998086	1.903e-22
rs10026340	4	55998136	1.196e-20
rs62304730	4	55998433	8.493e-08
rs17711225	4	55999185	1.978e-21
rs17773240	4	55999781	8.983e-23
rs28411232	4	56000009	1.018e-22
rs17711320	4	56000053	8.983e-23
rs12331471	4	56001509	8.983e-23
rs10517343	4	56002267	7.922e-23
rs9312655	4	56002665	7.922e-23
rs10012589	4	56002689	7.922e-23
rs10012701	4	56002776	7.922e-23
rs1380069	4	56002782	2.55e-10
rs10517342	4	56002858	1.141e-08
rs9312656	4	56002972	8.983e-23
rs9284955	4	56003117	2.227e-21
rs9312657	4	56003502	8.983e-23
rs1350545	4	56004454	2.227e-21
rs9312658	4	56005526	2.037e-24
rs12505096	4	56006102	8.983e-23
rs78672425	4	56006336	1.224e-05
rs6842494	4	56006873	3.126e-08
rs12498317	4	56007093	1.965e-22
rs28838369	4	56007249	1.965e-22
rs73236109	4	56007425	2.037e-24
rs1903068	4	56008477	1.553e-24
rs17773813	4	56008969	1.779e-24
rs28680424	4	56009245	1.965e-22
rs4516787	4	56010165	5.987e-24
rs12331507	4	56011889	1.465e-22
rs1350543	4	56014389	8.433e-12
rs1350542	4	56014393	1.709e-12
rs2219469	4	56014425	2.315e-12
rs6837695	4	56015840	2.56e-12
rs4864956	4	56015841	1.709e-12
rs1458829	4	56016071	1.709e-12
rs7686613	4	56016721	1.709e-12
rs1580217	4	56017274	1.892e-12
rs1580216	4	56017283	1.892e-12
rs13143757	4	56017967	1.709e-12
rs73236111	4	56019068	7.798e-22
rs11935409	4	56019139	1.709e-12
rs11936364	4	56019253	1.709e-12
rs11935575	4	56019596	8.575e-09
rs2125493	4	56020939	9.303e-12
rs1547512	4	56022496	9.303e-12
rs1547511	4	56022668	1.131e-11
rs9997685	4	56022903	1.856e-21
rs2899031	4	56022968	1.892e-12
rs2412637	4	56023445	1.709e-12
rs7679993	4	56023617	2.093e-12
rs7680198	4	56023737	1.545e-12
rs7696256	4	56023747	1.545e-12
rs7675314	4	56023763	1.028e-12
rs17712245	4	56024063	2.56e-12
rs17774236	4	56024084	4.7e-14
rs17081840	4	56024179	1.545e-12
rs62304733	4	56024199	3.821e-12
rs17774325	4	56024562	1.083e-05
rs11722032	4	56024698	1.949e-08
rs6554237	4	56025361	2.025e-11
rs4356965	4	56025616	6.664e-08
rs7662807	4	56025677	5.961e-06
rs7693746	4	56025997	5.961e-06
rs1380061	4	56026125	5.961e-06
rs1380062	4	56026189	5.961e-06
rs1380063	4	56026192	5.581e-06
rs1380064	4	56026462	6.365e-06
rs4241992	4	56026601	1.002e-05
rs4864957	4	56026726	1.002e-05
rs2412627	4	56027573	5.021e-13
rs10050046	4	56029060	8.217e-06
rs3986292	4	56029474	1.327e-06
rs6554238	4	56030064	2.034e-06
rs2577056	4	95447259	6.952e-08
rs2162346	4	95447392	3.081e-07
rs2510778	4	95458450	2.951e-08
rs2452583	4	95461516	3.295e-08
rs2510773	4	95469308	9.102e-09
rs1493112	4	95472630	8.411e-09
rs2452578	4	95473162	1.701e-08
rs3133150	4	95474122	1.347e-08
rs2452591	4	95476719	5.377e-08
rs2510770	4	95479372	7.635e-09
rs2452592	4	95481367	5.377e-08
rs2510767	4	95484001	3.948e-08
rs2452597	4	95493246	2.315e-08
rs2452598	4	95493721	2.315e-08
rs2452599	4	95495573	2.912e-08
rs2452009	4	95495908	2.912e-08
rs2452600	4	95496882	3.39e-08
rs4699299	4	95501166	1.532e-08
rs4699540	4	95501167	1.927e-08
rs6845201	4	95501719	3.39e-08
rs7682375	4	95505592	3.944e-08
rs35044129	4	95512844	3.142e-08
rs66542996	4	95521086	5.681e-08
rs12510147	4	95521863	3.657e-08
rs10015716	4	95548550	6.168e-06
rs7674144	4	95554249	4.626e-06
rs17021918	4	95562877	1.124e-05
rs35964087	4	95570165	9.065e-06
rs2136486	4	95571976	1.029e-05
rs12511169	4	95573998	7.979e-06
rs2280003	4	95575601	8.751e-06
rs13121500	4	95577290	8.751e-06
rs6837308	4	95577397	8.751e-06
rs12505788	4	95578217	9.318e-06
rs4699316	4	95579366	7.241e-06
rs12500116	4	95579739	9.318e-06
rs7694162	4	95580095	8.217e-06
rs7659399	4	95581345	8.217e-06
rs61597100	4	95582026	1.353e-05
rs6817664	4	95582213	1.353e-05
rs6822544	4	95582359	1.272e-05
rs10590	4	95586279	1.627e-05
rs1043848	4	95587675	1.439e-05
rs3762876	4	95589477	1.627e-05
rs17021972	4	95590158	1.53e-05
rs998071	4	95591976	1.729e-05
rs7681843	4	95595308	1.382e-05
rs72617704	4	95618520	6.977e-08
rs72617705	4	95620225	1.952e-08
rs72882212	4	95622132	1.873e-07
rs112426558	4	95625314	8.235e-08
rs11735755	4	95628481	1.17e-07
rs2036754	4	95635177	3.003e-08
rs978429	4	95653664	3.091e-05
rs34328418	4	95676440	2.8e-05
rs56214010	4	95676710	2.637e-05
rs12508481	4	95680361	1.837e-05
rs4699361	4	95680865	2.34e-05
rs62316512	4	95681448	2.8e-05
rs34016280	4	95682861	2.034e-06
rs4699364	4	95684029	3.467e-06
rs4699673	4	95688603	9.131e-06
rs28676957	4	95903741	1.069e-05
rs3775031	4	95905449	9.399e-06
rs6831094	4	95912731	1.294e-05
rs10023544	4	95927802	6.151e-06
rs12500473	4	95933337	9.138e-06
rs6832300	4	95935914	9.755e-06
rs1348605	4	95936263	9.755e-06
rs12647875	4	95942472	8.015e-06
rs6815044	4	95943641	8.559e-06
rs28663472	4	95948204	6.151e-06
rs7679627	4	95949153	5.755e-06
rs6816624	4	95970504	3.059e-05
rs2077385	4	95976882	1.908e-05
rs2114534	4	95984379	1.908e-05
rs7688238	4	95989189	3.843e-06
rs3857226	4	96000001	3.059e-05
rs6846028	4	96016762	3.254e-05
rs34336893	4	98241185	2.372e-05
rs7661470	4	98241380	2.516e-05
rs55747751	5	132397351	2.155e-05
rs72801474	5	132444128	2.247e-05
rs7701346	5	133828356	2.009e-05
rs4958241	5	133829990	2.498e-06
rs6871635	5	133830395	3.061e-06
rs67672984	5	133832076	2.452e-05
rs10793821	5	133836209	3.275e-06
rs1476096	5	133837021	7.741e-06
rs1981627	5	133838180	8.26e-06
rs10079478	5	133840796	1.765e-05
rs10071662	5	133840929	1.97e-05
rs17644077	5	133841675	2.08e-05
rs77014415	5	133843944	2.836e-05
rs4958244	5	133845380	4.282e-06
rs4559047	5	133848660	4.282e-06
rs11242218	5	133848688	4.005e-06
rs11242219	5	133848760	6.58e-06
rs10900829	5	133848917	4.005e-06
rs6860961	5	133849687	4.576e-06
rs6891328	5	133851526	4.576e-06
rs329113	5	133856408	4.282e-06
rs329114	5	133857708	3.746e-06
rs329117	5	133860101	4.005e-06
rs329118	5	133861663	2.241e-05
rs329120	5	133861756	1.741e-05
rs329121	5	133863352	4.005e-06
rs329122	5	133864599	1.976e-05
rs329124	5	133865452	1.533e-05
rs4958248	5	133869719	3.113e-05
rs7728894	5	142162633	8.943e-07
rs1799293	5	142163145	4.762e-06
rs9324897	5	142168459	4.644e-06
rs2946164	5	157884706	5.403e-08
rs2946179	5	157886627	3.798e-08
rs7729301	5	157886953	4.375e-08
rs11743708	5	157887508	2.751e-05
rs6881817	5	157887966	2.578e-08
rs6881996	5	157888115	2.578e-08
rs2946160	5	157891878	1.994e-08
rs2964481	5	157892530	4.695e-08
rs2963463	5	157895049	1.521e-07
rs2963462	5	157896786	8.002e-08
rs2964484	5	157897437	3.798e-08
rs11135036	5	157901024	3.317e-08
rs2964485	5	157904839	3.1e-08
rs2963457	5	157907974	9.03e-08
rs2963456	5	157908966	6.093e-07
rs2964487	5	157913840	6.881e-07
rs6862472	5	157916714	1.587e-06
rs2946167	5	157918342	8.248e-07
rs2946168	5	157918940	8.18e-07
rs10050393	5	157918946	3.969e-07
rs2946169	5	157918959	8.248e-07
rs2964488	5	157919072	8.248e-07
rs2946171	5	157921940	6.881e-07
rs2964489	5	157922158	3.18e-06
rs2964490	5	157922601	1.784e-06
rs10042492	5	157923885	7.11e-07
rs2964491	5	157924224	2.252e-06
rs2964492	5	157924232	1.891e-06
rs2963455	5	157924306	3.773e-06
rs2946174	5	157924630	3.301e-06
rs2946175	5	157924631	3.119e-06
rs62384972	5	157925224	4.962e-07
rs13354321	5	157925297	1.899e-06
rs116752058	5	165474410	2.669e-05
rs79596863	5	165487450	1.984e-05
rs55940947	5	38605918	3.002e-05
rs9688046	5	38607921	3.182e-05
rs7448510	5	39777915	3.269e-05
rs355728	5	39958556	3.325e-05
rs2652163	5	39976098	3.325e-05
rs7446150	5	50332780	3.354e-06
rs6872395	5	52847798	2.7e-05
rs115018719	5	66223574	2.774e-05
rs164795	5	68336958	2.138e-05
rs164796	5	68337426	1.214e-05
rs164798	5	68337984	1.294e-05
rs4703916	5	82027284	4.693e-07
rs986275	5	82040368	2.419e-05
rs4703918	5	82040476	1.521e-07
rs11948759	5	82043162	2.637e-05
rs10514243	5	82044105	2.338e-07
rs11742339	5	82046972	1.681e-07
rs13177597	5	82052282	4.544e-07
rs10942308	5	82054744	2.14e-06
rs918619	5	82056588	2e-06
rs13159572	5	82061435	1.025e-05
rs1423516	5	82062759	9.195e-06
rs13157147	5	82063926	5.086e-06
rs13160683	5	82078923	7.65e-06
rs10044618	5	87781168	1.888e-05
rs26579	5	87985295	6.795e-06
rs27732	5	87992576	9.399e-06
rs410671	5	87993198	1.888e-05
rs34338	5	87993365	2.009e-05
rs12191154	6	111984315	1.508e-05
rs75283585	6	111988259	7.733e-06
rs118086828	6	112041632	2.651e-05
rs12205980	6	112055186	2.839e-05
rs6569431	6	125919450	1.564e-05
rs6569432	6	125919535	1.379e-05
rs7771195	6	125920715	1.069e-05
rs9375404	6	125927895	1.214e-05
rs4895796	6	125929988	5.417e-06
rs4895797	6	125949665	2.613e-05
rs10872298	6	125956348	2.419e-05
rs9401836	6	125956736	2.573e-05
rs9401837	6	125956853	2.735e-05
rs12175748	6	125965464	2.573e-05
rs9388442	6	125972608	2.274e-05
rs9375409	6	125972798	2.274e-05
rs4897149	6	125980018	1.888e-05
rs1832937	6	125985934	8.559e-06
rs11964098	6	125988575	3.471e-06
rs1832938	6	125988964	3.309e-09
rs12527010	6	125991507	3.953e-08
rs9491471	6	125991715	3.037e-09
rs1418637	6	125992553	5.618e-08
rs1343120	6	125992810	3.604e-09
rs4897151	6	125993202	3.309e-09
rs6940748	6	125994080	3.925e-09
rs1935772	6	125994708	3.604e-09
rs6904069	6	125995134	3.604e-09
rs2226158	6	125995467	3.349e-10
rs2211418	6	125995503	1.52e-09
rs2211419	6	125995533	3.925e-09
rs2211420	6	125995549	4.274e-09
rs1418951	6	125996185	3.604e-09
rs1935773	6	125996475	1.393e-09
rs1935774	6	125996661	1.973e-09
rs1832979	6	125997436	1.809e-09
rs1832980	6	125997444	2.557e-09
rs6569435	6	125998186	3.604e-09
rs2326292	6	125999674	6.072e-08
rs1418642	6	125999768	3.604e-09
rs1418641	6	125999854	3.604e-09
rs1418640	6	125999866	3.604e-09
rs1418639	6	125999940	3.925e-09
rs4895798	6	126000162	3.604e-09
rs8180614	6	126000599	3.604e-09
rs1954360	6	126001064	4.274e-09
rs1954361	6	126001423	4.274e-09
rs9321050	6	126001568	3.925e-09
rs4897152	6	126002400	4.274e-09
rs1935979	6	126002774	4.274e-09
rs4897153	6	126003403	3.925e-09
rs9401843	6	126004124	3.925e-09
rs1739367	6	126004720	4.274e-09
rs1777194	6	126004883	3.925e-09
rs2747724	6	126004935	4.274e-09
rs2797154	6	126005197	4.274e-09
rs1739352	6	126005310	4.274e-09
rs983543	6	126005767	4.274e-09
rs1777195	6	126006861	3.925e-09
rs1418948	6	126007018	1.393e-09
rs1777197	6	126007401	3.285e-09
rs1739366	6	126007409	2.774e-09
rs2747714	6	126007620	1.393e-09
rs2747715	6	126007719	1.169e-09
rs2797156	6	126007996	1.393e-09
rs2747717	6	126008435	2.149e-09
rs2747718	6	126009109	8.969e-10
rs2747719	6	126009214	8.969e-10
rs2797158	6	126009398	8.969e-10
rs2747720	6	126009458	8.969e-10
rs2747721	6	126009527	8.969e-10
rs2797159	6	126009557	8.969e-10
rs2747722	6	126009629	8.969e-10
rs2797160	6	126010116	1.973e-09
rs75839389	6	126010292	4.225e-06
rs2797161	6	126010789	1.406e-09
rs2747723	6	126010790	1.406e-09
rs1739368	6	126011079	1.662e-09
rs1739370	6	126011231	2.767e-08
rs1739371	6	126011291	1.811e-09
rs1739372	6	126011325	1.811e-09
rs2797162	6	126011381	1.811e-09
rs1739373	6	126011509	1.662e-09
rs1739374	6	126011825	4.228e-09
rs1777183	6	126011995	4.228e-09
rs1739375	6	126012013	4.228e-09
rs1739376	6	126012084	4.228e-09
rs1739377	6	126012236	4.228e-09
rs1739378	6	126012262	1.662e-09
rs2747725	6	126012397	4.228e-09
rs1739379	6	126012593	4.598e-09
rs1739380	6	126012858	4.228e-09
rs1630556	6	126013155	4.228e-09
rs1777182	6	126013614	4.598e-09
rs1739348	6	126014573	1.525e-09
rs1612274	6	126014907	2.01e-08
rs1739349	6	126014984	1.525e-09
rs1578793	6	126015057	1.662e-09
rs1578794	6	126015469	1.525e-09
rs6927161	6	126015954	1.525e-09
rs6904992	6	126016003	1.399e-09
rs12717178	6	126016499	1.662e-09
rs13328298	6	126016580	1.525e-09
rs6933302	6	126016951	1.525e-09
rs6933471	6	126017029	1.525e-09
rs6910786	6	126017141	1.284e-09
rs6910933	6	126017155	1.284e-09
rs6934435	6	126017481	1.525e-09
rs1777226	6	126017691	1.284e-09
rs1739354	6	126017808	1.399e-09
rs78221806	6	126017846	7.276e-06
rs1739355	6	126018114	1.399e-09
rs1777225	6	126018270	1.284e-09
rs1777224	6	126019527	5.849e-10
rs1739357	6	126019655	6.974e-10
rs1739358	6	126019736	4.105e-10
rs1739359	6	126019738	5.949e-10
rs1777223	6	126019768	8.31e-10
rs1739362	6	126020703	9.894e-10
rs1739363	6	126020980	1.079e-09
rs1777222	6	126021030	1.079e-09
rs984040	6	126021277	1.079e-09
rs984041	6	126021328	9.894e-10
rs926853	6	126021435	9.894e-10
rs926854	6	126021780	8.31e-10
rs926855	6	126021782	8.31e-10
rs1739364	6	126022383	7.569e-09
rs1777220	6	126022602	3.203e-07
rs4492207	6	126023555	4.444e-08
rs144251392	6	126027833	3.944e-08
rs1268092	6	126029043	3.379e-08
rs1268093	6	126029235	3.948e-08
rs1269176	6	126029682	6.269e-08
rs9491503	6	126031682	6.767e-08
rs6569436	6	126032104	4.266e-08
rs6569437	6	126034540	4.266e-08
rs6939969	6	126034563	5.377e-08
rs1268066	6	126035041	7.303e-08
rs1343121	6	126036184	7.303e-08
rs1268067	6	126036621	4.979e-08
rs1268068	6	126039677	3.541e-07
rs1269175	6	126040435	1.976e-05
rs1268070	6	126041164	1.438e-05
rs1268064	6	126042578	1.348e-05
rs1268065	6	126042783	1.348e-05
rs2144224	6	126045560	2.703e-05
rs1936800	6	127436064	1.855e-05
rs1936801	6	127436313	1.855e-05
rs2800709	6	127439297	1.348e-05
rs9482770	6	127443092	2.924e-06
rs9482771	6	127446610	8.559e-06
rs9482772	6	127446790	1.931e-06
rs1936807	6	127448249	1.634e-05
rs1474696	6	127449246	1.533e-05
rs2745352	6	127449447	1.634e-05
rs1936806	6	127451665	2.219e-06
rs1936805	6	127452116	1.533e-05
rs1967685	6	127452426	1.533e-05
rs2800710	6	127452581	1.533e-05
rs9491696	6	127452639	7.504e-06
rs2745353	6	127452935	1.348e-05
rs2186037	6	127455029	1.264e-05
rs7766106	6	127455138	2.475e-06
rs2489623	6	127455821	2.07e-06
rs9491697	6	127456122	3.176e-07
rs2503322	6	127457260	1.111e-05
rs2489625	6	127458308	1.041e-05
rs2489626	6	127459004	9.755e-06
rs9482773	6	127459552	1.533e-05
rs1892171	6	127460349	9.755e-06
rs2489627	6	127461152	1.111e-05
rs1936802	6	127461682	1.111e-05
rs2503106	6	127462149	1.111e-05
rs2503107	6	127463376	1.041e-05
rs9285458	6	127463645	6.151e-06
rs2503320	6	127464754	1.111e-05
rs2503109	6	127465044	1.111e-05
rs2503111	6	127468188	1.185e-05
rs7741021	6	127468274	1.741e-05
rs9491699	6	127471533	3.059e-05
rs3734626	6	127471791	1.634e-05
rs6932207	6	127472624	1.533e-05
rs2489628	6	127474331	2.241e-05
rs4382293	6	127475433	6.574e-06
rs1892172	6	127476516	6.151e-06
rs2489629	6	127476717	2.386e-05
rs1936809	6	127477268	6.574e-06
rs17054398	6	127478946	1.634e-05
rs4644087	6	127481154	6.151e-06
rs11154386	6	127481810	1.741e-05
rs9491700	6	127482008	1.855e-05
rs9491701	6	127482207	1.741e-05
rs4566896	6	127482362	6.574e-06
rs4424101	6	127484533	1.741e-05
rs2489630	6	127486617	2.876e-05
rs2154167	6	127487806	8.015e-06
rs4559104	6	127488466	2.104e-05
rs2326565	6	127490310	2.104e-05
rs4620145	6	127490524	2.104e-05
rs2489631	6	127490599	2.539e-05
rs7775715	6	127492375	1.855e-05
rs2326566	6	127492840	1.855e-05
rs7742668	6	127493141	1.855e-05
rs9491703	6	127493468	1.855e-05
rs6569474	6	127493611	7.024e-06
rs9491704	6	127495292	1.976e-05
rs9491705	6	127496142	1.976e-05
rs9491706	6	127496226	2.104e-05
rs2503323	6	127496512	2.539e-05
rs2503326	6	127501926	2.241e-05
rs7744964	6	127509139	3.254e-05
rs7745274	6	127509157	1.348e-05
rs6569475	6	127511523	1.438e-05
rs4318902	6	127521127	1.348e-05
rs9402759	6	136141303	2.213e-05
rs9402760	6	136144142	2.09e-05
rs7763143	6	136145041	1.247e-05
rs7745577	6	136145197	1.162e-05
rs9376154	6	136146508	1.371e-05
rs1342237	6	136150544	2.101e-05
rs7767594	6	136151199	7.177e-06
rs3798771	6	151644197	1.066e-05
rs79433520	6	151664365	1.071e-05
rs3186051	6	151685594	1.092e-06
rs9479018	6	151689841	7.942e-07
rs9371213	6	151690189	7.712e-07
rs9479019	6	151690769	8.595e-07
rs9371510	6	151693409	5.415e-06
rs9371214	6	151693608	1.133e-06
rs28570339	6	151693837	1.389e-06
rs9479023	6	151694504	1.304e-06
rs75759229	6	151695016	1.092e-06
rs6557131	6	151696304	8.675e-07
rs9383567	6	151697016	9.445e-07
rs9371511	6	151697516	5.733e-07
rs716329	6	151699113	1.586e-05
rs57968001	6	151700893	1.587e-06
rs12525200	6	151701041	5.91e-09
rs115805051	6	151702237	1.381e-06
rs6557132	6	151702442	3.179e-09
rs75107694	6	151704548	1.46e-06
rs7775640	6	151705334	8.317e-09
rs3900024	6	151706570	9.085e-09
rs3849798	6	151706888	9.085e-09
rs9397047	6	151707885	6.825e-09
rs3860810	6	151708692	8.46e-09
rs9383568	6	151709978	2.134e-06
rs139683250	6	151712026	2.02e-06
rs79626929	6	151712598	6.441e-09
rs9397400	6	151713337	4.468e-09
rs4870016	6	151714049	4.151e-09
rs9397401	6	151714706	3.582e-09
rs10002	6	151715105	5.989e-09
rs6557134	6	151716522	4.151e-09
rs9479029	6	151716860	3.856e-09
rs7765741	6	151717302	4.468e-09
rs7749424	6	151717655	4.468e-09
rs10080229	6	151718199	5.567e-09
rs4869729	6	151720669	5.567e-09
rs9371513	6	151721252	4.151e-09
rs7770865	6	151721616	5.989e-09
rs7771156	6	151721749	1.008e-09
rs7771204	6	151721834	5.567e-09
rs7772990	6	151722200	5.989e-09
rs7739424	6	151723490	4.809e-09
rs7764129	6	151723559	5.567e-09
rs116621273	6	151725403	1.677e-06
rs118069541	6	151725666	1.543e-06
rs3757312	6	151726175	3.582e-09
rs3757314	6	151726756	3.582e-09
rs3757315	6	151726829	4.468e-09
rs9383887	6	151727517	4.468e-09
rs9397403	6	151727545	1.541e-09
rs9383888	6	151727593	4.151e-09
rs7769780	6	151728184	3.326e-09
rs7774446	6	151728472	2.662e-09
rs6557135	6	151728714	1.306e-09
rs7775083	6	151729053	1.068e-08
rs6557136	6	151729237	1.823e-06
rs6923684	6	151729581	6.105e-06
rs78375092	6	151730232	1.861e-06
rs9383889	6	151730802	7.945e-06
rs9383890	6	151730903	2.651e-06
rs12525623	6	151731479	1.77e-05
rs6557138	6	151732017	8.296e-12
rs6921042	6	151732385	3.8e-12
rs9383570	6	151733583	4.739e-07
rs9371217	6	151734199	5.05e-07
rs6937971	6	151734563	5.05e-07
rs9479035	6	151734895	5.381e-07
rs57689380	6	151734998	4.79e-06
rs9371515	6	151735778	5.05e-07
rs9397405	6	151736084	5.623e-12
rs147230474	6	151737177	3.931e-06
rs3778608	6	151738131	6.199e-12
rs76010945	6	151739313	8.595e-08
rs9371516	6	151739642	6.199e-12
rs9371517	6	151739810	6.199e-12
rs9371518	6	151740967	1.782e-07
rs6912830	6	151743629	5.623e-12
rs3800272	6	151744283	6.199e-12
rs6557139	6	151745522	1.973e-09
rs9371519	6	151749769	8.595e-08
rs9322320	6	151751908	1.719e-12
rs6936936	6	151753395	2.098e-12
rs6914656	6	151753421	2.098e-12
rs6913515	6	151753470	2.826e-12
rs6904364	6	151754273	2.399e-10
rs2046371	6	151754744	2.399e-10
rs6930557	6	151755806	1.556e-12
rs9479041	6	151756070	1.9e-12
rs8180642	6	151756612	2.003e-10
rs9383893	6	151757327	1.556e-12
rs6557140	6	151758042	2.255e-09
rs3800273	6	151759035	2.318e-12
rs3800274	6	151759192	3.798e-08
rs9322321	6	151759630	1.085e-10
rs9397050	6	151759899	3.832e-09
rs9637989	6	151760005	4.092e-09
rs9397409	6	151760382	1.183e-10
rs7752091	6	151761621	2.333e-10
rs3800275	6	151762169	3.061e-06
rs73783017	6	151762305	2.967e-06
rs73783018	6	151762344	4.182e-06
rs6940667	6	151762610	2.537e-06
rs73783019	6	151763400	3.324e-06
rs73783022	6	151764239	2.561e-06
rs55747952	6	151764539	2.163e-06
rs59753385	6	151764648	3.398e-06
rs7748785	6	151764665	2.701e-06
rs7748822	6	151764723	3.225e-06
rs3800276	6	151764955	2.481e-06
rs3823311	6	151765296	3.58e-06
rs3800277	6	151765356	3.58e-06
rs3800278	6	151765511	2.459e-06
rs3800279	6	151766162	1.334e-05
rs3800280	6	151766199	2.876e-06
rs73783025	6	151766397	2.787e-06
rs76363440	6	151767483	3.398e-06
rs2128945	6	151767907	1.556e-12
rs35143743	6	151768532	1.413e-05
rs7741193	6	151769132	3.398e-06
rs3736176	6	151773320	2.595e-07
rs3816778	6	151773353	2.792e-07
rs13201167	6	151773504	1.719e-12
rs111270458	6	151773831	1.639e-06
rs3757316	6	151774339	2.242e-07
rs3806982	6	151774916	1.719e-12
rs1825368	6	151775259	1.719e-12
rs17081262	6	151776164	1.231e-06
rs73783029	6	151778273	3.506e-06
rs9397051	6	151778325	2.242e-07
rs6911456	6	151778934	9.318e-06
rs6916340	6	151779064	2.083e-07
rs9383899	6	151781022	9.318e-06
rs13212683	6	151781363	8.504e-13
rs13212693	6	151781404	4.274e-13
rs138584427	6	151781779	1.191e-06
rs79540726	6	151782544	1.152e-06
rs9383900	6	151782816	8.504e-13
rs6557142	6	151784049	1.079e-06
rs17081270	6	151785551	1.152e-06
rs6931104	6	151786177	6.943e-13
rs7748711	6	151788184	2.002e-06
rs58952168	6	151788962	1.259e-06
rs3734801	6	151789282	2.134e-06
rs963193	6	151789355	1.041e-12
rs74798609	6	151792026	7.16e-08
rs6937816	6	151794704	4.174e-17
rs9478208	6	151795994	4.171e-14
rs6925359	6	151798783	3.091e-05
rs112824548	6	151799229	2.849e-05
rs7762223	6	151799274	1.007e-06
rs1553002	6	151799355	7.205e-15
rs9479047	6	151799666	2.968e-05
rs9383904	6	151800707	4.976e-08
rs9397412	6	151800761	7.205e-15
rs17081284	6	151800796	3.219e-05
rs6933660	6	151803754	1.564e-13
rs9371219	6	151806102	2.32e-13
rs9397413	6	151806124	1.417e-13
rs9397414	6	151806283	2.103e-13
rs9479050	6	151806338	2.52e-05
rs9371522	6	151808248	2.755e-12
rs7749521	6	151809293	1.469e-05
rs17081321	6	151813246	1.597e-05
rs9478209	6	151814133	1.408e-05
rs79554419	6	151814453	2.537e-06
rs1971256	6	151816011	1.319e-19
rs1971255	6	151816094	8.812e-06
rs77600257	6	151816537	4.802e-06
rs17081325	6	151817992	8.083e-06
rs3912291	6	151818210	1.553e-05
rs3912290	6	151818297	7.098e-06
rs80285688	6	151818830	8.083e-06
rs9383906	6	151819834	7.593e-15
rs115429675	6	151819857	7.992e-06
rs9383910	6	151820799	9.95e-14
rs9383911	6	151821024	8.389e-16
rs75278317	6	151821271	8.44e-06
rs4869732	6	151822015	8.198e-12
rs4869733	6	151822156	8.389e-16
rs1482061	6	151823813	8.808e-12
rs7762963	6	151823901	8.726e-06
rs12173791	6	151824449	9.569e-16
rs1155409	6	151825600	2.778e-05
rs7753324	6	151826134	5.103e-06
rs7740302	6	151826249	6.459e-20
rs111618195	6	151826608	1.251e-05
rs7453575	6	151827204	6.694e-06
rs76202178	6	151827355	1.251e-05
rs4869734	6	151827540	4.444e-12
rs79112354	6	151828293	2.036e-05
rs76969132	6	151828771	3.467e-06
rs149563643	6	151828949	2.117e-05
rs4870021	6	151829004	1.211e-12
rs4870022	6	151829474	1.965e-15
rs4870023	6	151829487	1.514e-15
rs113642355	6	151829538	2.201e-05
rs4870024	6	151830769	1.343e-19
rs79010256	6	151832637	2.794e-05
rs78588171	6	151833011	9.252e-06
rs80347787	6	151833037	7.76e-06
rs9383915	6	151834248	1.998e-11
rs111364397	6	151834969	2.794e-05
rs78436453	6	151835297	1.928e-11
rs74951045	6	151835346	3.25e-05
rs77625345	6	151835430	1.452e-11
rs143390228	6	151835532	1.024e-11
rs9478210	6	151836441	2.036e-05
rs78181855	6	151836467	1.559e-11
rs78959534	6	151836580	1.861e-11
rs60275968	6	151836813	1.616e-11
rs61436491	6	151837222	1.674e-11
rs17081341	6	151837570	1.734e-11
rs57654960	6	151838006	2.288e-05
rs7759516	6	151838245	8.94e-20
rs57521493	6	151838856	1.188e-12
rs57987699	6	151839175	1.307e-10
rs75318086	6	151839433	2.099e-11
rs1874415	6	151839806	1.617e-06
rs139951459	6	151840464	2.003e-06
rs149746679	6	151840576	2.003e-06
rs79699315	6	151840638	2.33e-11
rs9397422	6	151840684	8.396e-11
rs114137400	6	151841061	2.469e-06
rs7775980	6	151841594	3.396e-19
rs9371529	6	151842860	1.016e-18
rs117027891	6	151842916	3.635e-06
rs12055461	6	151842971	6.777e-11
rs4869735	6	151843507	8.309e-11
rs954238	6	151844443	4.036e-18
rs2001574	6	151844583	2.851e-06
rs2001575	6	151844650	2.321e-06
rs7763324	6	151845578	2.725e-09
rs77942641	6	151845594	1.018e-10
rs77242216	6	151847244	1.562e-06
rs59672112	6	151847801	2.879e-05
rs9479058	6	151850484	1.23e-05
rs74418838	6	151851577	7.048e-06
rs9479060	6	151853949	1.002e-05
rs17054388	6	151854111	3.121e-08
rs3020331	6	152008780	2.346e-09
rs3020332	6	152008924	5.017e-08
rs2941741	6	152008982	1.662e-09
rs2941740	6	152009638	1.284e-09
rs3020333	6	152010254	3.953e-08
rs2982573	6	152010534	1.525e-09
rs2982572	6	152010561	1.525e-09
rs2982571	6	152012739	6.314e-09
rs3020334	6	152012956	7.614e-10
rs2941742	6	152012988	8.31e-10
rs3020335	6	152013223	8.31e-10
rs2982570	6	152013748	9.894e-10
rs3020336	6	152013760	1.177e-09
rs2941739	6	152014804	2.01e-08
rs862346	6	152016369	2.625e-10
rs851996	6	152016803	3.141e-10
rs1293936	6	152017691	1.399e-09
rs1293935	6	152017958	4.105e-10
rs141714845	6	152020999	2.793e-06
rs851984	6	152023191	2.826e-12
rs851983	6	152024415	3.443e-12
rs851982	6	152024985	3.12e-12
rs851981	6	152027074	3.653e-12
rs851980	6	152027955	3.653e-12
rs851978	6	152029556	1.044e-09
rs851977	6	152029608	1.225e-09
rs851976	6	152030008	1.823e-09
rs851975	6	152031303	3.637e-12
rs1101081	6	152032917	1.556e-09
rs1101080	6	152033643	1.131e-09
rs3020338	6	152034062	2.795e-12
rs7455028	6	152034386	1.334e-09
rs13216081	6	152034624	2.795e-12
rs13216104	6	152034758	3.969e-12
rs13201871	6	152034820	4.331e-12
rs2347638	6	152038156	1.849e-05
rs6932703	6	152038240	3.052e-12
rs10872678	6	152039964	1.437e-09
rs12526447	6	152040125	2.344e-12
rs12525163	6	152040291	1.437e-09
rs3020339	6	152040615	2.795e-12
rs10484921	6	152042260	2.344e-12
rs11756568	6	152042413	1.684e-09
rs7772579	6	152042502	1.327e-09
rs3020340	6	152043290	1.131e-09
rs7749650	6	152044872	1.556e-09
rs7749659	6	152044884	2.344e-12
rs3020342	6	152047753	2.692e-09
rs1159327	6	152048022	3.141e-09
rs35240111	6	152050523	4.269e-09
rs2982565	6	152051854	6.804e-09
rs6899458	6	152052043	7.53e-08
rs2982561	6	152052652	1.533e-05
rs2982558	6	152056146	1.348e-05
rs2982556	6	152056842	1.348e-05
rs3020300	6	152058844	8.559e-06
rs2982552	6	152059563	1.438e-05
rs2982551	6	152061210	1.041e-05
rs2982550	6	152061474	1.264e-05
rs3020301	6	152061579	1.533e-05
rs2504072	6	152084707	2.761e-05
rs2504071	6	152084862	7.741e-06
rs2504070	6	152084973	4.119e-06
rs9341077	6	152423128	5.251e-14
rs1062577	6	152423905	2.539e-05
rs73625113	6	152426433	2.042e-14
rs149773935	6	152433992	1.567e-12
rs73625120	6	152435643	2.522e-13
rs113766362	6	152435754	2.9e-13
rs73625125	6	152441068	9.358e-13
rs73625127	6	152441843	1.174e-13
rs77765070	6	152445061	1.572e-11
rs73625130	6	152449795	1.17e-12
rs73625131	6	152449851	1.975e-12
rs111610638	6	152449994	8.661e-13
rs147631975	6	152451205	1.503e-12
rs58450883	6	152451646	1.257e-12
rs73625140	6	152453106	8.945e-13
rs111633949	6	152455753	3.61e-13
rs112578997	6	152458990	5.976e-13
rs111550108	6	152461703	9.649e-13
rs17082233	6	152470293	9.537e-08
rs17082236	6	152470752	1.82e-07
rs73625169	6	152471047	6.25e-11
rs73632499	6	152471588	1.229e-07
rs7743748	6	152471912	1.401e-07
rs2103809	6	152472210	1.913e-10
rs2092753	6	152472284	1.983e-10
rs2881823	6	152472631	2.042e-12
rs2348080	6	152472660	2.13e-10
rs910415	6	152473181	1.576e-10
rs73633307	6	152476344	1.191e-11
rs142499157	6	152476498	2.232e-11
rs1000864	6	152498606	2.613e-05
rs11155836	6	152502351	1.726e-07
rs2635432	6	152509009	6.149e-07
rs2635430	6	152509509	7.577e-07
rs7758071	6	152509822	1.608e-06
rs7758220	6	152509865	7.577e-07
rs2635459	6	152510712	1.239e-06
rs2813523	6	152510750	6.155e-07
rs2813524	6	152510957	6.155e-07
rs2635458	6	152511318	8.16e-07
rs2813526	6	152511420	9.385e-07
rs2763016	6	152511675	8.16e-07
rs2813528	6	152511974	3.266e-06
rs2635455	6	152512132	8.16e-07
rs9479254	6	152512213	9.385e-07
rs2635454	6	152512869	1.226e-06
rs2813529	6	152512902	1.313e-06
rs2635453	6	152513105	1.313e-06
rs2635452	6	152513525	1.226e-06
rs2635451	6	152513757	6.593e-07
rs2813531	6	152513858	7.069e-07
rs7766507	6	152513874	5.733e-07
rs7741849	6	152514055	5.733e-07
rs9918328	6	152514601	2.873e-07
rs4870081	6	152515301	2.743e-06
rs2763020	6	152517576	1.089e-08
rs2635463	6	152517608	1.006e-08
rs1408460	6	152522118	1.666e-05
rs2673776	6	152522812	1.185e-05
rs73781102	6	152538985	2.434e-22
rs1408461	6	152539054	3.759e-12
rs1408462	6	152539181	4.551e-12
rs78900103	6	152540031	1.712e-22
rs17195304	6	152540357	6.88e-23
rs2147378	6	152540468	4.507e-14
rs9397492	6	152542234	4.266e-14
rs9397493	6	152542868	2.318e-12
rs9383977	6	152542962	3.855e-14
rs7768921	6	152543241	7.171e-16
rs4870084	6	152543949	2.56e-12
rs6557208	6	152544484	1.765e-14
rs7741405	6	152545171	3.016e-15
rs17082358	6	152545865	2.099e-21
rs55885054	6	152546325	7.323e-11
rs56086011	6	152546390	7.323e-11
rs1998620	6	152546740	9.657e-11
rs1359323	6	152547151	4.353e-11
rs4870085	6	152547684	7.323e-11
rs17803505	6	152548027	1.927e-23
rs9479272	6	152548051	2.656e-10
rs13206305	6	152549309	3.616e-21
rs73005444	6	152552167	2.28e-10
rs17803970	6	152553718	1.303e-23
rs71575922	6	152554014	1.215e-31
rs12110479	6	152554396	3.223e-22
rs35764603	6	152554737	5.395e-22
rs2296254	6	152555112	2.34e-10
rs12110523	6	152556258	1.052e-22
rs12111427	6	152556526	7.503e-23
rs35429109	6	152556600	3.116e-22
rs11751190	6	152558197	9.402e-23
rs13192494	6	152558552	2.5e-22
rs6927162	6	152558623	6.199e-12
rs9479275	6	152560916	2.692e-11
rs9371245	6	152561348	8.931e-08
rs9322364	6	152561737	3.99e-07
rs58415480	6	152562271	2.961e-30
rs13210209	6	152562965	1.772e-06
rs13195723	6	152562967	1.44e-06
rs4869758	6	152564145	1.378e-08
rs74636305	6	152564752	3.453e-24
rs17082381	6	152564994	4.32e-24
rs3888239	6	152565897	1.076e-08
rs6901631	6	152567047	6.006e-20
rs75730028	6	152567983	5.402e-24
rs9371246	6	152568722	1.247e-11
rs35065475	6	152569166	3.604e-09
rs17215781	6	152570274	3.241e-24
rs6557210	6	152570415	4.309e-07
rs6940851	6	152571040	3.309e-09
rs4870087	6	152571206	9.987e-07
rs4870088	6	152571215	4.01e-07
rs9383980	6	152572349	3.925e-09
rs139893911	6	152573679	5.59e-10
rs7740449	6	152574500	5.339e-07
rs4870089	6	152575173	4.652e-09
rs7763242	6	152575704	5.064e-09
rs9397495	6	152576591	4.652e-09
rs9397091	6	152578698	5.51e-09
rs4869759	6	152579095	5.064e-09
rs4869761	6	152579302	5.733e-07
rs4869762	6	152579549	5.064e-09
rs9383615	6	152579815	3.019e-09
rs9397092	6	152580072	5.339e-07
rs9383982	6	152585110	1.935e-07
rs111407432	6	152585213	1.642e-23
rs4870090	6	152585454	1.935e-07
rs4870091	6	152585499	1.935e-07
rs6921228	6	152587752	1.55e-07
rs6937888	6	152587934	1.438e-07
rs6939382	6	152590617	1.438e-07
rs36069217	6	152592115	2.724e-24
rs75510204	6	152592680	5.573e-07
rs633891	6	152592751	5.1e-12
rs76190980	6	152593101	5.538e-21
rs6904757	6	152593102	2.56e-12
rs117866066	6	152598464	9.956e-20
rs78404593	6	152602418	1.248e-12
rs9397093	6	152603624	6.155e-09
rs151132302	6	152604807	2.907e-08
rs9397500	6	152604844	6.631e-09
rs78971980	6	152606574	1.325e-12
rs76984077	6	152606677	1.789e-12
rs13211170	6	152610972	6.714e-22
rs73007778	6	152612474	6.41e-08
rs584336	6	152616173	2.652e-21
rs12530184	6	152624967	3.993e-06
rs9383984	6	152626689	1.168e-05
rs36019875	6	152627953	1.319e-19
rs9479289	6	152629099	1.319e-19
rs7742927	6	152630180	1.469e-19
rs1890100	6	152638209	1.493e-08
rs931423	6	152638239	1.283e-08
rs6901934	6	152638412	1.384e-08
rs4472361	6	152641606	1.384e-08
rs9322367	6	152643365	4.655e-07
rs7776230	6	152643870	4.709e-09
rs7776399	6	152643965	1.405e-06
rs9479291	6	152644165	2.735e-05
rs9478313	6	152645402	1.899e-06
rs9479294	6	152646693	1.097e-07
rs9371585	6	152648145	1.177e-09
rs6557213	6	152648927	2.182e-07
rs13206045	6	152649967	2.34e-18
rs9478314	6	152653037	2.537e-07
rs13218956	6	152653137	9.256e-19
rs9397099	6	152657107	4.952e-07
rs9479299	6	152658216	7.483e-06
rs28385620	6	152658374	9.973e-18
rs9478315	6	152658885	9.449e-07
rs9479300	6	152659252	5.733e-07
rs9478317	6	152659449	2.14e-06
rs6931597	6	152659694	1.069e-05
rs11756362	6	152659814	1.129e-17
rs13196107	6	152660082	1.306e-14
rs71575926	6	152660451	9.487e-18
rs9371587	6	152660837	1.231e-11
rs9478318	6	152661170	6.632e-07
rs11755383	6	152661172	3.026e-17
rs9397503	6	152661587	2.876e-05
rs9397101	6	152661806	2.241e-05
rs9371589	6	152662127	5.334e-07
rs7759171	6	152663276	2.353e-07
rs7746517	6	152663929	1.243e-05
rs7747005	6	152664187	2.307e-05
rs35569312	6	152664539	9.839e-16
rs10223515	6	152669117	9.817e-16
rs4870098	6	152670989	3.301e-12
rs4632900	6	152672540	7.48e-14
rs9478323	6	152676785	4.64e-14
rs6906442	6	152678110	5.443e-14
rs9478325	6	152679087	4.64e-14
rs9478326	6	152679729	4.64e-14
rs34082537	6	152680844	8.019e-14
rs4286796	6	152681049	4.031e-14
rs34721749	6	152683594	1.171e-13
rs144444583	6	152684585	3.882e-13
rs7766519	6	152711745	2.341e-06
rs9942536	6	152712133	5.009e-07
rs9942542	6	152712302	5.359e-07
rs74629262	6	152717159	4.646e-06
rs56263396	6	152764690	8.842e-10
rs13211693	6	152786963	1.008e-08
rs13200897	6	152826627	5.558e-09
rs11155858	6	152848714	1.469e-05
rs2141151	6	152849375	2.785e-09
rs13216059	6	152870702	2.262e-09
rs6916221	6	152871509	2.138e-05
rs17778357	6	152872399	9.443e-07
rs12173486	6	152872578	2.737e-06
rs13215993	6	166311858	2.908e-05
rs4709994	6	166312314	2.908e-05
rs7382642	6	166312832	2.908e-05
rs7381453	6	166313164	2.573e-05
rs4709995	6	166313447	3.091e-05
rs73029313	6	170357336	3.546e-06
rs1532389	6	170358566	4.297e-09
rs73029319	6	170359006	3.588e-06
rs9460114	6	170359878	6.614e-06
rs3942996	6	170360992	3.105e-06
rs924039	6	170362120	2.549e-08
rs4710796	6	170363029	3.339e-09
rs11756073	6	170363580	3.128e-09
rs924040	6	170364492	3.686e-08
rs12213931	6	170368705	4.677e-08
rs4710811	6	170369459	5.925e-08
rs13205183	6	170371693	5.925e-08
rs55806944	6	170374697	4.695e-06
rs9460213	6	170377812	2.194e-06
rs924043	6	170379025	2.06e-06
rs924045	6	170382137	2.493e-06
rs924046	6	170382288	2.741e-06
rs7764906	6	170382654	2.266e-06
rs4235991	6	170382923	8.196e-06
rs874105	6	170383701	8.587e-06
rs9460225	6	170384030	3.159e-06
rs1390310	6	170384662	3.013e-06
rs1580720	6	170387376	2.874e-06
rs9356666	6	170387400	3.471e-06
rs1390309	6	170387741	3.312e-06
rs4710841	6	170389364	4.594e-06
rs9460232	6	170389453	1.513e-05
rs9348281	6	170389665	4.594e-06
rs4710735	6	170389782	4.594e-06
rs74301117	6	170390047	1.101e-05
rs7763066	6	170390256	7.464e-06
rs12525952	6	170390602	4.186e-06
rs9348353	6	170391409	9.431e-06
rs9348357	6	170391855	1.901e-05
rs10806881	6	170392036	2.378e-05
rs78932628	6	170393596	1.884e-05
rs28506963	6	170395474	1.61e-05
rs12528344	6	170395680	1.742e-05
rs12525300	6	170395759	1.742e-05
rs4710847	6	170395841	2.267e-05
rs74954452	6	170396846	1.675e-05
rs72503859	6	170396963	1.904e-05
rs12527357	6	170397916	1.742e-05
rs2016248	6	170416288	1.869e-05
rs2016247	6	170416305	1.984e-05
rs6917874	6	19693101	3.252e-05
rs4557503	6	19704477	2.358e-06
rs12524518	6	19704545	1.693e-12
rs7740281	6	19706122	3.686e-07
rs9358264	6	19706271	1.419e-10
rs9358265	6	19706407	2.358e-06
rs1016250	6	19706623	2.358e-06
rs1016251	6	19706761	4.952e-07
rs1016252	6	19706799	2.082e-12
rs7764424	6	19707715	1.131e-10
rs9460403	6	19708095	4.952e-07
rs9366312	6	19708481	3.969e-07
rs73729711	6	19710055	1.375e-12
rs6926312	6	19712293	5.329e-07
rs9368112	6	19718157	2.548e-06
rs9356707	6	19718349	6.167e-07
rs113331178	6	19725034	5.301e-14
rs76656244	6	19725384	4.24e-14
rs12528349	6	19725973	4.24e-14
rs9465505	6	19726083	1.041e-07
rs12527122	6	19727378	3.936e-14
rs6905308	6	19728081	2.781e-12
rs6928321	6	19728283	2.781e-12
rs12529365	6	19728548	2.219e-14
rs9460406	6	19728835	3.021e-12
rs9356708	6	19729003	2.3e-07
rs7769632	6	19729381	3.51e-15
rs12524009	6	19731384	2.394e-14
rs9460407	6	19731834	3.87e-12
rs17547906	6	19732380	2.583e-14
rs6920825	6	19732492	1.116e-11
rs111424117	6	19733035	2.394e-14
rs17547948	6	19733321	2.583e-14
rs9368114	6	19733538	4.561e-12
rs6904484	6	19733694	4.561e-12
rs6932015	6	19733894	4.951e-12
rs6932208	6	19734011	4.951e-12
rs6909973	6	19734274	1.382e-07
rs2328437	6	19735805	2.583e-14
rs12525475	6	19736351	2.583e-14
rs6922513	6	19736405	5.831e-12
rs2328436	6	19736727	2.023e-07
rs9350174	6	19737117	5.373e-12
rs9358266	6	19737175	1.539e-11
rs9460408	6	19739943	2.293e-11
rs6939745	6	19742526	6.864e-12
rs78937950	6	19742680	3.504e-09
rs9356709	6	19742814	2.023e-07
rs9366314	6	19742863	2.353e-07
rs111648257	6	19742926	2.056e-14
rs9368116	6	19743894	1.21e-11
rs9465509	6	19744129	5.329e-07
rs113913727	6	19745853	2.706e-14
rs6900502	6	19746253	4.201e-12
rs9465510	6	19746551	1.911e-11
rs7743832	6	19746848	3.87e-12
rs6456258	6	19748048	2.948e-07
rs9465511	6	19748695	4.201e-12
rs9460410	6	19748716	3.87e-12
rs9465512	6	19750184	2.56e-12
rs9465513	6	19750222	2.356e-12
rs10806906	6	19751516	2.537e-07
rs12192729	6	19751668	9.475e-13
rs55949111	6	19752648	4.58e-11
rs7766034	6	19753061	1.58e-13
rs35185749	6	19754511	3.496e-11
rs79963847	6	19756203	3.69e-11
rs78296116	6	19756305	3.496e-11
rs9368117	6	19757028	1.278e-13
rs7776015	6	19758598	3.799e-15
rs74457659	6	19760725	4.537e-12
rs6936425	6	19761141	7.614e-10
rs6916251	6	19761215	1.395e-15
rs6916589	6	19761363	1.982e-12
rs6456259	6	19761718	4.233e-17
rs9368118	6	19762352	2.327e-10
rs6456260	6	19762952	4.841e-15
rs9350179	6	19764095	3.867e-15
rs1121384	6	19771507	3.867e-15
rs12201836	6	19771789	3.467e-06
rs9465516	6	19771998	9.894e-16
rs6925511	6	19773553	1.11e-15
rs6908034	6	19773930	5.522e-17
rs9465519	6	19775615	7.144e-09
rs6901079	6	19776659	2.127e-09
rs6925962	6	19777055	1.34e-10
rs9465521	6	19777786	4.758e-09
rs2223362	6	19778171	3.087e-15
rs9358270	6	19780584	2.124e-10
rs74795718	6	19782299	6.026e-12
rs79028848	6	19783153	1.251e-11
rs7739264	6	19785588	1.47e-10
rs6456265	6	19786950	1.47e-10
rs6918235	6	19788427	2.714e-11
rs760796	6	19790387	3.867e-15
rs760794	6	19790560	3.456e-15
rs17483277	6	19790571	1.202e-09
rs2223361	6	19790809	4.327e-15
rs6456266	6	19791284	3.867e-15
rs6456267	6	19792830	3.2e-06
rs6921786	6	19794016	3.599e-11
rs12525506	6	19794234	3.089e-11
rs7759616	6	19794585	3.599e-11
rs7764632	6	19795585	6.302e-16
rs2206034	6	19796863	6.927e-12
rs2206033	6	19796878	2.702e-11
rs6456268	6	19797654	5.35e-07
rs6456269	6	19797837	4.991e-07
rs6903595	6	19798141	3.989e-16
rs6926751	6	19798358	4.391e-10
rs111509549	6	19798370	4.067e-11
rs9465531	6	19798649	7.078e-11
rs6904518	6	19798704	3.557e-16
rs2223360	6	19799441	2.356e-12
rs79733895	6	19799541	1.541e-11
rs6456270	6	19800491	4.655e-07
rs6921766	6	19800972	3.17e-16
rs6921778	6	19800988	3.557e-16
rs76322282	6	19801660	5.062e-11
rs9465532	6	19801701	8.377e-11
rs9465533	6	19801708	8.377e-11
rs9465534	6	19801794	6.505e-11
rs6456271	6	19801996	6.505e-11
rs6938760	6	19802104	3.557e-16
rs111231540	6	19802226	5.346e-11
rs111533721	6	19803745	6.645e-11
rs6907340	6	19803768	1.41e-16
rs6907367	6	19803831	8.862e-16
rs77486465	6	19803862	9.948e-11
rs1155101	6	19804188	1.766e-10
rs76709285	6	19804330	1.107e-10
rs79419305	6	19804510	1.167e-10
rs7746588	6	19804640	1.729e-11
rs7750533	6	19804796	3.748e-14
rs7750703	6	19804814	3.472e-11
rs7750716	6	19804839	4.419e-11
rs7750725	6	19804897	3.748e-14
rs139745567	6	19805216	7.613e-11
rs112465943	6	19805234	8.94e-11
rs73376650	6	19805506	9.701e-11
rs112599867	6	19805532	1.024e-10
rs73376651	6	19805559	1.024e-10
rs73376655	6	19805664	1.08e-10
rs73376657	6	19805960	1.08e-10
rs74573060	6	19806032	1.08e-10
rs113592672	6	19806063	1.08e-10
rs113894708	6	19806066	1.08e-10
rs73376662	6	19806340	1.338e-10
rs113896292	6	19806466	1.338e-10
rs12529148	6	19806797	4.833e-11
rs12529121	6	19806823	1.489e-10
rs12529140	6	19806912	1.489e-10
rs35292732	6	19806946	1.619e-05
rs6906104	6	19807226	6.072e-08
rs112961289	6	19807229	1.57e-10
rs112659166	6	19807409	1.656e-10
rs34109983	6	19808042	1.656e-10
rs73376680	6	19808099	1.747e-10
rs73376681	6	19808175	1.747e-10
rs80355837	6	19808343	1.747e-10
rs76413455	6	19808964	4.322e-10
rs6938418	6	19809033	1.697e-09
rs76525593	6	19809170	4.322e-10
rs12525152	6	19809424	4.322e-10
rs74514942	6	19810520	4.55e-10
rs113071446	6	19810835	4.105e-10
rs78402429	6	19811690	5.044e-10
rs6925380	6	19812579	5.155e-09
rs77791009	6	19812602	7.215e-10
rs75060331	6	19812956	6.857e-10
rs77753186	6	19812980	7.215e-10
rs79162793	6	19813065	7.215e-10
rs76245225	6	19813188	7.215e-10
rs9348398	6	19814369	1.521e-07
rs75110577	6	19814523	7.592e-10
rs77386860	6	19814755	6.516e-10
rs79406203	6	19816221	1.082e-09
rs7744395	6	19816475	9.301e-10
rs6456274	6	19816514	1.197e-09
rs111514271	6	19817429	4.28e-07
rs113458950	6	19817550	1.197e-09
rs4712433	6	19818707	1.748e-05
rs74559916	6	19818717	1.029e-09
rs76391302	6	19819116	1.392e-09
rs77880623	6	19819454	1.463e-09
rs111565547	6	19819666	1.538e-09
rs112606701	6	19819827	1.463e-09
rs112388826	6	19819858	1.254e-09
rs73378506	6	19819987	2.746e-10
rs12526109	6	19820089	1.463e-09
rs78774173	6	19820686	1.617e-09
rs79842087	6	19821316	1.538e-09
rs12527834	6	19821781	1.138e-09
rs12527843	6	19821861	1.259e-09
rs7747295	6	19821910	6.513e-09
rs7753263	6	19823252	4.629e-07
rs7773816	6	19823432	6.174e-11
rs6921758	6	19824025	1.043e-10
rs11753654	6	29782621	1.869e-05
rs3888720	6	29782813	1.869e-05
rs72846618	6	29783444	1.869e-05
rs72492273	6	29783949	4.192e-06
rs67281546	6	29784074	6.542e-06
rs72492275	6	29784218	7.599e-06
rs72492276	6	29784248	2.235e-05
rs72846685	6	29784285	1.739e-05
rs77911920	6	29784369	1.739e-05
rs72492277	6	29784460	1.803e-05
rs72492278	6	29784473	3.146e-05
rs72492279	6	29784822	1.937e-05
rs66472615	6	29785289	1.937e-05
rs17185377	6	29785561	1.869e-05
rs17185412	6	29785784	1.869e-05
rs7743372	6	29786466	1.869e-05
rs66776450	6	29786754	1.937e-05
rs2394176	6	29787238	1.803e-05
rs2394177	6	29787369	1.803e-05
rs72848310	6	29787750	1.869e-05
rs60774155	6	29787905	1.803e-05
rs59457386	6	29787945	1.989e-05
rs34468824	6	29788423	1.803e-05
rs35726606	6	29788757	9.689e-06
rs35494442	6	29788946	1.869e-05
rs34833819	6	29788998	2.743e-05
rs61331935	6	29789136	1.869e-05
rs72838212	6	29791452	1.869e-05
rs72838213	6	29791979	1.937e-05
rs3882582	6	29792635	2.083e-05
rs3882583	6	29792636	2.012e-05
rs2394696	6	29792692	1.739e-05
rs72838218	6	29793365	1.677e-05
rs72492280	6	29793610	1.677e-05
rs3823321	6	29794467	1.677e-05
rs12722477	6	29796376	1.618e-05
rs72838292	6	29801654	1.212e-06
rs16896051	6	29803818	1.821e-06
rs59098250	6	29803927	1.548e-06
rs72842103	6	29804478	1.071e-06
rs34918044	6	29806122	2.721e-05
rs76723605	6	29806981	9.865e-07
rs72842172	6	29807588	9.865e-07
rs79287057	6	29808814	3.293e-05
rs56166031	6	29809383	9.081e-07
rs55944615	6	29811215	1.427e-06
rs57149040	6	29811383	1.587e-06
rs60071380	6	29811520	1.37e-06
rs74364713	6	29812171	1.427e-06
rs72843669	6	29812880	1.263e-06
rs72843672	6	29813004	1.263e-06
rs73747715	6	29813055	1.263e-06
rs60108193	6	29813481	1.116e-06
rs61538976	6	29813497	1.071e-06
rs72843681	6	29814465	1.212e-06
rs72843683	6	29814589	1.212e-06
rs72843684	6	29814673	1.37e-06
rs74636342	6	29814840	1.205e-06
rs9689483	6	29814960	1.163e-06
rs3094179	6	29815571	5.954e-06
rs80097577	6	29815636	4.39e-06
rs6902658	6	29815732	3.947e-06
rs6922605	6	29815744	3.658e-06
rs2894118	6	29815984	1.247e-06
rs2394183	6	29816010	1.071e-06
rs2394184	6	29816282	1.116e-06
rs2394185	6	29816371	2.721e-05
rs28743648	6	29816495	1.028e-06
rs55799039	6	29816641	1.212e-06
rs28764567	6	29817011	1.465e-06
rs28764613	6	29817123	1.116e-06
rs28764628	6	29817153	1.116e-06
rs72843700	6	29817279	1.116e-06
rs72845903	6	29817322	9.465e-07
rs28764750	6	29817523	9.081e-07
rs72845906	6	29817532	9.081e-07
rs73747778	6	29817878	9.048e-07
rs73747779	6	29817896	1.061e-06
rs28728869	6	29817898	8.308e-07
rs28669293	6	29818127	1.071e-06
rs28552659	6	29818132	1.071e-06
rs28457697	6	29818267	9.465e-07
rs72845913	6	29819040	9.081e-07
rs72845918	6	29819375	5.733e-07
rs2107198	6	29819662	5.733e-07
rs3928943	6	29820655	4.562e-07
rs16896119	6	29821050	9.335e-07
rs17179234	6	29821340	1.237e-05
rs17179241	6	29821370	5.478e-07
rs17185657	6	29821606	1.237e-05
rs58005484	6	29822432	9.552e-06
rs72845950	6	29823998	5.478e-07
rs73745607	6	29824108	6.546e-07
rs141143417	6	29827079	6e-07
rs73745901	6	29829253	5.478e-07
rs72845990	6	29830045	5.478e-07
rs58993253	6	29830213	5.478e-07
rs72845994	6	29830551	5.478e-07
rs73725442	6	29832119	5e-07
rs72848609	6	29832282	2.497e-07
rs73725445	6	29832407	5.234e-07
rs112944494	6	29833117	5e-07
rs72848632	6	29834773	5.234e-07
rs3869056	6	29835310	4.562e-07
rs72848640	6	29835940	5e-07
rs72848649	6	29836352	2.188e-07
rs72848650	6	29836367	3.974e-07
rs72848652	6	29836471	6e-07
rs72848653	6	29836602	1.332e-05
rs72848654	6	29836632	6.569e-07
rs72848658	6	29836868	6e-07
rs72848659	6	29836870	6e-07
rs61244561	6	29837763	8.608e-07
rs59387409	6	29837894	8.23e-07
rs72838605	6	29838179	8.23e-07
rs72838606	6	29838335	7.522e-07
rs72838607	6	29838429	9.798e-07
rs28686860	6	29838461	1.07e-06
rs28590416	6	29838650	6e-07
rs76730244	6	29840485	1.451e-05
rs72838623	6	29840810	4.776e-07
rs60788372	6	29841097	7.177e-07
rs60562637	6	29841103	7.177e-07
rs72838626	6	29841121	1.888e-05
rs114262395	6	29841330	1.758e-05
rs72838635	6	29842573	4.791e-07
rs60562052	6	29842697	4.58e-07
rs75574103	6	29849576	2.991e-06
rs61580452	6	29850002	2.319e-06
rs72838653	6	29850131	4.225e-06
rs78334780	6	29850634	2.319e-06
rs113071675	6	29850854	4.514e-06
rs3873275	6	29906489	5.023e-07
rs115221336	6	29907562	1.993e-05
rs76507355	6	29907773	2.175e-05
rs73725527	6	29908110	6.546e-07
rs116706170	6	29908415	3.161e-05
rs79761237	6	29908892	8.548e-07
rs35158227	6	29909999	6.554e-07
rs1136656	6	29910402	6.539e-07
rs41545815	6	29910947	5.995e-07
rs76475517	6	29911545	6.561e-07
rs77467746	6	29911604	6.862e-07
rs1136917	6	29912281	3.25e-07
rs1136949	6	29912297	6.821e-07
rs17879496	6	29912713	5.48e-07
rs147947139	6	29912938	3.027e-07
rs66585529	6	29913449	5.733e-07
rs78841522	6	29913698	8.867e-07
rs35493521	6	29913830	4.358e-07
rs34941730	6	29913886	6.873e-07
rs36048260	6	29914064	5.234e-07
rs17185910	6	29914544	4.562e-07
rs72845119	6	29915351	6.569e-07
rs72845121	6	29915438	9.414e-07
rs34591574	6	29915694	4.994e-07
rs34095738	6	29915791	5.733e-07
rs34016903	6	29915839	5.733e-07
rs72845126	6	29916287	1.214e-05
rs73725550	6	29916480	6.278e-07
rs72845132	6	29916639	6.862e-07
rs72845133	6	29916654	1.106e-06
rs72845135	6	29916922	1.118e-06
rs72845136	6	29916971	1.07e-06
rs17179683	6	29918841	2.1e-05
rs72845150	6	29919819	2.056e-06
rs137886986	6	29921460	1.118e-06
rs77735985	6	29921999	1.169e-06
rs72848146	6	29922885	1.495e-06
rs17179851	6	29924440	9.455e-07
rs2249741	6	31240712	1.773e-05
rs3819294	6	31322487	3.161e-05
rs17881225	6	31323065	5.523e-06
rs34265426	6	31325684	1.295e-05
rs9405085	6	31326292	1.59e-05
rs9380248	6	31328475	2.229e-05
rs9366782	6	31328545	2.016e-05
rs115797804	6	32356821	3.225e-05
rs937035	6	34059239	2.869e-06
rs148889882	6	34141700	1.635e-05
rs115588779	6	34141710	1.491e-05
rs56005336	6	34144189	4.141e-06
rs114295350	6	34144730	4.354e-06
rs114078082	6	34146811	5.419e-06
rs76412020	6	34149938	2.114e-07
rs139599289	6	34151395	5.519e-08
rs9394196	6	34151952	1.497e-05
rs115975649	6	34156567	3.704e-06
rs114355919	6	34157315	3.281e-06
rs61736202	6	34158343	3.206e-06
rs142779375	6	34165351	4.954e-07
rs7742369	6	34165721	4.319e-07
rs114472600	6	34166533	5.101e-07
rs150892220	6	34167432	5.408e-07
rs1187118	6	34169020	5.284e-06
rs114183675	6	34169493	4.672e-07
rs1211163	6	34169775	1.73e-06
rs143092818	6	34171855	4.033e-07
rs1187115	6	34172055	3.449e-06
rs76376137	6	34173330	5.733e-07
rs1776877	6	34174908	1.73e-06
rs116251328	6	34177510	5.88e-07
rs149268820	6	34179343	4.041e-07
rs144100226	6	34180297	3.376e-07
rs9357174	6	34181995	2.232e-06
rs10807137	6	34183026	2.232e-06
rs148221695	6	34184371	4.153e-07
rs141130394	6	34184374	4.153e-07
rs116344531	6	34184881	4.153e-07
rs139940087	6	34185157	3.69e-07
rs142767852	6	34185549	3.801e-07
rs2797963	6	34185749	5.89e-06
rs2797964	6	34185755	2.267e-06
rs150459394	6	34185960	1.967e-06
rs115166491	6	34186468	3.182e-07
rs115780893	6	34186532	3.278e-07
rs144229896	6	34187332	3.278e-07
rs114088263	6	34187366	3.478e-07
rs9469745	6	34188467	8.849e-06
rs12214804	6	34188866	2.267e-06
rs9689096	6	34188892	6.81e-08
rs141891664	6	34189337	3.182e-07
rs116526250	6	34189523	3.088e-07
rs75104038	6	34190104	1.359e-05
rs77577224	6	34190364	3.182e-07
rs10214450	6	34190449	2.741e-07
rs116836493	6	34191531	3.69e-07
rs114760566	6	34192036	5.57e-07
rs1776898	6	34194092	2.983e-06
rs78114378	6	34194268	3.376e-07
rs1759645	6	34194866	3.709e-07
rs1776897	6	34195011	2.869e-06
rs1759646	6	34195447	2.453e-06
rs1759627	6	34197105	3.51e-07
rs56410019	6	34198031	3.478e-07
rs2780226	6	34199092	6.765e-07
rs75034466	6	34199815	3.182e-07
rs79984746	6	34201127	2.998e-07
rs55692303	6	34202879	2.998e-07
rs115177000	6	34203893	6.619e-07
rs6937622	6	34204285	8.727e-07
rs114344942	6	34207990	3.278e-07
rs73744859	6	34208190	2.493e-07
rs41269026	6	34208773	3.088e-07
rs114476612	6	34209831	3.478e-07
rs41269028	6	34211238	3.278e-07
rs1150781	6	34214322	1.599e-06
rs1150779	6	34215919	5.682e-06
rs77988055	6	34216425	3.478e-07
rs57026767	6	34219698	2.383e-07
rs9394201	6	34221604	2.383e-07
rs116141873	6	34222201	4.537e-07
rs116638091	6	34222859	4.672e-07
rs9366846	6	34222939	1.355e-06
rs112495680	6	34223098	5.459e-07
rs61175078	6	34223443	4.948e-07
rs2797967	6	34224837	1.505e-06
rs2483211	6	34225931	1.428e-06
rs115450053	6	34227483	4.958e-07
rs151214526	6	34228249	5.104e-07
rs142125224	6	34232795	5.41e-07
rs145993284	6	34232796	5.569e-07
rs116466979	6	34235378	5.41e-07
rs114260726	6	34235784	5.41e-07
rs115299044	6	34236462	5.104e-07
rs56274948	6	34237976	1.787e-05
rs56097866	6	34238004	2.138e-05
rs116158112	6	34238295	4.677e-07
rs1307274	6	34240576	5.832e-06
rs1307273	6	34240886	1.77e-05
rs115245297	6	34244132	5.413e-07
rs77136196	6	34247047	5.906e-06
rs116839142	6	34258571	8.196e-06
rs13201723	6	74417826	7.641e-06
rs7739455	6	74420628	1.44e-06
rs9293937	6	74424069	2.171e-06
rs9293938	6	74424355	1.882e-05
rs7767106	6	74425747	3.266e-06
rs10455283	6	74425773	2.688e-06
rs9446995	6	74430392	2.209e-06
rs9446996	6	74430495	1.032e-05
rs9447001	6	74436003	3.266e-06
rs6923034	6	74436825	2.471e-06
rs9442952	6	74437989	1.8e-06
rs9442953	6	74438028	8.608e-07
rs10805974	6	74440514	2.34e-05
rs6932012	6	74442924	2.106e-05
rs4708077	6	74445020	6.387e-06
rs1875367	6	74448255	7.229e-06
rs2134016	6	74448889	6.795e-06
rs2173853	6	74448996	7.229e-06
rs35027042	6	74449723	4.673e-06
rs12203043	6	74449960	7.229e-06
rs2351311	6	74450775	2.924e-06
rs4342388	6	74450885	1.627e-05
rs1501191	6	74451654	6.002e-06
rs4235875	6	74453686	9.241e-06
rs9442956	6	74455832	6.002e-06
rs12211905	6	74457833	1.564e-05
rs9447004	6	74458737	6.632e-07
rs13199198	6	74459265	6.357e-08
rs7742217	6	74463105	1.357e-05
rs6909201	6	74463894	1.931e-06
rs9447010	6	74465876	1.611e-07
rs7774119	6	74468860	6.795e-06
rs7775539	6	74469732	1.611e-07
rs9442959	6	74470927	1.738e-07
rs9293939	6	74471851	1.492e-07
rs6939653	6	74474770	1.611e-07
rs6901628	6	74475047	2.419e-05
rs10943125	6	74477152	1.738e-07
rs10943126	6	74477289	1.738e-07
rs12197682	6	74478880	7.229e-06
rs4706554	6	74481076	1.876e-07
rs4708081	6	74485858	3.405e-06
rs4263551	6	74486371	1.564e-06
rs10455097	6	74493432	5.755e-06
rs6925924	6	74503727	3.843e-06
rs6903575	6	74503730	3.354e-06
rs6908109	6	74504031	3.843e-06
rs6907989	6	74504074	3.843e-06
rs12660627	6	74504224	3.843e-06
rs12663597	6	74504432	3.843e-06
rs7751669	6	74505101	4.112e-06
rs7751523	6	74505157	4.112e-06
rs7751558	6	74505258	4.112e-06
rs7772161	6	74505413	4.112e-06
rs7751758	6	74505424	4.112e-06
rs12663978	6	74505467	3.843e-06
rs7772434	6	74505583	4.112e-06
rs11757360	6	74505719	4.112e-06
rs10943130	6	74506220	4.112e-06
rs10943131	6	74506277	3.843e-06
rs12189952	6	74506328	3.843e-06
rs12209909	6	74506581	3.843e-06
rs997765	6	74506914	4.112e-06
rs997767	6	74507011	4.112e-06
rs7763030	6	74507489	4.112e-06
rs7762920	6	74507597	3.843e-06
rs7745364	6	74507729	4.112e-06
rs7763254	6	74507803	3.843e-06
rs9293942	6	74507877	3.354e-06
rs9447030	6	74508038	3.843e-06
rs9442968	6	74508564	4.112e-06
rs4708084	6	74508755	3.843e-06
rs4708085	6	74508772	4.112e-06
rs4708086	6	74509052	3.843e-06
rs4708087	6	74509150	3.843e-06
rs9293944	6	74509261	4.112e-06
rs7773872	6	74509629	3.843e-06
rs7749499	6	74509878	3.843e-06
rs1973482	6	74512154	4.112e-06
rs1973483	6	74512687	4.112e-06
rs9442970	6	74513576	9.486e-06
rs2882694	6	74517680	7.018e-06
rs1392916	6	74518202	9.396e-08
rs974112	6	74520113	2.251e-08
rs9447033	6	74520410	2.7e-05
rs3005482	6	74521194	2.075e-08
rs3005485	6	74521335	2.075e-08
rs2917862	6	74521947	2.075e-08
rs3005483	6	74522583	1.496e-08
rs4373332	6	74523247	6.357e-08
rs3005484	6	74523257	6.357e-08
rs2917861	6	74524047	5.876e-08
rs3005491	6	74525210	1.913e-08
rs3012544	6	74525264	1.624e-08
rs1550227	6	74525579	2.075e-08
rs2917860	6	74526127	1.006e-08
rs2917859	6	74526130	1.006e-08
rs2917857	6	74526304	1.343e-08
rs3012546	6	74526394	1.624e-08
rs3005496	6	74526395	1.624e-08
rs1866091	6	74527287	1.269e-08
rs1866092	6	74527599	1.269e-08
rs3005506	6	74528293	1.076e-08
rs3005509	6	74528498	1.579e-08
rs3005510	6	74528510	1.343e-08
rs3012562	6	74528813	1.456e-08
rs3012563	6	74528844	1.343e-08
rs3005527	6	74529704	8.383e-09
rs2917893	6	74529709	8.383e-09
rs3012570	6	74529736	1.343e-08
rs3012571	6	74529922	9.902e-09
rs3005537	6	74530421	1.076e-08
rs3005538	6	74530505	1.076e-08
rs3012572	6	74531720	3.229e-07
rs3012573	6	74531825	1.169e-08
rs3012518	6	74534086	2.595e-07
rs3012531	6	74538950	5.51e-09
rs1992141	6	74541452	2.548e-06
rs7753766	6	74544376	1.59e-05
rs1837079	6	74551982	4.635e-08
rs2917864	6	74553698	9.643e-08
rs2083078	6	74554209	1.533e-05
rs2351529	6	74554844	5.017e-08
rs3005488	6	74555327	5.017e-08
rs9447054	6	74557531	6.357e-08
rs1595346	6	74559458	2.862e-05
rs4301271	6	74559555	1.251e-05
rs959369	6	74563545	5.43e-08
rs3012549	6	74566072	5.43e-08
rs11963300	6	74566158	1.109e-05
rs2917894	6	74567444	4.4e-06
rs3012551	6	74569694	1.066e-07
rs3005493	6	74569720	1.438e-07
rs3012552	6	74569891	3.953e-08
rs3012553	6	74570251	4.635e-08
rs2882695	6	74570638	3.953e-08
rs3012555	6	74571354	1.438e-07
rs3012556	6	74571361	1.438e-07
rs3012557	6	74571797	2.106e-05
rs3012558	6	74572088	5.618e-08
rs1370437	6	74573207	2.539e-05
rs3012559	6	74576671	4.109e-08
rs2917867	6	74581963	2.996e-08
rs3005498	6	74582561	1.301e-05
rs3012564	6	74582914	2.767e-08
rs3012565	6	74584507	9.643e-08
rs3005499	6	74584668	4.029e-07
rs3005500	6	74584894	1.949e-08
rs2917891	6	74587661	5.091e-09
rs3012568	6	74587692	2.937e-09
rs3005504	6	74587976	4.554e-10
rs2917890	6	74588007	2.514e-09
rs969732	6	74588413	3.52e-10
rs3012569	6	74588922	3.107e-10
rs3005505	6	74589197	2.261e-10
rs2917889	6	74589591	3.029e-10
rs2917888	6	74589713	2.261e-10
rs1370439	6	74591885	2.95e-10
rs3005507	6	74603664	1.554e-10
rs3005508	6	74603880	5.55e-10
rs3005511	6	74605806	1.304e-10
rs1437568	6	74606325	1.554e-10
rs3005512	6	74606438	1.638e-10
rs1370438	6	74607842	2.778e-11
rs3005514	6	74608139	9.172e-11
rs3005515	6	74609187	1.638e-10
rs1437569	6	74609732	1.424e-10
rs2917868	6	74610073	1.5e-10
rs3005516	6	74610360	1.304e-10
rs3005517	6	74610844	1.424e-10
rs3012574	6	74610890	2.471e-10
rs3005519	6	74611047	1.554e-10
rs1595344	6	74611632	9.172e-11
rs3012577	6	74612365	2.7e-10
rs2917870	6	74612516	2.471e-10
rs2917871	6	74612582	1.304e-10
rs3012578	6	74612746	5.093e-10
rs3005520	6	74612861	2.95e-10
rs4540228	6	74613060	1.658e-11
rs2118333	6	74613447	1.094e-10
rs2917883	6	74620453	1.372e-10
rs2917884	6	74621193	1.554e-10
rs2917885	6	74621505	1.304e-10
rs2917886	6	74622384	1.256e-10
rs7752254	6	74623372	1.195e-10
rs9360714	6	74625307	2.616e-10
rs9343087	6	74625478	2.2e-10
rs55661458	6	74626284	2.399e-10
rs61364563	6	74626498	3.107e-10
rs62440672	6	74626846	2.2e-10
rs9360715	6	74627427	2.018e-10
rs9341440	6	74627575	1.528e-10
rs9341441	6	74627909	2.616e-10
rs12204104	6	74628454	2.471e-10
rs62440674	6	74629622	2.2e-10
rs78672909	6	74630651	5.281e-10
rs60632991	6	74633524	2.069e-10
rs12528991	6	74633657	1.256e-10
rs1898487	6	74633850	1.195e-10
rs12212966	6	74638429	2.616e-10
rs12529606	6	74638612	1.475e-10
rs9352037	6	74640236	2.241e-05
rs7753894	6	74641231	1.667e-06
rs9352038	6	74641577	2.539e-05
rs9360716	6	74641589	1.976e-05
rs9350511	6	74641898	1.667e-06
rs4708104	6	74644705	1.772e-06
rs9352039	6	74646411	2.104e-05
rs1550228	6	74646475	2.003e-06
rs6453705	6	74648481	2.003e-06
rs7774020	6	74648548	1.855e-05
rs6453706	6	74648557	1.223e-06
rs7746749	6	74652645	2.539e-05
rs9359047	6	74653048	2.703e-05
rs1437570	6	74656413	1.634e-05
rs12527234	6	74657853	2.386e-05
rs9352040	6	74658633	2.263e-06
rs9350512	6	74661085	2.386e-05
rs3012520	6	74662390	2.714e-06
rs3003195	6	74664462	1.302e-06
rs3012526	6	74671800	5.385e-07
rs3003178	6	74675731	1.772e-06
rs3012528	6	74676115	1.884e-06
rs3012529	6	74676685	2.447e-06
rs3003179	6	74677167	1.823e-06
rs3003181	6	74677830	4.615e-07
rs3003182	6	74678611	2.134e-10
rs3003183	6	74679490	2.33e-10
rs3003184	6	74679757	2.134e-10
rs3012530	6	74679826	2.134e-10
rs3003185	6	74679910	2.134e-10
rs3003186	6	74679978	2.134e-10
rs3003187	6	74680038	2.134e-10
rs3003188	6	74680513	4.92e-11
rs3003189	6	74680590	2.134e-10
rs3003190	6	74680740	2.08e-05
rs3003191	6	74681513	3.953e-08
rs3012532	6	74682934	3.931e-10
rs3012533	6	74683395	3.953e-08
rs3003197	6	74688446	1.638e-10
rs3012536	6	74688523	3.649e-08
rs3012538	6	74688937	1.79e-10
rs3003198	6	74689817	2.868e-08
rs3003199	6	74689937	3.109e-08
rs3003200	6	74690742	1.79e-10
rs3012539	6	74692160	2.08e-05
rs3012540	6	74692363	2.08e-05
rs4235882	6	74693189	3.109e-08
rs4440430	6	74694442	3.953e-08
rs4443479	6	74694620	3.649e-08
rs9447090	6	74695036	2.319e-05
rs7747826	6	74695861	2.646e-08
rs9442993	6	74696814	1.865e-05
rs9350514	6	74699129	2.868e-08
rs7764706	6	74699350	6.072e-08
rs6942131	6	74703646	3.109e-08
rs6453712	6	74703804	2.868e-08
rs4395685	6	74704438	2.08e-05
rs3925057	6	74704818	2.868e-08
rs7773283	6	74705898	2.868e-08
rs9442995	6	74706111	2.197e-05
rs9447092	6	74707150	2.08e-05
rs9442997	6	74711510	2.448e-05
rs7739603	6	74712406	2.319e-05
rs7757979	6	74712562	2.319e-05
rs9343094	6	74713467	3.243e-08
rs4504441	6	74713981	3.798e-08
rs9447095	6	74714172	2.727e-05
rs9447096	6	74714304	2.584e-05
rs4635989	6	74715181	2.584e-05
rs6920620	6	74719363	1.998e-05
rs4454100	6	74721508	2.878e-05
rs9293947	6	74723033	2.226e-05
rs7750500	6	74723356	1.617e-08
rs6918322	6	74724167	1.624e-08
rs7765706	6	74725953	1.269e-08
rs9341443	6	74726213	8.575e-09
rs9447104	6	74727651	1.579e-08
rs6922221	6	74727977	1.579e-08
rs9360724	6	74728292	3.969e-07
rs9447105	6	74728642	2.47e-08
rs4128330	6	74733041	2.178e-08
rs6453714	6	74734853	2.36e-08
rs13197940	6	74740803	2.306e-05
rs9343103	6	74742881	2.767e-08
rs9447110	6	74742919	2.306e-05
rs6933073	6	74744185	2.115e-05
rs6933186	6	74744519	2.208e-05
rs6938227	6	74744863	2.115e-05
rs4554292	6	74745307	2.996e-08
rs6453716	6	74745996	2.115e-05
rs6453717	6	74746153	1.939e-05
rs6909080	6	74747804	2.208e-05
rs6931957	6	74747822	2.208e-05
rs6936436	6	74747923	2.115e-05
rs9443008	6	74749284	2.329e-05
rs6906884	6	74752473	6.574e-06
rs9352061	6	74753087	6.151e-06
rs7765933	6	74756191	6.151e-06
rs6453719	6	74759746	3.709e-07
rs6921897	6	74759895	4.291e-07
rs4529263	6	74760775	5.334e-07
rs4445030	6	74760852	6.574e-06
rs9359055	6	74761020	6.574e-06
rs9343106	6	74761202	3.495e-07
rs6930174	6	74761789	6.574e-06
rs6914017	6	74761908	5.334e-07
rs6914381	6	74762082	5.334e-07
rs9341445	6	74762145	5.334e-07
rs9359056	6	74762370	6.151e-06
rs9293948	6	74762833	3.709e-07
rs4605844	6	74763411	4.444e-08
rs4386774	6	74764272	4.282e-06
rs4235885	6	74765701	5.298e-06
rs6916906	6	74766609	4.005e-06
rs6915086	6	74771648	3.275e-06
rs9352062	6	74772254	3.503e-06
rs6926832	6	74773413	3.275e-06
rs4708114	6	74774958	3.195e-06
rs4349775	6	74778818	2.034e-06
rs4257824	6	74779091	4.952e-07
rs7745418	6	74780317	1.214e-05
rs4708115	6	74781067	6.151e-06
rs4708116	6	74781080	1.294e-05
rs4706566	6	74781418	5.383e-06
rs4706567	6	74781474	1.139e-05
rs9360733	6	74781608	1.002e-05
rs7751181	6	74781698	5.034e-06
rs7751176	6	74781737	5.034e-06
rs6453720	6	74782006	9.399e-06
rs4374799	6	74782263	8.26e-06
rs4345361	6	74782739	7.741e-06
rs4640857	6	74783114	8.26e-06
rs4495244	6	74783302	7.253e-06
rs4145027	6	74783528	7.253e-06
rs4145028	6	74783557	7.741e-06
rs6910804	6	74784072	5.225e-06
rs6453721	6	74784286	8.26e-06
rs4145026	6	74784849	8.26e-06
rs9443010	6	74789331	2.498e-06
rs9447128	6	74789431	4.4e-06
rs9443011	6	74789517	8.812e-06
rs4354108	6	74793904	2.419e-05
rs4706570	6	74795428	1.678e-06
rs4708120	6	74797235	5.225e-06
rs9341448	6	74800550	8.812e-06
rs4132147	6	74804096	1.002e-05
rs4132146	6	74804277	1.069e-05
rs2486228	6	74810574	2.673e-06
rs2251494	6	74818731	2.673e-06
rs1934026	6	74823176	2.498e-06
rs2486227	6	74824015	2.673e-06
rs2501180	6	74828682	1.654e-06
rs7743606	6	74829731	1.343e-06
rs76886112	6	74830118	1.634e-05
rs4291067	6	74832124	2.673e-06
rs12215618	6	74833387	6.619e-07
rs12192386	6	74835062	3.275e-06
rs1934020	6	74838497	6.569e-07
rs13196092	6	74840614	2.333e-06
rs13220280	6	74851313	2.861e-06
rs12196799	6	74855133	3.503e-06
rs4282373	6	74855949	2.673e-06
rs10455295	6	74863350	6.167e-07
rs13209288	6	74867940	8.217e-06
rs10943182	6	74868880	4.952e-07
rs7755020	6	74872124	3.969e-07
rs9352074	6	74875126	1.224e-05
rs10805994	6	74875161	2.104e-05
rs7758470	6	74875901	6.167e-07
rs4708134	6	74877511	1.224e-05
rs12202740	6	74879515	1.855e-05
rs9341454	6	74879604	1.382e-05
rs9352075	6	74881021	1.224e-05
rs9293955	6	74882723	1.301e-05
rs10943183	6	74883437	1.098e-06
rs7765359	6	74884541	1.469e-05
rs7765533	6	74884669	1.56e-05
rs9360748	6	74888583	2.876e-05
rs4472312	6	74889400	1.608e-06
rs9343114	6	74890322	1.967e-06
rs9352076	6	74890585	2.103e-06
rs4708136	6	74890761	1.967e-06
rs1934015	6	74891202	7.667e-07
rs1934016	6	74891239	7.667e-07
rs946366	6	74892607	8.455e-06
rs4576211	6	74893035	1.967e-06
rs1934030	6	74894357	7.132e-07
rs10455296	6	74894737	9.385e-07
rs1934022	6	74897061	8.752e-07
rs34512770	6	74897185	3.503e-06
rs1934023	6	74898397	1.438e-05
rs13193080	6	74899363	1.098e-06
rs62437152	6	74899865	1.669e-07
rs2351782	6	74900425	1.438e-05
rs1767860	6	74902328	1.405e-06
rs1760634	6	74903045	7.667e-07
rs1618267	6	74903191	1.533e-05
rs1931267	6	74903735	7.667e-07
rs1931268	6	74903741	1.84e-06
rs1613064	6	74903797	1.84e-06
rs1931283	6	74906901	1.533e-05
rs1931282	6	74907516	2.103e-06
rs2781224	6	74907802	8.241e-07
rs1760660	6	74908594	2.103e-06
rs1760659	6	74908662	8.241e-07
rs1767857	6	74909381	2.103e-06
rs1760658	6	74909631	8.241e-07
rs2781223	6	74910312	2.103e-06
rs1767872	6	74911631	1.438e-05
rs2781220	6	74913771	8.856e-07
rs1931281	6	74914404	1.438e-05
rs2781218	6	74915033	1.967e-06
rs2781217	6	74915267	2.103e-06
rs1760657	6	74918010	9.515e-07
rs1760656	6	74918021	2.403e-06
rs1760655	6	74918170	9.515e-07
rs2781216	6	74918420	1.022e-06
rs2184234	6	74920235	1.533e-05
rs1543741	6	74920382	2.248e-06
rs2781215	6	74920911	1.458e-06
rs2781213	6	74921580	1.855e-05
rs2781212	6	74921979	1.826e-07
rs2781211	6	74922373	1.855e-05
rs2781210	6	74923588	1.634e-05
rs2781209	6	74923751	1.855e-05
rs2788956	6	74924009	2.386e-05
rs2781208	6	74924028	1.741e-05
rs1931278	6	74924813	1.634e-05
rs34781431	6	74925050	1.741e-05
rs3120936	6	74925123	1.098e-06
rs3120043	6	74925242	1.634e-05
rs3120042	6	74925262	1.634e-05
rs9343118	6	74925393	2.403e-06
rs13205924	6	74925423	1.741e-05
rs13205927	6	74925472	1.634e-05
rs62437156	6	74925525	1.741e-05
rs2781207	6	74925730	1.741e-05
rs2781206	6	74925890	1.741e-05
rs12205272	6	74926061	1.741e-05
rs2788958	6	74926172	1.741e-05
rs2788959	6	74926408	1.741e-05
rs2781205	6	74926548	2.403e-06
rs2781204	6	74927012	1.741e-05
rs2781203	6	74927133	1.976e-05
rs1760654	6	74927245	1.634e-05
rs111998880	6	74927857	2.104e-05
rs7774055	6	74928513	1.855e-05
rs9359069	6	74928745	8.559e-06
rs6902036	6	74928929	1.678e-06
rs2788962	6	74929387	2.219e-06
rs1760653	6	74929797	1.741e-05
rs1760652	6	74930029	1.098e-06
rs2781201	6	74930680	2.567e-06
rs1760651	6	74931199	1.098e-06
rs1760650	6	74931714	1.098e-06
rs2781199	6	74931767	2.743e-06
rs2788964	6	74931987	1.741e-05
rs1760649	6	74932223	1.976e-05
rs1767853	6	74933356	1.976e-05
rs1112039	6	74933508	1.266e-06
rs2788968	6	74935083	5.225e-06
rs2788969	6	74935203	1.976e-05
rs2781198	6	74936891	2.539e-05
rs1760647	6	74939076	1.855e-05
rs1622964	6	74939406	1.976e-05
rs2788972	6	74939930	1.855e-05
rs2788974	6	74940514	2.567e-06
rs2788975	6	74940656	1.855e-05
rs2788976	6	74941358	1.741e-05
rs2065859	6	74943360	6.574e-06
rs2788978	6	74944004	4.952e-07
rs2065860	6	74944460	7.069e-07
rs2781194	6	74945311	6.593e-07
rs1760646	6	74946083	2.948e-07
rs1578076	6	74946637	3.176e-07
rs1767871	6	74946835	2.948e-07
rs1625060	6	74947146	6.151e-06
rs1767870	6	74947419	6.151e-06
rs1760645	6	74948264	6.151e-06
rs1767869	6	74948323	6.574e-06
rs1767868	6	74948344	6.574e-06
rs1760644	6	74948679	6.593e-07
rs2262761	6	74948879	6.151e-06
rs1760643	6	74949096	6.151e-06
rs1767867	6	74949273	6.151e-06
rs1760642	6	74950728	6.151e-06
rs12530340	6	74951808	1.741e-05
rs1760640	6	74951897	1.438e-05
rs1760639	6	74952846	1.634e-05
rs1767866	6	74953011	1.179e-06
rs1767865	6	74953560	1.855e-05
rs1767864	6	74953639	2.403e-06
rs1767863	6	74954278	1.634e-05
rs2781180	6	74954510	9.515e-07
rs1760638	6	74954660	1.634e-05
rs2781177	6	74954788	1.634e-05
rs2781176	6	74954819	9.515e-07
rs9343122	6	74957475	2.248e-06
rs1615022	6	74959451	9.515e-07
rs1686317	6	74960393	1.533e-05
rs2635103	6	74961024	1.348e-05
rs2635106	6	74961503	2.403e-06
rs1319623	6	74961807	1.348e-05
rs1319624	6	74961837	1.348e-05
rs1767861	6	74963264	1.533e-05
rs1760636	6	74963291	1.634e-05
rs1768302	6	74963557	1.741e-05
rs1686318	6	74963681	1.458e-06
rs2635111	6	74964593	1.022e-06
rs2788989	6	74964842	5.262e-06
rs12205058	6	74964937	5.581e-06
rs12205065	6	74964970	2.605e-05
rs433168	6	74965008	1.741e-05
rs1760635	6	74965625	1.533e-05
rs1489375	6	74965835	1.533e-05
rs763672	6	74966992	9.515e-07
rs1387416	6	74967056	1.533e-05
rs2635114	6	74968158	1.438e-05
rs2635115	6	74968463	9.515e-07
rs2781172	6	74968817	3.129e-06
rs2781171	6	74969670	1.422e-06
rs2635116	6	74969762	1.438e-05
rs2788992	6	74970099	1.438e-05
rs2635117	6	74970787	7.667e-07
rs1620808	6	74972227	1.438e-05
rs1622445	6	74972393	1.438e-05
rs1489379	6	74972757	1.348e-05
rs1767855	6	74973416	1.264e-05
rs9360767	6	74996265	2.498e-06
rs9341462	6	75007961	2.673e-06
rs6926068	6	75010461	2.673e-06
rs7773856	6	75016291	3.275e-06
rs9283797	6	75044632	5.533e-06
rs59219121	6	75047372	2.595e-07
rs9443029	6	75047543	1.303e-07
rs10755318	6	75047695	3.649e-08
rs4639296	6	75051022	1.134e-07
rs9447186	6	75051559	6.76e-08
rs9343141	6	75051587	5.43e-08
rs6453745	6	75052483	8.984e-08
rs6453746	6	75052665	9.643e-08
rs9343142	6	75053394	3.649e-08
rs9447189	6	75053552	9.643e-08
rs1489374	6	75053837	6.357e-08
rs7451225	6	75054360	8.37e-08
rs599121	6	75056542	2.948e-07
rs675497	6	75057550	3.686e-07
rs6936857	6	75058189	1.035e-07
rs183941	6	75060004	2.948e-07
rs3843506	6	75061707	1.216e-07
rs3843507	6	75061797	1.601e-07
rs525923	6	75065279	1.097e-07
rs9447193	6	75080425	2.964e-06
rs147000670	6	75085873	2.669e-05
rs795857	6	75112715	3.59e-06
rs112609208	6	75137300	3.168e-05
rs1830597	6	75149300	5.505e-06
rs55933316	6	75165883	3.165e-05
rs111941184	6	75169906	2.238e-05
rs76238682	7	1142642	2.426e-05
rs34597979	7	11750306	3.235e-05
rs12540945	7	11754632	2.457e-05
rs34529286	7	11754852	2.346e-05
rs35803966	7	11754960	2.845e-05
rs13307057	7	11755187	2.346e-05
rs13307125	7	11755309	2.457e-05
rs1526545	7	11756123	1.638e-05
rs1526544	7	11756574	2.239e-05
rs35878423	7	11756687	2.04e-05
rs1526543	7	11756776	1.947e-05
rs4446622	7	11757415	2.138e-05
rs4400269	7	11757441	3.235e-05
rs17246341	7	11758649	3.091e-05
rs34980136	7	11759374	2.138e-05
rs2355069	7	11760253	3.235e-05
rs4721011	7	11825042	7.8e-06
rs6460842	7	11825759	2.784e-05
rs7782151	7	11825839	2.477e-05
rs143106244	7	120868598	2.278e-06
rs151309970	7	120913331	5.393e-08
rs75943731	7	131500051	2.541e-05
rs8180751	7	134013521	3.343e-05
rs61668393	7	134021581	1.861e-05
rs1978411	7	134022714	2.004e-05
rs7789318	7	134026316	1.544e-05
rs12672741	7	134028310	1.812e-05
rs73162809	7	134029482	2.118e-05
rs17167757	7	134030203	2.278e-05
rs13233583	7	134513348	2.419e-05
rs4732060	7	134530381	1.666e-05
rs34610403	7	134538340	1.499e-05
rs2075463	7	134552202	3.564e-07
rs1452911	7	134552634	3.564e-07
rs2290358	7	134555658	7.496e-07
rs12535418	7	134558806	7.012e-07
rs58715694	7	134559074	8.012e-07
rs10488465	7	134561819	7.03e-07
rs10488466	7	134562744	1.069e-05
rs12532492	7	134565347	1.002e-05
rs1012360	7	134573742	2.171e-05
rs12531510	7	134576547	1.214e-05
rs17168118	7	134576840	9.043e-07
rs12707188	7	134591097	1.409e-05
rs11560395	7	134592508	2.831e-05
rs11562045	7	134592554	1.324e-05
rs11536603	7	134592588	2.831e-05
rs11974464	7	134596617	4.344e-06
rs2347902	7	134598650	1.041e-05
rs2347901	7	134601468	5.727e-06
rs10241656	7	134602289	4.656e-06
rs12673328	7	134602956	4.656e-06
rs4728341	7	134605106	2.241e-05
rs7809057	7	134607676	4.99e-06
rs12707189	7	134609383	5.727e-06
rs11974957	7	134609545	4.99e-06
rs4732069	7	134612018	4.656e-06
rs12707190	7	134613115	5.346e-06
rs3735043	7	134613311	4.344e-06
rs12667528	7	134616524	3.779e-06
rs6973420	7	134618710	5.346e-06
rs2272095	7	140158851	2.98e-05
rs111661389	7	140181931	1.636e-05
rs7782764	7	23475919	1.343e-06
rs58927741	7	23476772	1.481e-06
rs57569108	7	23478750	1.716e-06
rs12535402	7	23480253	1.556e-06
rs12532727	7	23480306	1.278e-06
rs62468253	7	23480886	1.556e-06
rs11982127	7	23481409	1.634e-06
rs56685747	7	23484228	1.338e-07
rs12536750	7	23490733	1.216e-06
rs62468783	7	23497942	6.795e-06
rs12540317	7	23501094	7.116e-06
rs62468785	7	23501321	8.548e-06
rs12530654	7	23502115	9.799e-06
rs12534005	7	23502518	9.799e-06
rs62468788	7	23506372	5.915e-06
rs6980466	7	23507699	4.685e-06
rs118003225	7	23509295	2.459e-06
rs62468789	7	23509871	2.296e-06
rs6969357	7	23512817	3.531e-06
rs7794470	7	23516484	5.144e-06
rs62468793	7	23523078	5.198e-07
rs6975037	7	23527881	2.919e-06
rs62468795	7	23530051	1.332e-06
rs10228640	7	23530800	2.528e-06
rs10265982	7	23532431	2.528e-06
rs10281939	7	23532683	2.528e-06
rs10271105	7	23534122	3.367e-06
rs62468797	7	23536186	1.634e-06
rs10265299	7	23537697	1.891e-06
rs62468815	7	23538861	3.531e-06
rs10274219	7	23540219	2.409e-06
rs10238290	7	23541591	1.891e-06
rs62468817	7	23543610	1.618e-06
rs57398773	7	23546609	5.528e-06
rs62468819	7	23550893	1.228e-05
rs10259241	7	23555814	1.207e-05
rs192855073	7	23556884	3.546e-06
rs140950228	7	23556985	1.102e-05
rs62468820	7	23557438	9.611e-06
rs62468821	7	23568817	3.363e-07
rs62468822	7	23569029	5.77e-06
rs1046135	7	23570584	2.741e-06
rs62468823	7	23573319	1.216e-06
rs10255504	7	23576129	3.264e-06
rs10237455	7	23576937	5.733e-07
rs6973315	7	23579187	3.768e-06
rs10249385	7	23579399	1.891e-06
rs10238231	7	23580722	4.347e-06
rs10243153	7	23582146	2.327e-06
rs10280782	7	23584282	2.691e-06
rs62467060	7	23586177	1.41e-06
rs10262213	7	23591963	5.646e-06
rs62467062	7	23596276	7.076e-06
rs28780411	7	23596540	8.656e-06
rs7807028	7	23597174	6.936e-06
rs7811253	7	23597521	7.525e-06
rs62467091	7	23599023	9.596e-06
rs77492305	7	23600880	1.34e-05
rs10227207	7	23602976	1.45e-05
rs10246526	7	23603597	1.43e-05
rs7806462	7	23603980	1.45e-05
rs7807135	7	23604196	1.45e-05
rs7807171	7	23604276	1.508e-05
rs114421672	7	23604499	5.016e-06
rs10264437	7	23604779	1.508e-05
rs79701635	7	23701818	1.282e-05
rs74904363	7	23787549	2.428e-05
rs117029028	7	23894228	3.186e-05
rs11981869	7	25402032	2.731e-05
rs11972231	7	25402437	2.579e-05
rs10807824	7	25404453	2.047e-05
rs12700625	7	25405647	2.047e-05
rs6461862	7	25408671	1.931e-05
rs6461864	7	25408898	1.822e-05
rs12670448	7	25411621	1.609e-05
rs1002203	7	25416447	2.537e-06
rs929240	7	25417833	3.258e-06
rs929239	7	25417839	3.258e-06
rs1015497	7	25419069	3.061e-06
rs13221394	7	25424234	2.382e-06
rs12700628	7	25424565	1.628e-06
rs6953741	7	25442648	8.87e-06
rs11770315	7	25709305	1.251e-05
rs9942690	7	25710302	4.486e-06
rs4719821	7	25710410	1.688e-05
rs12667142	7	25711262	4.486e-06
rs10951084	7	25712273	1.688e-05
rs10951085	7	25712532	1.007e-06
rs17152183	7	25713596	9.465e-07
rs17152187	7	25713939	8.895e-07
rs10951086	7	25714438	9.465e-07
rs10807830	7	25714477	9.465e-07
rs11762312	7	25714798	9.465e-07
rs73087971	7	25715011	9.465e-07
rs6942970	7	25715568	9.465e-07
rs2190532	7	25715984	9.465e-07
rs17152204	7	25716536	1.14e-06
rs17152207	7	25716645	8.895e-07
rs17152208	7	25716841	9.465e-07
rs11762724	7	25716975	1.007e-06
rs11772927	7	25717128	8.895e-07
rs10951087	7	25717150	8.895e-07
rs758012	7	25717302	9.465e-07
rs1106876	7	25717676	8.895e-07
rs4722492	7	25717700	8.895e-07
rs758013	7	25717942	8.895e-07
rs758014	7	25718314	8.895e-07
rs740345	7	25718419	8.895e-07
rs2893212	7	25718618	8.357e-07
rs1859848	7	25718748	8.357e-07
rs1859849	7	25718804	8.895e-07
rs1859850	7	25718815	9.465e-07
rs1859851	7	25718873	8.357e-07
rs17152235	7	25719293	8.357e-07
rs2214976	7	25722313	8.895e-07
rs2190533	7	25722499	8.895e-07
rs2190534	7	25722609	7.464e-06
rs2190535	7	25722712	8.895e-07
rs1558076	7	25723542	9.465e-07
rs1558077	7	25723682	8.895e-07
rs2391150	7	25724334	1.469e-05
rs1544477	7	25725203	1.56e-05
rs1544478	7	25725571	1.56e-05
rs1544479	7	25725601	1.869e-05
rs10951090	7	25725976	1.657e-05
rs2190536	7	25726511	1.007e-06
rs2190537	7	25726548	1.007e-06
rs1544480	7	25727261	1.007e-06
rs1544481	7	25727318	1.657e-05
rs1544482	7	25727328	9.465e-07
rs1544483	7	25727614	9.465e-07
rs886836	7	25728484	9.465e-07
rs886837	7	25728849	9.465e-07
rs73089605	7	25729416	9.465e-07
rs9639516	7	25729418	1.56e-05
rs2014749	7	25729808	1.657e-05
rs4722498	7	25731322	1.657e-05
rs1014673	7	25732025	1.657e-05
rs2190538	7	25733481	1.657e-05
rs12672421	7	25733973	9.465e-07
rs10951091	7	25734558	1.56e-05
rs4719822	7	25735284	1.56e-05
rs2190539	7	25736929	1.76e-05
rs2190540	7	25737019	1.657e-05
rs2893213	7	25737053	2.047e-05
rs17152311	7	25737207	1.007e-06
rs4722499	7	25738618	9.57e-06
rs4722500	7	25738956	1.083e-05
rs10951092	7	25739360	1.007e-06
rs73089620	7	25739651	1.007e-06
rs181192291	7	25741312	1.007e-06
rs4722501	7	25743582	9.57e-06
rs4722502	7	25743928	8.996e-06
rs11768093	7	25743988	1.14e-06
rs1558075	7	25745645	8.895e-07
rs11983371	7	25746800	1.007e-06
rs17152328	7	25747409	8.996e-06
rs10951098	7	25748124	9.465e-07
rs2391151	7	25748392	9.465e-07
rs2391152	7	25748500	9.465e-07
rs73089624	7	25748965	1.007e-06
rs4722503	7	25749410	9.465e-07
rs2158932	7	25750330	9.465e-07
rs55706734	7	25750982	1.301e-05
rs11973825	7	25751391	1.007e-06
rs11489283	7	25751792	9.465e-07
rs6953294	7	25753008	1.007e-06
rs76009949	7	25756870	2.834e-07
rs11486819	7	25757261	1.202e-06
rs9969288	7	25758295	2.834e-07
rs9969223	7	25758597	2.656e-07
rs12113786	7	25758925	2.184e-07
rs12113800	7	25759108	3.226e-07
rs6944040	7	25759910	3.441e-07
rs17152388	7	25759987	2.834e-07
rs12672250	7	25760226	2.332e-07
rs12666060	7	25760403	2.332e-07
rs12672725	7	25760501	2.184e-07
rs714062	7	25760864	2.184e-07
rs714063	7	25761057	2.332e-07
rs4141279	7	25761314	3.024e-07
rs73089641	7	25761757	3.024e-07
rs10486410	7	25761835	3.024e-07
rs11772188	7	25762047	3.024e-07
rs17152401	7	25762768	3.912e-07
rs17152404	7	25762797	3.226e-07
rs17152406	7	25762903	3.441e-07
rs11769531	7	25763095	3.226e-07
rs11769488	7	25763138	3.024e-07
rs11773245	7	25763333	3.912e-07
rs17152409	7	25763429	3.226e-07
rs58685130	7	25763710	3.504e-07
rs10486411	7	25764567	2.157e-06
rs4722504	7	25764707	1.566e-06
rs17152416	7	25765238	4.171e-07
rs10486412	7	25765247	4.171e-07
rs17152421	7	25765292	3.441e-07
rs10486413	7	25765330	3.669e-07
rs10486414	7	25765401	3.912e-07
rs7456645	7	25766073	3.912e-07
rs1859852	7	25766187	3.912e-07
rs11771810	7	25766751	2.834e-07
rs11768183	7	25767029	3.024e-07
rs11768244	7	25767091	2.834e-07
rs17152436	7	25767304	3.024e-07
rs57481210	7	25767572	7.353e-07
rs17152441	7	25767616	3.912e-07
rs17152447	7	25768071	2.332e-07
rs17152449	7	25768102	4.171e-07
rs17152452	7	25768312	3.024e-07
rs11770033	7	25768660	3.024e-07
rs56167145	7	25768959	3.669e-07
rs4722505	7	25769651	3.441e-07
rs4722506	7	25769808	3.912e-07
rs2893214	7	25769906	3.912e-07
rs2893215	7	25770175	3.912e-07
rs4448159	7	25770341	4.171e-07
rs11772115	7	25770924	4.171e-07
rs10951099	7	25771086	4.171e-07
rs10951100	7	25771151	4.171e-07
rs970942	7	25771790	3.912e-07
rs10486415	7	25771938	4.739e-07
rs10486416	7	25772043	3.912e-07
rs10951101	7	25772219	3.912e-07
rs10951102	7	25772403	3.441e-07
rs12665893	7	25772432	3.669e-07
rs10951103	7	25772448	3.669e-07
rs11977626	7	25772570	3.669e-07
rs10951104	7	25773084	3.669e-07
rs991821	7	25773404	3.226e-07
rs991822	7	25773431	3.669e-07
rs991823	7	25773456	6.137e-07
rs10951106	7	25774190	3.226e-07
rs10951107	7	25774571	3.669e-07
rs73089681	7	25775315	1.916e-07
rs2058024	7	25775690	3.226e-07
rs10951108	7	25776194	1.137e-08
rs4722508	7	25777597	3.024e-07
rs4722509	7	25778393	3.912e-07
rs4722510	7	25778398	3.669e-07
rs2391153	7	25778715	3.226e-07
rs17152503	7	25779129	2.332e-07
rs4722511	7	25779243	7.03e-07
rs11977322	7	25781313	7.03e-07
rs12669478	7	25783665	5.357e-08
rs17152544	7	25789508	5e-07
rs17152552	7	25791067	2.999e-06
rs17152558	7	25791205	3.833e-06
rs11768336	7	25791691	2.999e-06
rs10951109	7	25791719	4.067e-07
rs4722520	7	25792666	1.056e-06
rs62452806	7	25792972	6.569e-07
rs17381459	7	25793107	6.596e-06
rs73089698	7	25793257	4.074e-06
rs10267205	7	25793402	5e-07
rs17152567	7	25793477	1.446e-07
rs2391167	7	25794626	2.635e-06
rs17152582	7	25795765	2.997e-06
rs6955824	7	25795800	2.096e-06
rs17152596	7	25797276	2.096e-06
rs17152605	7	25797688	2.096e-06
rs1016816	7	25798505	3.195e-06
rs1016818	7	25798533	3.195e-06
rs17152613	7	25798864	2.364e-06
rs1859853	7	25799582	3.629e-06
rs1859854	7	25799698	3.405e-06
rs10231028	7	25800508	2.471e-06
rs58999653	7	25800786	2.316e-06
rs58389681	7	25800885	2.81e-06
rs61491835	7	25800889	3.195e-06
rs60196526	7	25800944	3.405e-06
rs4722521	7	25801245	2.316e-06
rs10215524	7	25801699	1.785e-06
rs9639517	7	25801760	1.557e-05
rs10216251	7	25801774	1.672e-06
rs9639518	7	25802130	2.171e-06
rs7793552	7	25802332	5.153e-06
rs4722522	7	25802471	1.202e-06
rs58937146	7	25847318	4.182e-06
rs28392961	7	25850464	9.643e-08
rs2060765	7	25854151	1.561e-09
rs286701	7	25856116	3.969e-07
rs4141278	7	25857525	9.446e-08
rs10245353	7	25858614	5.382e-08
rs7798002	7	25860580	1.231e-07
rs7798130	7	25860650	6.749e-08
rs7798431	7	25860812	8.368e-11
rs12535837	7	25861138	9.856e-11
rs1451382	7	25861419	7.709e-11
rs3902751	7	25861639	7.709e-11
rs2893220	7	25862733	8.368e-11
rs2391168	7	25862790	7.19e-08
rs4722526	7	25863631	8.368e-11
rs4722527	7	25863717	8.032e-11
rs61140461	7	25864033	7.101e-11
rs7782246	7	25864658	7.101e-11
rs7782292	7	25864782	6.539e-11
rs10271088	7	25865220	6.021e-11
rs10241659	7	25865361	6.539e-11
rs10271460	7	25865380	6.539e-11
rs10274306	7	25865464	6.539e-11
rs1812673	7	25865542	1.584e-08
rs62447896	7	25865655	6.539e-11
rs60643312	7	25867098	5.544e-11
rs10261019	7	25867692	6.021e-11
rs4722528	7	25868300	6.021e-11
rs2893221	7	25869200	4.605e-08
rs35766302	7	25869484	5.234e-08
rs10225976	7	25869693	5.544e-11
rs41469349	7	25870440	5.234e-08
rs1055144	7	25871109	5.234e-08
rs6958350	7	25871933	4.322e-11
rs10282436	7	25873110	5.578e-08
rs10260677	7	25874991	3.338e-08
rs12700664	7	25875151	1.224e-07
rs13231733	7	25875830	1.131e-07
rs28473292	7	25876239	3.128e-08
rs10232819	7	25876612	3.095e-11
rs1376527	7	25876805	3.365e-11
rs4722529	7	25880011	2.846e-11
rs10267498	7	25881726	3.338e-08
rs10238703	7	25882174	5.945e-08
rs10242536	7	25882824	2.932e-08
rs10951112	7	25882839	2.116e-08
rs9987000	7	25883207	1.333e-08
rs10262483	7	25884044	1.855e-08
rs4722530	7	25884102	1.626e-08
rs6461887	7	25885411	2.032e-11
rs56376645	7	25886125	2.617e-11
rs979165	7	25886478	1.576e-11
rs10241634	7	25887934	2.574e-08
rs4722531	7	25888015	2.846e-11
rs12700666	7	25889153	1.434e-07
rs57246313	7	25889697	1.167e-08
rs11976790	7	25889721	1.329e-11
rs7793216	7	25890060	1.12e-11
rs1451383	7	25891809	8.661e-12
rs11770186	7	25894232	8.344e-09
rs1451385	7	25894721	1.365e-10
rs12666961	7	25895685	8.344e-09
rs6961848	7	25898723	2.182e-07
rs12700667	7	25901639	1.03e-10
rs12700668	7	25902038	1.015e-07
rs6461991	7	27206467	1.422e-06
rs11773804	7	27206688	9.515e-07
rs2237336	7	27208018	1.088e-06
rs2071243	7	27208280	6.357e-08
rs3779456	7	27214557	1.34e-10
rs6949451	7	27215041	2.409e-08
rs6970537	7	27217359	6.978e-11
rs1859164	7	27218419	2.039e-08
rs17501111	7	27223082	1.722e-06
rs4722669	7	27226788	3.848e-06
rs2189239	7	27237453	1.686e-06
rs11973735	7	27249147	2.373e-06
rs17437657	7	27249617	2.631e-06
rs17428012	7	27250377	2.562e-06
rs35288414	7	46277530	3.269e-05
rs13236181	7	46278438	3.171e-05
rs36086177	7	46283773	2.908e-05
rs6971880	7	46285940	1.076e-05
rs35220531	7	46287902	1.562e-05
rs34013557	7	46288360	1.515e-05
rs71542183	7	46292718	1.366e-05
rs13246316	7	46293721	7.504e-06
rs2126444	7	46294389	7.755e-06
rs13226368	7	46295284	1.243e-05
rs13226636	7	46295568	1.243e-05
rs13226849	7	46295791	1.324e-05
rs35163049	7	46296725	7.26e-06
rs11981109	7	46297747	7.024e-06
rs11983722	7	46298647	6.795e-06
rs34539953	7	46299545	1.515e-05
rs34876920	7	46300892	1.338e-05
rs13241293	7	46304750	1.297e-05
rs13247169	7	46308897	1.297e-05
rs71542184	7	46312989	1.11e-05
rs34999769	7	46469408	4.365e-06
rs34717978	7	46469888	4.365e-06
rs35558328	7	46469974	4.158e-06
rs35457437	7	46471415	4.365e-06
rs34300876	7	46471600	4.545e-06
rs12702216	7	46474540	4.365e-06
rs12702217	7	46474596	4.365e-06
rs12702218	7	46474643	4.365e-06
rs71543910	7	46477265	4.545e-06
rs12702219	7	46478462	4.191e-06
rs12702220	7	46479186	4.545e-06
rs76457207	7	46484508	4.023e-06
rs71543911	7	46484657	4.191e-06
rs34390704	7	46487127	3.708e-06
rs71543913	7	46489193	3.073e-05
rs3735342	7	46517054	3.296e-05
rs35269346	7	46518359	3.296e-05
rs35178161	7	46520507	2.487e-05
rs13239862	7	46527421	2.595e-05
rs993184	7	46670548	1.238e-08
rs993183	7	46670743	1.584e-08
rs6969406	7	46671123	3.686e-07
rs6969485	7	46671419	8.902e-08
rs10951860	7	46671622	5.486e-08
rs55909142	7	46673774	8.924e-09
rs4449690	7	46673782	1.875e-08
rs60613010	7	46675201	3.368e-08
rs59733115	7	46675206	3.109e-08
rs6963320	7	46676989	5.317e-07
rs12535551	7	46677370	3.422e-07
rs10479868	7	46677797	6.18e-07
rs767395	7	46678255	1.224e-07
rs17172738	7	46680058	1.325e-07
rs11975261	7	46680162	1.998e-06
rs62452734	7	46680323	1.224e-07
rs4454190	7	46682137	2.676e-07
rs7799895	7	46682950	1.325e-07
rs56081376	7	46683412	4.112e-06
rs56413914	7	46683415	3.843e-06
rs62452737	7	46684331	3.843e-06
rs2195889	7	46684454	7.024e-06
rs62452738	7	46684531	3.779e-06
rs2019048	7	46686101	8.015e-06
rs2345705	7	46686971	3.275e-06
rs12530727	7	46688291	3.843e-06
rs6948853	7	46688826	3.132e-06
rs35216710	7	46688892	2.673e-06
rs6971030	7	46689053	6.151e-06
rs73106195	7	46709349	2.775e-05
rs6949835	7	46768018	2.292e-07
rs10245218	7	46772398	7.525e-06
rs12533001	7	46774162	1.231e-07
rs11764382	7	46774896	1.158e-07
rs957755	7	46778653	1.09e-07
rs6968917	7	46780610	8.053e-06
rs11769597	7	46782159	2.453e-07
rs12537178	7	46785285	4.045e-08
rs12672090	7	46786616	3.061e-06
rs12672158	7	46786796	8.216e-08
rs17587048	7	46795294	3.798e-08
rs17172765	7	46795686	7.738e-07
rs940721	7	46796166	3.28e-08
rs11767621	7	46796544	2.587e-06
rs949941	7	46797333	2.506e-05
rs17172767	7	46798275	2.613e-05
rs17172768	7	46798364	2.756e-05
rs73113439	7	46800939	2.477e-05
rs56075922	7	46804785	3.064e-05
rs73119126	7	46870153	3.04e-05
rs56106358	7	840960	2.534e-05
rs73038194	7	846858	2.534e-05
rs9886054	7	851895	2.933e-05
rs7787662	7	857935	2.377e-05
rs4719522	7	875784	2.641e-05
rs4256502	7	881280	1.726e-05
rs28590436	7	887060	3.091e-05
rs7781617	7	888448	3.23e-05
rs6461400	7	888714	1.469e-05
rs4416731	7	893637	8.976e-06
rs7785776	7	894830	2.613e-05
rs9655181	7	896651	2.477e-05
rs7778360	7	902450	2.348e-05
rs7808546	7	904579	1.609e-05
rs10950832	7	906628	1.343e-05
rs4544987	7	909350	2.613e-05
rs4722018	7	911507	2.613e-05
rs4722023	7	911657	2.613e-05
rs4722034	7	912755	2.613e-05
rs10244169	7	915095	2.027e-05
rs10950881	7	916678	7.8e-06
rs1881115	7	921644	4.369e-06
rs7808288	7	922558	5.454e-06
rs6946329	7	928377	6.795e-06
rs10237578	7	932630	2.952e-06
rs28362759	7	936356	8.812e-06
rs2141276	7	936449	1.022e-05
rs2141275	7	936456	1.381e-05
rs6461807	7	942327	1.682e-05
rs5024793	7	942403	1.54e-05
rs35233485	7	94591001	6.387e-06
rs34751086	7	94592691	1.308e-07
rs6950265	7	94606271	4.119e-06
rs4729167	7	94624616	4.8e-06
rs17460316	7	94633926	1.748e-07
rs2188477	7	94671367	2.537e-06
rs67914831	7	94692775	8.621e-06
rs58778414	7	94716946	2.81e-06
rs11766387	7	94724450	2.471e-06
rs2374992	7	94733521	2.81e-06
rs72668472	8	100004853	1.215e-08
rs60967421	8	100005019	3.34e-05
rs72668476	8	100011504	3.34e-05
rs35974745	8	100012121	1.134e-08
rs10955192	8	100013209	1.392e-08
rs10955194	8	100013650	1.134e-08
rs4734419	8	100016117	9.893e-09
rs4734420	8	100016505	9.893e-09
rs34836224	8	100020103	3.212e-05
rs13272793	8	10002027	1.069e-05
rs4380901	8	100022570	1.134e-08
rs59264629	8	100022723	1.134e-08
rs4510823	8	100024447	1.215e-08
rs72668483	8	100024538	2.904e-05
rs12547849	8	100026275	3.067e-05
rs34788463	8	100028003	9.893e-09
rs6468647	8	100031718	2.644e-05
rs17747335	8	10003186	1.139e-05
rs60278284	8	10003210	1.469e-05
rs6468648	8	100033588	9.236e-09
rs7007494	8	100033601	3.043e-05
rs7012513	8	100034394	1.3e-08
rs7835049	8	100036529	2.454e-08
rs6989751	8	100037164	8.048e-09
rs10955196	8	100042413	1.038e-09
rs4132545	8	100043898	9.893e-09
rs7009650	8	100045886	1.392e-08
rs28739504	8	100046500	1.059e-08
rs28479500	8	100046613	1.059e-08
rs10955197	8	100046692	3.212e-05
rs35437983	8	10005053	1.773e-05
rs10094807	8	100052553	1.215e-08
rs7006391	8	100054027	2.929e-05
rs4374957	8	100054821	1.215e-08
rs4612311	8	100054829	1.3e-08
rs13252589	8	10005526	7.741e-06
rs4520132	8	100055558	3.067e-05
rs4327836	8	100056469	2.771e-05
rs3922710	8	100056530	1.215e-08
rs4273828	8	100057762	1.134e-08
rs7837669	8	100058278	1.059e-08
rs9642957	8	100065686	1.059e-08
rs10087533	8	100066345	2.904e-05
rs10105136	8	100067472	1.059e-08
rs10108567	8	100068099	2.523e-05
rs10113197	8	100069751	1.134e-08
rs6993878	8	100071457	2.523e-05
rs4236854	8	100074838	2.904e-05
rs6992480	8	100076537	2.904e-05
rs7843899	8	100077376	1.973e-09
rs11988731	8	100078926	3.043e-05
rs10103431	8	100079537	1.059e-08
rs4131359	8	100081749	2.904e-05
rs4596618	8	100084395	1.198e-09
rs13275821	8	100084782	1.038e-09
rs7341678	8	100086866	1.215e-08
rs7341605	8	100087120	3.212e-05
rs10109066	8	100087199	2.644e-05
rs1989645	8	100089486	1.3e-08
rs7012147	8	100092045	2.276e-09
rs7012312	8	100092140	1.215e-08
rs9774546	8	100093510	1.3e-08
rs77930400	8	100094641	9.893e-09
rs6468658	8	100096606	7.113e-09
rs13265237	8	100099275	1.157e-08
rs4517095	8	100099335	2.809e-08
rs7464775	8	100099730	1.157e-08
rs7464742	8	100099771	1.08e-08
rs7465566	8	100100462	1.08e-08
rs7816673	8	100101411	1.489e-08
rs7835084	8	100101571	2.771e-05
rs7816843	8	100101640	1.3e-08
rs10955202	8	100102457	2.523e-05
rs6468660	8	100103153	1.392e-08
rs6468661	8	100103284	1.3e-08
rs6989201	8	100107731	2.904e-05
rs7461615	8	100108270	1.705e-08
rs6999263	8	100109311	1.215e-08
rs13250549	8	100109983	1.3e-08
rs6468663	8	100110510	2.523e-05
rs6468664	8	100111153	1.594e-08
rs6468665	8	100111912	2.406e-05
rs9297288	8	100112522	4.446e-09
rs7462457	8	100114643	3.34e-05
rs10098153	8	100118121	2.523e-05
rs12678371	8	100118294	1.198e-09
rs12676262	8	100118430	1.3e-08
rs7818037	8	100119187	1.059e-08
rs6991283	8	100119963	2.644e-05
rs6997225	8	100121281	2.771e-05
rs6468666	8	100121616	1.236e-05
rs6651157	8	100123932	1.392e-08
rs10091639	8	100125215	8.924e-09
rs10092190	8	100125691	3.212e-05
rs5019794	8	100127361	1.215e-08
rs10096925	8	100130520	3.043e-05
rs6468668	8	100130828	8.77e-09
rs10112186	8	100132778	1.489e-08
rs7460625	8	100133706	1.287e-09
rs13271726	8	100135172	1.287e-09
rs7459833	8	100136131	8.18e-09
rs7842393	8	100138056	2.771e-05
rs6468669	8	100138395	2.771e-05
rs6415433	8	100138419	2.771e-05
rs7463462	8	100140348	1.287e-09
rs7464318	8	100141270	9.402e-09
rs6468670	8	100142306	9.402e-09
rs4366054	8	100145583	6.631e-09
rs72670294	8	100146036	2.644e-05
rs55893057	8	100150369	1.059e-08
rs12549438	8	100150371	8.36e-10
rs55871624	8	100150424	2.523e-05
rs4317539	8	100152265	2.406e-05
rs4734426	8	100153010	7.113e-09
rs6468671	8	100155676	5.055e-06
rs7011067	8	100158953	7.113e-09
rs7011648	8	100159314	2.523e-05
rs4735600	8	100159744	6.631e-09
rs72670297	8	100162207	2.295e-05
rs72670298	8	100162540	7.628e-09
rs72670300	8	100163966	7.113e-09
rs72670301	8	100165945	2.523e-05
rs11988987	8	100167683	7.113e-09
rs34211616	8	100168160	2.088e-05
rs4735601	8	100171332	6.631e-09
rs7818051	8	100172398	2.088e-05
rs58752318	8	100174036	5.762e-09
rs55837765	8	100175271	2.295e-05
rs11992517	8	100175927	6.182e-09
rs11989177	8	100175942	6.182e-09
rs4735603	8	100178122	2.189e-05
rs7460376	8	100179172	1.99e-05
rs10955204	8	100180052	7.113e-09
rs12550128	8	100184653	2.295e-05
rs7837218	8	100186638	5.762e-09
rs7836899	8	100186641	2.088e-05
rs72672309	8	100187516	1.99e-05
rs4319053	8	100188630	2.189e-05
rs4735604	8	100189337	2.189e-05
rs7826207	8	100191304	1.358e-08
rs10808361	8	100191783	1.358e-08
rs60042922	8	100193089	5.762e-09
rs35018432	8	100194295	1.493e-05
rs72672313	8	100195321	2.189e-05
rs6468673	8	100199270	8.18e-09
rs12680054	8	100200747	2.406e-05
rs10808363	8	100201070	2.406e-05
rs6983538	8	100201399	2.36e-08
rs10955206	8	100202482	3.1e-08
rs6991585	8	100207981	2.904e-05
rs7017261	8	100208966	2.523e-05
rs4307310	8	100215391	2.295e-05
rs13256012	8	100216264	2.406e-05
rs10104826	8	100220326	2.295e-05
rs10091793	8	100220409	2.295e-05
rs9792362	8	100221520	4.71e-06
rs4735607	8	100222436	2.088e-05
rs7016044	8	100223397	3.067e-05
rs7016304	8	100223494	2.088e-05
rs28617503	8	100223999	3.213e-08
rs6988226	8	100225106	8.455e-08
rs7014877	8	100226715	6.838e-07
rs10088152	8	100228656	2.088e-05
rs7815414	8	100231689	2.406e-05
rs6468674	8	100232372	3.213e-08
rs4481561	8	100235209	2.644e-05
rs9642958	8	100238329	2.295e-05
rs12056311	8	100240140	9.643e-08
rs7010582	8	100243248	3.213e-08
rs7826945	8	100244481	2.523e-05
rs4552872	8	100248521	2.523e-05
rs6990637	8	100250484	7.511e-09
rs9792181	8	100252620	3.436e-08
rs11784152	8	100254507	8.455e-08
rs9297289	8	100256910	2.406e-05
rs4490802	8	100257072	3.436e-08
rs6468675	8	100260559	2.406e-05
rs11773983	8	100261414	2.809e-08
rs28886569	8	100263812	2.189e-05
rs7837937	8	100264455	2.809e-08
rs3890706	8	100265909	2.626e-08
rs13277925	8	100266187	1.99e-05
rs10098138	8	100266242	2.809e-08
rs7832772	8	100270297	6.935e-08
rs4428646	8	100271343	2.088e-05
rs6990741	8	100271646	6.629e-06
rs4455798	8	100271711	1.99e-05
rs7816323	8	100272247	2.809e-08
rs4133425	8	100277018	2.295e-05
rs7011936	8	100277402	2.406e-05
rs6986710	8	100285910	1.809e-05
rs7840337	8	100287579	4.444e-06
rs10808364	8	100292141	2.904e-05
rs10216478	8	100292744	2.088e-05
rs4446702	8	100293807	2.189e-05
rs7823291	8	100296142	4.063e-08
rs7832780	8	100298198	9.236e-09
rs4493885	8	100299162	2.406e-05
rs7002106	8	100301540	2.523e-05
rs7002148	8	100301621	2.295e-05
rs6468677	8	100307349	9.402e-09
rs6468678	8	100307514	9.402e-09
rs6468679	8	100307603	1.08e-08
rs7001154	8	100309930	2.406e-05
rs10104264	8	100313571	2.295e-05
rs6999062	8	100314854	2.551e-08
rs7839332	8	100317189	2.406e-05
rs6468681	8	100317365	2.088e-05
rs7010581	8	100317469	2.527e-08
rs7844283	8	100318065	2.896e-08
rs7828262	8	100318246	2.705e-08
rs145251326	8	100322017	2.771e-05
rs13279620	8	100324252	2.896e-08
rs13279225	8	100324379	2.705e-08
rs3134305	8	100326769	2.406e-05
rs3103712	8	100327501	2.644e-05
rs3134306	8	100328798	2.406e-05
rs3110403	8	100330352	1.008e-08
rs2029596	8	100330384	1.008e-08
rs2029595	8	100330674	1.008e-08
rs3103711	8	100331779	2.189e-05
rs3134307	8	100333743	2.896e-08
rs3134308	8	100335468	2.088e-05
rs3134309	8	100336092	2.088e-05
rs3103709	8	100337529	2.527e-08
rs3110395	8	100338313	2.527e-08
rs3110396	8	100338448	2.088e-05
rs3110397	8	100340831	8.18e-09
rs3103732	8	100341253	2.088e-05
rs3103731	8	100341366	8.77e-09
rs1565581	8	100342614	8.77e-09
rs3110398	8	100344830	9.402e-09
rs3103729	8	100345758	2.527e-08
rs3103728	8	100346163	2.705e-08
rs3103727	8	100350138	5.167e-06
rs1492077	8	100350841	7.113e-09
rs3134179	8	100351568	7.628e-09
rs3103707	8	100352261	1.99e-05
rs3103708	8	100352316	7.113e-09
rs3134174	8	100354751	7.628e-09
rs3134177	8	100355251	7.628e-09
rs3134178	8	100355681	2.36e-08
rs3103696	8	100356025	2.088e-05
rs716454	8	100358399	2.36e-08
rs3103697	8	100358766	2.203e-08
rs3110399	8	100361738	1.898e-05
rs3110400	8	100363242	1.809e-05
rs3103722	8	100363593	2.36e-08
rs3134159	8	100364063	2.527e-08
rs3110401	8	100364236	1.99e-05
rs3103721	8	100364790	1.99e-05
rs3103719	8	100367810	7.628e-09
rs3110404	8	100367870	2.088e-05
rs3110405	8	100369465	1.898e-05
rs3134298	8	100369609	2.527e-08
rs3103718	8	100371208	7.628e-09
rs3103717	8	100380133	2.088e-05
rs2046936	8	100381698	2.36e-08
rs3134299	8	100382185	7.628e-09
rs3134300	8	100383089	2.406e-05
rs3103700	8	100384885	1.809e-05
rs957539	8	100387299	5.762e-09
rs3134172	8	100387661	5.762e-09
rs3105191	8	100387724	1.809e-05
rs3134173	8	100388260	1.809e-05
rs3105167	8	100392968	1.561e-08
rs3134176	8	100393498	1.809e-05
rs3105171	8	100394047	1.809e-05
rs3103699	8	100396085	1.898e-05
rs3103698	8	100398670	1.99e-05
rs3134301	8	100399420	1.99e-05
rs3105178	8	100401105	1.561e-08
rs3110407	8	100401189	1.561e-08
rs3134302	8	100401776	6.182e-09
rs3105179	8	100402143	6.182e-09
rs3134304	8	100405679	5.003e-09
rs3110408	8	100407924	6.919e-08
rs3105180	8	100414018	1.358e-08
rs3105181	8	100415127	2.088e-05
rs3105182	8	100415307	7.628e-09
rs3105183	8	100415536	6.631e-09
rs3105184	8	100416302	8.18e-09
rs3105185	8	100417942	2.406e-05
rs3105186	8	100422599	2.295e-05
rs3134180	8	100423677	2.189e-05
rs116900427	8	100424307	2.189e-05
rs3105187	8	100424677	1.99e-05
rs10955207	8	100425199	7.113e-09
rs10955208	8	100425834	1.673e-08
rs3134181	8	100426975	2.189e-05
rs3134182	8	100427398	2.295e-05
rs3103716	8	100428148	6.631e-09
rs3134183	8	100428657	2.295e-05
rs3103715	8	100428684	7.113e-09
rs3134184	8	100429928	2.088e-05
rs3105188	8	100430936	1.3e-08
rs3105189	8	100430977	1.134e-08
rs3105190	8	100431966	2.189e-05
rs3110393	8	100435240	2.904e-05
rs3103706	8	100435332	2.406e-05
rs113710125	8	100436994	2.523e-05
rs3134186	8	100437282	1.92e-08
rs140746044	8	100440147	2.406e-05
rs3103703	8	100443679	2.406e-05
rs3103704	8	100444076	2.406e-05
rs3134187	8	100444203	7.628e-09
rs3105192	8	100446076	2.406e-05
rs3103713	8	100446332	1.92e-08
rs3105193	8	100448081	2.523e-05
rs766675	8	100450929	2.523e-05
rs1388656	8	100451813	2.644e-05
rs1388657	8	100452147	2.523e-05
rs3105195	8	100455110	3.34e-05
rs3105196	8	100456061	1.92e-08
rs3105197	8	100456544	2.057e-08
rs3134146	8	100456616	2.644e-05
rs3134147	8	100457331	2.294e-08
rs3134148	8	100458478	1.92e-08
rs3134149	8	100459271	8.77e-09
rs17324397	8	100460051	1.377e-05
rs3105198	8	100460268	2.644e-05
rs3105200	8	100472201	1.489e-08
rs3103702	8	100472491	1.008e-08
rs3134151	8	100472547	1.008e-08
rs3105201	8	100473570	2.904e-05
rs3134153	8	100475074	1.329e-08
rs3134154	8	100475726	1.008e-08
rs3103724	8	100476525	3.043e-05
rs3103723	8	100476773	3.188e-05
rs3105202	8	100477777	1.489e-08
rs1844947	8	100478611	2.644e-05
rs3105203	8	100478752	2.904e-05
rs3105204	8	100480061	3.34e-05
rs3134157	8	100480151	1.392e-08
rs3134158	8	100480903	2.771e-05
rs3105205	8	100481030	2.523e-05
rs1027243	8	100482021	2.523e-05
rs3134160	8	100484151	1.594e-08
rs1117459	8	100485074	2.523e-05
rs3134162	8	100487555	2.189e-05
rs3134165	8	100488687	1.392e-08
rs1039448	8	100492744	1.3e-08
rs3134166	8	100493285	2.523e-05
rs3134167	8	100493294	2.406e-05
rs3105168	8	100495148	2.523e-05
rs3105169	8	100495639	2.523e-05
rs3105170	8	100496094	2.523e-05
rs3103103	8	100498605	2.295e-05
rs3103102	8	100500125	1.594e-08
rs139132704	8	100502080	9.893e-09
rs56193096	8	100502660	1.3e-08
rs1825754	8	100505237	6.966e-06
rs3103100	8	100506322	2.523e-05
rs3105174	8	100508523	2.523e-05
rs3105176	8	100511898	2.406e-05
rs3105177	8	100512276	2.523e-05
rs3134168	8	100512993	2.406e-05
rs3134169	8	100517563	7.113e-09
rs1502132	8	100518150	1.809e-05
rs3134170	8	100521588	1.287e-09
rs3134171	8	100524572	2.644e-05
rs12681244	8	100526411	1.08e-08
rs10955213	8	100529245	1.008e-08
rs1487022	8	100529826	2.644e-05
rs10955214	8	100530879	2.523e-05
rs7016477	8	100531708	2.088e-05
rs56174158	8	100533777	1.08e-08
rs6468690	8	100534666	1.157e-08
rs6468691	8	100534705	2.644e-05
rs1545959	8	100535509	2.406e-05
rs4735615	8	100537267	1.157e-08
rs6986467	8	100538070	2.644e-05
rs12676915	8	100538635	3.043e-05
rs12549477	8	100539131	2.771e-05
rs12542214	8	100539155	1.008e-08
rs16897430	8	100540270	2.523e-05
rs10955215	8	100541529	1.157e-08
rs16897435	8	100541978	2.523e-05
rs717365	8	100546178	1.08e-08
rs72674642	8	100548468	1.008e-08
rs16897440	8	100548975	2.644e-05
rs72674643	8	100553208	2.644e-05
rs4735620	8	100556740	8.77e-09
rs7004966	8	100559342	3.043e-05
rs72674647	8	100562852	3.043e-05
rs7837577	8	100565126	2.904e-05
rs1487024	8	100568593	2.904e-05
rs965657	8	100569248	1.594e-08
rs72674650	8	100570266	2.644e-05
rs72674651	8	100570418	1.008e-08
rs1825755	8	100572576	2.644e-05
rs1386373	8	100572797	2.644e-05
rs10955216	8	100574388	2.904e-05
rs11787264	8	100575852	2.771e-05
rs16897453	8	100576226	2.771e-05
rs7832109	8	100576641	2.771e-05
rs7835824	8	100576942	2.904e-05
rs72674652	8	100578403	2.904e-05
rs7829651	8	100579184	2.644e-05
rs7816355	8	100580414	3.043e-05
rs140417745	8	100581164	3.043e-05
rs12547022	8	100581722	2.904e-05
rs12548482	8	100583364	2.771e-05
rs12550617	8	100586740	2.087e-08
rs16897473	8	100591430	3.34e-05
rs113983547	8	100591945	1.899e-05
rs11986595	8	100593922	2.231e-08
rs2280061	8	100596021	2.04e-05
rs12678012	8	100603772	2.548e-05
rs61097926	8	100604640	2.214e-05
rs72674675	8	100609437	2.548e-05
rs72674676	8	100611656	2.796e-05
rs72674678	8	100619052	2.929e-05
rs72674682	8	100623848	7.945e-06
rs12544691	8	100627210	2.09e-05
rs59375661	8	100633859	2.929e-05
rs721995	8	100634821	2.548e-05
rs4735627	8	100635915	3.067e-05
rs2035619	8	100636515	3.212e-05
rs72674698	8	100637305	2.214e-05
rs72676204	8	100637690	2.929e-05
rs6985574	8	100638489	2.929e-05
rs7825783	8	100639902	3.067e-05
rs1386377	8	100643999	2.796e-05
rs57636892	8	100644258	2.796e-05
rs12544095	8	100647673	2.432e-05
rs12541387	8	100647765	2.432e-05
rs16897530	8	100656483	2.214e-05
rs72676222	8	100660981	2.214e-05
rs1788157	8	100671851	2.796e-05
rs3099853	8	100674919	2.929e-05
rs2084556	8	100679341	2.929e-05
rs1788152	8	100680510	2.669e-05
rs2510200	8	100682615	2.929e-05
rs12680257	8	100755802	3.091e-05
rs114263454	8	100755904	2.321e-05
rs2510204	8	100763187	2.016e-05
rs35451364	8	10092329	5.54e-06
rs34856980	8	10092963	4.126e-06
rs34780411	8	10094075	2.405e-06
rs34274326	8	10094256	8.101e-06
rs6987469	8	100945060	1.726e-05
rs62491598	8	10096128	1.097e-06
rs12550483	8	10099624	5.225e-06
rs11777246	8	10099921	1.388e-05
rs4563888	8	10105661	2.849e-05
rs13258235	8	10106503	2.29e-05
rs13274653	8	10106801	2.167e-05
rs12549696	8	10107022	2.419e-05
rs13267960	8	10107064	2.29e-05
rs13266832	8	10107068	2.419e-05
rs12544801	8	10107382	3.176e-05
rs35222693	8	10108790	5.016e-06
rs35474349	8	10109654	2.2e-05
rs11782517	8	10113507	3.352e-05
rs11782541	8	10113556	1.992e-05
rs12547261	8	10114107	3.036e-05
rs4276692	8	10115695	8.101e-06
rs4258008	8	10115960	2.448e-05
rs9329221	8	10240202	2.703e-05
rs7824675	8	10243418	2.573e-05
rs4841436	8	10594474	5.961e-06
rs6601513	8	10594843	5.581e-06
rs4841437	8	10596795	5.225e-06
rs2116094	8	10598822	5.961e-06
rs6982210	8	10599994	8.812e-06
rs3905581	8	10603705	8.812e-06
rs2898252	8	10604164	6.795e-06
rs4841438	8	10606756	8.812e-06
rs11250067	8	10606954	5.961e-06
rs9650656	8	10607254	3.59e-06
rs9650657	8	10607400	3.59e-06
rs13276026	8	10609955	5.961e-06
rs1073913	8	10611708	7.253e-06
rs7018334	8	10612075	5.581e-06
rs4840513	8	10612806	5.225e-06
rs2116093	8	10613299	5.225e-06
rs718741	8	10614384	5.961e-06
rs1968400	8	10615431	4.89e-06
rs6984744	8	10616265	5.961e-06
rs2898251	8	10620339	3.503e-06
rs891556	8	10623633	4.005e-06
rs2409669	8	10623969	3.746e-06
rs6601522	8	10629061	1.666e-05
rs4240669	8	10629987	1.888e-05
rs28570522	8	10630568	1.409e-05
rs4841441	8	10630898	2.009e-05
rs11250072	8	10632121	1.294e-05
rs11250073	8	10632236	1.214e-05
rs11250074	8	10632259	1.294e-05
rs6993841	8	10632684	1.294e-05
rs10100265	8	10633159	2.138e-05
rs7813706	8	10633682	1.469e-05
rs10089615	8	10634132	1.379e-05
rs10107289	8	10634248	1.564e-05
rs7834466	8	10634805	1.564e-05
rs6601523	8	10635141	9.399e-06
rs2116095	8	10635297	1.002e-05
rs2941653	8	106365529	3.241e-05
rs2941654	8	106365819	3.062e-05
rs2941656	8	106366369	3.241e-05
rs7814142	8	10637552	1.139e-05
rs1115866	8	10638333	2.274e-05
rs1115867	8	10638750	2.419e-05
rs1821002	8	10640065	1.379e-05
rs988260	8	106406847	1.185e-05
rs2409663	8	10643233	2.138e-05
rs11250076	8	10647823	2.419e-05
rs10481451	8	10649328	2.419e-05
rs2005309	8	10652170	3.285e-05
rs4504595	8	10655505	2.573e-05
rs11250077	8	10656437	3.285e-05
rs10097283	8	10659406	1.139e-05
rs12542888	8	10662555	1.773e-05
rs4551304	8	10665069	1.379e-05
rs6601527	8	10665444	8.26e-06
rs11250078	8	10666581	1.294e-05
rs7002282	8	10666993	1.002e-05
rs4840516	8	10667335	1.002e-05
rs12676417	8	10668634	8.26e-06
rs2409658	8	10668965	7.741e-06
rs6601529	8	10670550	6.365e-06
rs9969626	8	10670801	5.961e-06
rs6601530	8	10671272	2.104e-05
rs10903330	8	10673104	4.17e-06
rs7814757	8	10675188	3.061e-06
rs34653170	8	10676542	2.673e-06
rs10098699	8	10676756	2.861e-06
rs2277130	8	10677601	4.005e-06
rs6980805	8	10679842	2.498e-06
rs4841452	8	10687121	4.576e-06
rs35091929	8	10693492	4.282e-06
rs7830317	8	10700254	1.439e-05
rs7833945	8	10700266	3.746e-06
rs7830431	8	10700317	1.096e-05
rs10093774	8	10703293	5.781e-06
rs6989160	8	10705360	5.417e-06
rs1991651	8	10706411	6.168e-06
rs877116	8	10712945	8.26e-06
rs7840344	8	10726464	1.92e-05
rs2163379	8	10732050	8.217e-06
rs755856	8	10736552	2.731e-05
rs7843666	8	10742059	2.241e-05
rs10090444	8	10745469	8.812e-06
rs10107145	8	10758213	3.132e-06
rs12542037	8	10758496	7.606e-07
rs6985109	8	10761585	2.219e-06
rs4326350	8	10763655	6.574e-06
rs4840525	8	10765635	1.264e-05
rs6997839	8	10766028	1.185e-05
rs6997997	8	10766082	8.559e-06
rs4240671	8	10767748	8.559e-06
rs4240672	8	10767917	3.59e-06
rs7821826	8	10769439	2.924e-06
rs11250086	8	10769783	1.002e-05
rs7834121	8	10770255	2.179e-06
rs13270870	8	10770782	2.548e-06
rs11776011	8	10770796	2.579e-05
rs10903332	8	10771222	2.016e-05
rs4554431	8	10771638	4.112e-06
rs4073948	8	10772644	9.065e-06
rs4841457	8	10773511	5.581e-06
rs34741518	8	10776860	7.741e-06
rs7823296	8	10778546	1.069e-05
rs7016385	8	10779472	8.812e-06
rs7837038	8	10783074	2.419e-05
rs10086521	8	10783769	3.12e-05
rs7843470	8	10784492	3.285e-05
rs11250092	8	10786543	5.225e-06
rs4240673	8	10787612	2.73e-06
rs11783247	8	10788875	3.843e-06
rs4841460	8	10789493	1.438e-05
rs6984496	8	10796093	6.151e-06
rs7005884	8	10796472	5.581e-06
rs11250093	8	10798828	6.795e-06
rs7833435	8	10801137	4.282e-06
rs11777007	8	10801857	6.365e-06
rs11250094	8	10802001	7.741e-06
rs11783749	8	10802055	5.961e-06
rs12546366	8	10802146	6.574e-06
rs12679529	8	10803465	2.203e-05
rs10096511	8	10810451	2.673e-06
rs11250097	8	10811829	2.034e-06
rs35910832	8	10813197	5.961e-06
rs10096381	8	10813904	6.365e-06
rs10109025	8	10815571	7.241e-06
rs10111950	8	10815754	3.746e-06
rs4314618	8	10816772	9.399e-06
rs10088408	8	10817197	8.812e-06
rs11250098	8	10818607	2.498e-06
rs11250099	8	10818657	5.225e-06
rs4841465	8	10819854	8.812e-06
rs4841466	8	10828909	2.73e-06
rs10096421	8	10831868	2.73e-06
rs4451266	8	10835480	3.061e-06
rs4285446	8	10835871	1.869e-05
rs4451267	8	10835917	3.275e-06
rs6601544	8	10836024	2.333e-06
rs7010719	8	10836069	3.275e-06
rs7011106	8	10836359	1.543e-06
rs6996943	8	10836436	2.673e-06
rs7011268	8	10836463	2.498e-06
rs7010246	8	10836472	2.267e-05
rs7010262	8	10836508	1.44e-06
rs7014861	8	10837019	5.225e-06
rs34738102	8	10837190	1.167e-06
rs10092831	8	10837414	1.088e-06
rs10092835	8	10837420	2.498e-06
rs11250101	8	10837568	5.781e-06
rs11250102	8	10837569	5.781e-06
rs11786713	8	10838413	1.688e-05
rs11779675	8	10838461	1.791e-05
rs10089518	8	10839803	2.498e-06
rs11783418	8	10841858	7.11e-07
rs9969436	8	10842659	9.449e-07
rs10101292	8	10856474	1.806e-05
rs7825690	8	10858257	6.365e-06
rs2001433	8	10903475	5.197e-08
rs11250112	8	10906274	1.498e-05
rs62490742	8	10906734	5.262e-06
rs62490743	8	10906740	5.262e-06
rs34440473	8	10906841	5.262e-06
rs4489292	8	10907120	4.626e-06
rs4326351	8	10907154	4.934e-06
rs11250113	8	10907479	6.376e-06
rs11777486	8	10908287	9.318e-06
rs4841483	8	10908354	1.196e-05
rs2409685	8	10909193	3.904e-06
rs4841485	8	10909936	5.781e-06
rs6987767	8	10910066	5.781e-06
rs7462931	8	10910343	1.272e-05
rs10113808	8	10926892	2.179e-06
rs17723229	8	10930069	1.167e-06
rs10105315	8	10932203	3.061e-06
rs2898256	8	10932695	2.861e-06
rs2409689	8	10932868	2.333e-06
rs7017567	8	10933699	3.503e-06
rs11773990	8	10935082	2.179e-06
rs4545055	8	10935366	9.065e-06
rs2898257	8	10935368	2.673e-06
rs34094119	8	10935898	4.282e-06
rs4841489	8	10936811	2.498e-06
rs4841490	8	10936891	2.673e-06
rs6980856	8	10938260	3.061e-06
rs11991118	8	10939273	2.573e-05
rs2898260	8	10939490	2.573e-05
rs2409691	8	10943276	2.386e-05
rs4840542	8	10944809	6.151e-06
rs9657519	8	10945439	1.041e-05
rs2409694	8	10946861	3.091e-05
rs7820860	8	10950396	1.438e-05
rs6601559	8	10950757	1.438e-05
rs6601560	8	10950866	1.348e-05
rs10108618	8	10953092	1.976e-05
rs7835318	8	10953874	1.264e-05
rs7844895	8	10955225	1.888e-05
rs2409698	8	10957243	1.564e-05
rs2409701	8	10957723	1.888e-05
rs4841495	8	10958824	2.009e-05
rs4840544	8	10960572	2.171e-05
rs6601561	8	10961433	7.741e-06
rs34069332	8	10962099	9.399e-06
rs1057626	8	10962800	1.294e-05
rs6601562	8	10962929	1.069e-05
rs6991930	8	10963288	1.139e-05
rs4523214	8	10970773	1.533e-05
rs17724467	8	10975682	3.59e-06
rs4333549	8	10979561	1.348e-05
rs13276836	8	10981003	1.564e-05
rs6601564	8	10982051	1.185e-05
rs7830569	8	10982410	6.168e-06
rs3021494	8	10983534	9.755e-06
rs10503415	8	10983921	5.075e-06
rs4841497	8	10985140	7.018e-06
rs4841498	8	10985432	8.015e-06
rs2409712	8	10986837	1.888e-05
rs2001329	8	10986859	1.264e-05
rs2001328	8	10987199	2.138e-05
rs10503416	8	10987553	1.888e-05
rs10106914	8	10987651	1.564e-05
rs10088853	8	10987967	4.17e-06
rs4841499	8	10988138	3.002e-05
rs4841500	8	10988275	1.564e-05
rs13265553	8	10989057	4.17e-06
rs13276708	8	10989206	3.654e-06
rs13266785	8	10989521	3.654e-06
rs4291231	8	10990164	3.654e-06
rs10101329	8	10990672	4.17e-06
rs36119401	8	10992252	5.806e-06
rs34367737	8	10992605	4.17e-06
rs4840548	8	10992883	4.17e-06
rs13281566	8	10993904	1.697e-05
rs3021495	8	10994743	4.754e-06
rs3021497	8	10996089	6.58e-06
rs2409718	8	11012977	7.504e-06
rs4642600	8	11013025	3.654e-06
rs34208825	8	11014616	1.139e-05
rs10106207	8	11015338	3.354e-06
rs2409719	8	11016889	5.781e-06
rs7011756	8	11019578	2.924e-06
rs11776603	8	11020313	2.403e-06
rs17782536	8	11021682	2.235e-05
rs17782554	8	11022106	4.17e-06
rs17726209	8	11022185	7.018e-06
rs3021498	8	11023655	7.714e-06
rs3021500	8	11023997	3.354e-06
rs3021501	8	11024275	4.934e-06
rs4841503	8	11024326	3.132e-06
rs4841504	8	11024663	1.44e-06
rs4840550	8	11029029	3.746e-06
rs4840551	8	11029039	2.498e-06
rs7000132	8	11030935	1.096e-05
rs7004825	8	11031472	2.605e-05
rs6601565	8	11032228	2.07e-06
rs6986032	8	11032240	4.576e-06
rs10108347	8	11033517	2.73e-06
rs10109167	8	11033525	2.73e-06
rs9329238	8	11033737	9.987e-07
rs7813802	8	11033976	2.219e-06
rs7844536	8	11034028	1.899e-06
rs4451268	8	11034859	9.323e-07
rs11777887	8	11036799	1.145e-06
rs11775489	8	11036843	1.145e-06
rs11777918	8	11036919	1.145e-06
rs11250119	8	11037034	1.564e-06
rs2409720	8	11037903	1.07e-06
rs2409721	8	11038244	4.962e-07
rs10100660	8	11038885	9.987e-07
rs10110684	8	11039159	9.987e-07
rs2409722	8	11039816	4.112e-06
rs73198970	8	11040216	4.005e-06
rs7814499	8	11040647	3.354e-06
rs2409724	8	11041642	4.112e-06
rs2409725	8	11041661	9.323e-07
rs2409726	8	11043138	8.702e-07
rs2409727	8	11043236	4.962e-07
rs35223712	8	11043926	8.2e-07
rs11777355	8	11044689	8.702e-07
rs7819412	8	11045161	2.548e-06
rs10156356	8	11046209	2.333e-06
rs4841507	8	11046394	2.179e-06
rs1987190	8	11053514	6.581e-07
rs28633434	8	11053922	8.505e-06
rs17783634	8	11054097	1.899e-06
rs11989369	8	11055385	8.084e-07
rs11989439	8	11055597	7.606e-07
rs11783045	8	11056175	4.029e-07
rs11783890	8	11056388	4.029e-07
rs11250121	8	11060311	4.706e-06
rs2409730	8	11060638	4.642e-07
rs6981523	8	11061792	4.4e-06
rs7010590	8	11062882	6.151e-06
rs4841508	8	11065003	1.869e-06
rs2409742	8	11069960	4.706e-06
rs2409743	8	11070360	2.548e-06
rs7000141	8	11070721	2.3e-07
rs6987059	8	11071057	2.573e-05
rs4412337	8	11072020	4.981e-07
rs6601568	8	11073402	2.378e-06
rs6601569	8	11073578	2.009e-05
rs35499486	8	11074036	2.219e-06
rs111532409	8	11074812	6.149e-07
rs2409745	8	11076635	2.219e-06
rs11780444	8	11078420	9.822e-06
rs4512344	8	11078781	2.924e-06
rs2409749	8	11078949	2.861e-06
rs6601570	8	11079367	2.378e-06
rs6601571	8	11080014	5.075e-06
rs28464654	8	11080665	7.636e-07
rs28591576	8	11080675	8.803e-07
rs56237087	8	11086757	2.496e-05
rs2736313	8	11086942	4.754e-06
rs920047	8	11087475	1.313e-06
rs10481445	8	11109269	5.225e-06
rs10481454	8	11109303	2.573e-05
rs12156009	8	11285219	1.543e-06
rs13255193	8	11309192	2.975e-07
rs4841541	8	11311829	6.184e-06
rs13248746	8	11311838	1.59e-05
rs11773929	8	11312861	1.411e-05
rs35458448	8	11314344	6.795e-06
rs11775149	8	11335242	3.061e-06
rs11775150	8	11335248	2.333e-06
rs756038	8	11336781	1.252e-06
rs1531576	8	11338146	1.014e-06
rs2199690	8	11339616	2.673e-06
rs17799486	8	11340494	3.275e-06
rs978802	8	11343278	2.924e-06
rs978803	8	11343475	2.73e-06
rs978804	8	11343673	2.924e-06
rs7829381	8	11344573	2.378e-06
rs1600250	8	11345425	2.924e-06
rs1600252	8	11345644	2.924e-06
rs11250140	8	11346592	2.73e-06
rs2736342	8	11347289	1.252e-06
rs4840567	8	11347625	2.73e-06
rs7822109	8	11349147	2.548e-06
rs1382567	8	11350899	3.354e-06
rs13272061	8	11352261	2.548e-06
rs1478890	8	11355602	1.8e-06
rs55860742	8	11358156	5.075e-06
rs13275864	8	11361261	7.11e-07
rs6980884	8	11362275	2.673e-06
rs12155745	8	11362277	2.673e-06
rs12674768	8	11371547	1.172e-05
rs11990277	8	11372085	1.941e-05
rs12677903	8	11372637	1.643e-05
rs4841546	8	11374107	9.332e-06
rs2618451	8	11376266	2.29e-06
rs2729940	8	11382367	5.581e-06
rs2618443	8	11384556	2.735e-05
rs12677843	8	11387189	8.137e-06
rs11250145	8	11389782	2.267e-05
rs10903339	8	11389784	2.669e-05
rs2248909	8	11392093	1.741e-05
rs9329246	8	11392880	2.637e-05
rs17153419	8	11394233	4.719e-06
rs2409784	8	11396856	6.574e-06
rs2061830	8	11397457	1.041e-05
rs12386974	8	11400628	1.185e-05
rs6601599	8	11402347	1.773e-05
rs7814414	8	11415184	6.795e-06
rs4841557	8	11415572	4.934e-06
rs4841558	8	11415597	5.611e-06
rs7007439	8	11415794	5.262e-06
rs6983727	8	11415812	2.419e-05
rs7011778	8	11416171	4.626e-06
rs6988443	8	11416428	4.336e-06
rs11785333	8	11416635	5.262e-06
rs4841559	8	11416885	1.499e-05
rs36048422	8	11417144	5.961e-06
rs34190028	8	11417150	7.741e-06
rs11783065	8	11417257	6.365e-06
rs1042701	8	11422045	2.876e-05
rs7843987	8	11422130	2.703e-05
rs7822958	8	11422442	3.059e-05
rs11985709	8	11423083	3.254e-05
rs12541802	8	11423142	1.596e-05
rs4841562	8	11425077	1.596e-05
rs13280813	8	11425105	2.703e-05
rs4841564	8	11425809	2.703e-05
rs1382563	8	11426790	2.703e-05
rs7831039	8	11427637	2.241e-05
rs12679960	8	11430990	2.862e-05
rs35353728	8	11432453	2.548e-05
rs13256554	8	11432946	7.024e-06
rs2409797	8	11433780	1.179e-06
rs2898290	8	11433909	4.4e-06
rs7464263	8	11434176	5.755e-06
rs35558344	8	11434232	5.383e-06
rs2127127	8	11434792	4.706e-06
rs2127128	8	11434929	5.639e-06
rs35181953	8	11435049	4.4e-06
rs10108511	8	11435516	1.359e-06
rs2409798	8	11435564	5.034e-06
rs2409799	8	11435927	5.034e-06
rs968179	8	11438064	2.267e-05
rs4841567	8	11440019	1.773e-05
rs75819332	8	11441234	3.238e-05
rs77803115	8	11441789	1.367e-05
rs10097870	8	11444516	1.888e-05
rs13270267	8	11444837	8.26e-06
rs55896564	8	11447093	1.564e-05
rs77314514	8	11451467	1.282e-05
rs118031156	8	11456485	1.532e-05
rs117473353	8	11458190	2.072e-05
rs77738736	8	11466779	2.557e-05
rs74705617	8	11466907	1.58e-05
rs73531756	8	11467168	2.583e-05
rs34414127	8	116446547	4.976e-06
rs12334912	8	116447225	2.518e-06
rs3808406	8	116449528	1.812e-06
rs3808407	8	116449599	2.567e-06
rs3779877	8	116450538	1.936e-06
rs1012478	8	116451357	9.776e-07
rs1012479	8	116451359	1.971e-06
rs3808409	8	116452340	1.272e-06
rs3824196	8	116453211	8.012e-07
rs3824197	8	116453633	7.47e-07
rs6469589	8	116456003	1.18e-06
rs10505254	8	116459007	1.036e-06
rs34420245	8	116459263	1.106e-06
rs1022447	8	116461276	1.628e-06
rs800888	8	116464988	4.601e-07
rs800887	8	116468082	2.182e-07
rs17728284	8	116468518	2.679e-07
rs1180648	8	116471025	1.876e-07
rs1180647	8	116472478	2.353e-07
rs17801310	8	116473119	1.911e-07
rs1180624	8	116476811	3.176e-07
rs800879	8	116479248	2.735e-07
rs1483582	8	116480753	7.667e-07
rs10955751	8	116481223	7.132e-07
rs11786044	8	116481346	2.735e-07
rs800878	8	116481498	2.735e-07
rs12114740	8	116481700	2.948e-07
rs3808415	8	116482423	2.948e-07
rs3808416	8	116483217	2.735e-07
rs4422804	8	116485194	2.197e-07
rs2200218	8	116485315	8.241e-07
rs2170741	8	116485513	2.861e-06
rs800871	8	116485696	8.241e-07
rs1384810	8	116486106	7.667e-07
rs800870	8	116486442	2.948e-07
rs800869	8	116486905	2.735e-07
rs2625675	8	116491133	4.754e-06
rs3808418	8	116491594	3.843e-06
rs2625674	8	116492221	1.179e-06
rs800910	8	116496984	1.022e-06
rs800909	8	116497173	1.022e-06
rs800908	8	116497393	1.022e-06
rs7832568	8	116498798	9.515e-07
rs809623	8	116499185	3.354e-06
rs28835029	8	116499545	6.132e-07
rs2625673	8	116499686	1.098e-06
rs2625672	8	116500397	3.354e-06
rs800884	8	116502628	8.856e-07
rs800883	8	116504323	7.667e-07
rs800882	8	116505084	1.022e-06
rs800881	8	116506134	1.359e-06
rs800880	8	116508132	8.241e-07
rs6990008	8	116508624	2.07e-06
rs3849850	8	116508778	2.548e-06
rs7813434	8	116511856	2.73e-06
rs12548221	8	116512403	2.73e-06
rs2003643	8	116512856	3.354e-06
rs10102792	8	116512977	3.795e-07
rs3808422	8	116516853	3.132e-06
rs3808425	8	116518583	2.924e-06
rs3808426	8	116518834	3.59e-06
rs1384812	8	116519075	3.59e-06
rs3808428	8	116519769	3.132e-06
rs3808430	8	116521042	3.354e-06
rs10093833	8	116521565	4.754e-06
rs10093834	8	116521566	3.503e-06
rs1079822	8	116525324	3.59e-06
rs2170740	8	116528095	3.843e-06
rs10955752	8	116530831	3.132e-06
rs3824200	8	116531797	3.354e-06
rs13269619	8	116532541	2.679e-07
rs1905376	8	116533758	4.112e-06
rs13266941	8	116535753	2.924e-06
rs2178946	8	116537058	3.132e-06
rs2142327	8	116537354	2.679e-07
rs2178947	8	116537530	2.924e-06
rs2884365	8	116537833	2.873e-07
rs12549788	8	116539067	3.132e-06
rs12677858	8	116547959	6.365e-06
rs1483583	8	116549176	1.678e-06
rs11778934	8	116551405	4.4e-06
rs7823575	8	116551546	2.378e-06
rs10092901	8	116552910	2.021e-07
rs12543799	8	116555360	1.564e-06
rs3779878	8	116556299	2.07e-06
rs12056626	8	116557955	1.458e-06
rs3808434	8	116559435	1.564e-06
rs3808435	8	116559894	1.458e-06
rs7825679	8	116560619	1.266e-06
rs3808436	8	116560967	1.564e-06
rs3808437	8	116561743	1.266e-06
rs10097784	8	116561824	1.266e-06
rs10955753	8	116562169	1.266e-06
rs3808438	8	116563573	1.179e-06
rs3808439	8	116563675	1.179e-06
rs3808440	8	116563696	1.179e-06
rs1351744	8	116563879	5.733e-07
rs1483589	8	116564796	6.632e-07
rs3802219	8	116565365	6.632e-07
rs3802220	8	116565452	6.167e-07
rs2884366	8	116565839	6.632e-07
rs2358019	8	116565968	6.632e-07
rs6998448	8	116566315	6.167e-07
rs6469597	8	116570630	5.733e-07
rs3808444	8	116570977	1.252e-06
rs2178948	8	116571938	8.2e-07
rs3802221	8	116572926	1.252e-06
rs3779879	8	116573023	1.252e-06
rs3808446	8	116574409	6.167e-07
rs6469600	8	116574861	7.667e-07
rs3808448	8	116576827	6.167e-07
rs3808449	8	116576978	6.167e-07
rs3808450	8	116579048	6.167e-07
rs3808451	8	116579088	1.175e-07
rs2223103	8	116579319	5.733e-07
rs1160333	8	116580724	4.962e-07
rs1028274	8	116583551	5.329e-07
rs1963677	8	116583869	1.343e-06
rs3808454	8	116584109	7.132e-07
rs1963678	8	116584117	5.733e-07
rs2103481	8	116585157	2.034e-06
rs3779881	8	116586460	5.329e-07
rs2358021	8	116587458	5.329e-07
rs2049864	8	116588326	5.733e-07
rs2049865	8	116588546	2.449e-06
rs2049867	8	116588570	5.733e-07
rs3808456	8	116589218	5.733e-07
rs3808457	8	116589497	6.632e-07
rs719422	8	116590260	5.329e-07
rs11989423	8	116591033	5.329e-07
rs11785504	8	116591288	4.952e-07
rs10505256	8	116591497	1.362e-07
rs3808459	8	116591906	4.952e-07
rs6469601	8	116592355	1.175e-07
rs6993253	8	116593107	5.733e-07
rs7011494	8	116593319	7.11e-07
rs4326410	8	116593582	5.733e-07
rs4599845	8	116593598	7.667e-07
rs2178949	8	116594138	5.733e-07
rs9297541	8	116595713	6.632e-07
rs6469603	8	116596188	9.449e-07
rs2272619	8	116597039	9.406e-08
rs1057517	8	116597117	5.733e-07
rs13271228	8	116597409	9.449e-07
rs3808460	8	116597635	1.088e-06
rs3808461	8	116597716	1.014e-06
rs2293889	8	116599199	2e-06
rs3802222	8	116600483	3.753e-07
rs7012216	8	116600785	1.44e-06
rs6998144	8	116601022	1.44e-06
rs10808475	8	116601071	1.44e-06
rs7357472	8	116601402	1.543e-06
rs6469605	8	116601894	1.252e-06
rs6469606	8	116601902	1.252e-06
rs12679749	8	116602459	1.543e-06
rs13267535	8	116602676	1.543e-06
rs13269499	8	116602795	1.543e-06
rs10505258	8	116602855	1.543e-06
rs13275142	8	116602874	1.343e-06
rs2737203	8	116603003	1.44e-06
rs2721954	8	116603103	1.252e-06
rs3808462	8	116606177	7.089e-08
rs2721926	8	116608228	6.167e-07
rs2737205	8	116610180	3.422e-07
rs7834300	8	116611632	8.803e-07
rs2737206	8	116611902	6.161e-07
rs2721929	8	116613258	4.601e-07
rs2737207	8	116614543	4.952e-07
rs997806	8	116619356	4.952e-07
rs2721932	8	116620304	4.952e-07
rs2737212	8	116621214	1.772e-06
rs2245019	8	116622906	1.543e-06
rs2245221	8	116624879	1.543e-06
rs2737214	8	116624987	2.333e-06
rs2737215	8	116625707	1.772e-06
rs2721933	8	116627175	2.498e-06
rs2721934	8	116628403	1.772e-06
rs1569364	8	116629732	1.359e-06
rs2737216	8	116630079	3.061e-06
rs2737217	8	116630311	2.861e-06
rs2721936	8	116632819	1.521e-07
rs2009382	8	116633906	4.972e-07
rs2721938	8	116635611	1.167e-06
rs2737219	8	116635688	9.449e-07
rs2721939	8	116635942	1.014e-06
rs2721940	8	116636281	1.543e-06
rs2142330	8	116636406	2.449e-06
rs2142331	8	116636719	1.654e-06
rs2737220	8	116637685	3.904e-06
rs2721942	8	116637744	3.904e-06
rs2721943	8	116637999	6.168e-06
rs28447075	8	116638318	4.453e-06
rs2737225	8	116639462	4.453e-06
rs2737226	8	116639474	5.417e-06
rs2721946	8	116641960	6.168e-06
rs2721948	8	116643338	7.018e-06
rs2737227	8	116644121	8.505e-06
rs2721952	8	116645056	7.483e-06
rs7823808	8	11836622	1.438e-05
rs7836274	8	130013971	2.077e-05
rs35157858	8	130016542	9.407e-06
rs1441987	8	130020767	6.795e-06
rs10808573	8	130021648	6.795e-06
rs10505532	8	130021961	6.795e-06
rs10505534	8	130022376	6.397e-06
rs10092510	8	130022619	1.159e-06
rs9297780	8	130022739	1.307e-05
rs10103413	8	130024986	1.307e-05
rs1372454	8	130030130	7.429e-06
rs10808574	8	130035716	2.51e-06
rs4551306	8	130036146	3.352e-05
rs6470683	8	130037381	8.362e-06
rs6470684	8	130037437	1.159e-06
rs6470685	8	130038386	1.65e-05
rs7008734	8	130039198	1.469e-05
rs7835026	8	130040065	1.469e-05
rs4733674	8	130041181	1.385e-06
rs4386943	8	130041335	1.473e-06
rs10101123	8	130042015	5.19e-06
rs6470687	8	130042119	2.52e-05
rs7844734	8	130042141	1.473e-06
rs7001390	8	130042857	1.385e-06
rs4385435	8	130043508	2.419e-05
rs6470688	8	130043829	7.882e-06
rs9969663	8	130045034	7.429e-06
rs7013044	8	130045495	2.849e-05
rs6994850	8	130045535	2.228e-05
rs9297782	8	130047294	1.223e-06
rs6989876	8	130047747	7.882e-06
rs10956460	8	130048404	8.87e-06
rs10464869	8	130048553	7.429e-06
rs10464829	8	130048815	6.214e-06
rs6995803	8	130049084	7.882e-06
rs6995813	8	130049111	1.473e-06
rs10956461	8	130050407	7.429e-06
rs4367496	8	130053570	6.214e-06
rs4445189	8	130053638	7.882e-06
rs7014288	8	130054145	1.667e-06
rs6470691	8	130055685	1.469e-05
rs4487715	8	130055981	1.469e-05
rs4545059	8	130056155	1.748e-05
rs4391393	8	130056627	1.095e-05
rs6470693	8	130057289	1.232e-05
rs7843894	8	130057819	2.322e-05
rs7814844	8	130059288	3.061e-06
rs7828005	8	130060077	4.926e-06
rs56198698	8	130060438	5.225e-06
rs66748173	8	130072473	1.414e-05
rs55830016	8	130094818	1.711e-06
rs11784932	8	130095478	1.823e-06
rs7003680	8	130096071	1.941e-06
rs6991090	8	130097249	1.711e-06
rs6997012	8	130100306	1.941e-06
rs7841546	8	130103252	1.07e-05
rs13276597	8	130106154	1.205e-05
rs72714235	8	130465371	3.352e-05
rs61470037	8	130467803	2.765e-05
rs7831560	8	130469240	3.165e-05
rs7828227	8	130469820	2.468e-05
rs11783022	8	130475638	2.954e-05
rs72714245	8	130476854	2.628e-05
rs67725824	8	130480557	2.774e-05
rs7834111	8	135698274	2.241e-05
rs7463826	8	135706391	2.138e-05
rs7821292	8	135710348	3.285e-05
rs4481548	8	135716861	2.94e-05
rs4317531	8	135717086	3.122e-05
rs13279958	8	135717331	2.94e-05
rs4563850	8	135725799	1.096e-05
rs7008957	8	135726786	1.096e-05
rs12676719	8	135728516	9.66e-06
rs12679143	8	135728558	9.66e-06
rs16905224	8	135737124	7.979e-06
rs13264561	8	135739077	7.018e-06
rs13278719	8	135739157	7.018e-06
rs34862764	8	135741562	2.703e-05
rs4909629	8	135742551	2.876e-05
rs16905231	8	135742573	9.065e-06
rs10094719	8	135743243	9.065e-06
rs4909630	8	135744460	2.539e-05
rs34971483	8	135744662	7.979e-06
rs4346958	8	135746174	1.409e-05
rs11987422	8	135749321	1.666e-05
rs1541611	8	22855141	3.032e-05
rs4871844	8	22879734	1.984e-05
rs2293400	8	22885331	3.212e-05
rs4460370	8	22887608	3.002e-05
rs11785599	8	22892274	9.755e-06
rs11775176	8	22893034	1.139e-05
rs35534403	8	22894124	9.065e-06
rs12541497	8	22894765	2.077e-05
rs10086853	8	22897057	1.553e-05
rs34068702	8	25243213	2.526e-05
rs931875	8	25245432	9.424e-08
rs4872310	8	25247181	2.21e-07
rs13261573	8	25248615	2.046e-07
rs12675289	8	25255017	7.658e-08
rs61490611	8	25263294	1.628e-07
rs4871939	8	25267103	1.572e-07
rs1506869	8	25269102	5.403e-08
rs17053711	8	25311269	9.608e-09
rs12675625	8	25320594	6.057e-06
rs35698191	8	25321845	6.057e-06
rs7009168	8	32296725	2.539e-05
rs7835850	8	40915059	3.526e-06
rs6474298	8	40923349	6.407e-06
rs11774707	8	40929942	8.587e-06
rs4736911	8	40930060	8.101e-06
rs10097162	8	40931683	9.332e-06
rs2124764	8	40934926	7.206e-06
rs936270	8	40938898	6.795e-06
rs7003509	8	40939970	7.854e-06
rs10958656	8	40942755	7.854e-06
rs10958657	8	40942778	7.854e-06
rs10112560	8	40943507	7.854e-06
rs10106441	8	40944054	7.854e-06
rs10733198	8	40944116	7.854e-06
rs10958658	8	40944678	5.365e-06
rs2168570	8	40946774	1.312e-05
rs6984649	8	40948319	1.865e-05
rs7821127	8	40949403	1.046e-05
rs7838096	8	40949774	1.643e-05
rs11776952	8	40955447	3.185e-06
rs6474299	8	40958407	4.275e-06
rs6472830	8	75133392	2.197e-05
rs4521745	8	75133419	2.197e-05
rs4237012	8	75133518	2.584e-05
rs4541907	8	75133740	2.448e-05
rs7015196	8	75134012	2.584e-05
rs11990179	8	75134110	2.254e-05
rs11990206	8	75134159	2.448e-05
rs11990260	8	75134186	2.448e-05
rs6999501	8	75134473	2.727e-05
rs6999988	8	75134768	2.448e-05
rs4737408	8	75134925	2.448e-05
rs4738432	8	75134930	2.448e-05
rs4738433	8	75135164	3.036e-05
rs4407876	8	75136958	1.97e-05
rs4738435	8	75137793	3.203e-05
rs10098229	8	75253008	6.852e-09
rs57669008	8	75254460	3.785e-09
rs10090060	8	75257608	6.613e-15
rs7843391	8	75259023	3.128e-12
rs57339169	8	75260136	4.425e-08
rs10089711	8	75261348	1.466e-07
rs6992221	8	75261861	3.026e-14
rs4415302	8	75263057	3.944e-08
rs12545409	8	75263152	6.382e-14
rs3739345	8	75263276	3.944e-08
rs16938888	8	75265600	2.791e-08
rs3780013	8	75265922	2.583e-08
rs13269312	8	75266189	4.662e-12
rs10504576	8	75266679	7.644e-12
rs13277749	8	75266712	5.161e-14
rs13278617	8	75266914	9.406e-08
rs9298238	8	75267618	4.221e-12
rs10504579	8	75267716	3.015e-08
rs62524066	8	75268235	3.798e-08
rs16938889	8	75269368	3.944e-08
rs13254381	8	75269548	5.685e-12
rs13256983	8	75269564	5.685e-12
rs4410896	8	75270494	6.276e-12
rs10093042	8	75270901	6.272e-13
rs10093891	8	75271434	8.433e-12
rs10096726	8	75271627	1.026e-11
rs7846006	8	75271974	1.515e-11
rs4492365	8	75272019	3.059e-10
rs3780014	8	75272287	5.453e-10
rs4310196	8	75272727	1.34e-10
rs11554166	8	75274141	4.253e-08
rs6995700	8	75274727	3.257e-08
rs6995431	8	75274757	3.517e-08
rs7000984	8	75275821	3.257e-08
rs6472842	8	75278457	4.586e-08
rs10504580	8	75278816	4.253e-08
rs7842662	8	75279647	8.762e-14
rs10094204	8	75288650	3.518e-07
rs6996555	8	75289087	2.698e-08
rs7014464	8	75289091	2.499e-08
rs7813701	8	75290169	2.814e-08
rs7813560	8	75290170	4.408e-08
rs6987150	8	75290914	1.701e-08
rs12544032	8	75291115	1.334e-13
rs62524069	8	75291168	1.574e-08
rs10092584	8	75291453	3.061e-13
rs10957708	8	75291893	1.574e-08
rs6996971	8	75292492	4.662e-12
rs6997725	8	75292764	2.279e-14
rs7018207	8	75293150	1.456e-08
rs4567029	8	75293712	1.709e-12
rs4339639	8	75294108	1.967e-14
rs12548680	8	75294295	1.765e-14
rs4471028	8	75294975	1.421e-14
rs12546775	8	75295333	1.138e-12
rs67169113	8	75295334	2.973e-11
rs10098296	8	75297062	7.554e-13
rs7813767	8	75297342	1.028e-12
rs62524086	8	75297588	1.314e-08
rs4305896	8	75298201	9.276e-13
rs10113382	8	75299270	9.276e-13
rs13255678	8	75299787	3.026e-14
rs13264285	8	75300598	1.765e-14
rs10093087	8	75301149	2.44e-14
rs10108295	8	75301253	1.395e-12
rs10957712	8	75304152	5.161e-14
rs10957713	8	75304218	2.44e-14
rs61081722	8	75304953	1.152e-08
rs10109451	8	75305314	2.44e-14
rs10957714	8	75305962	1.481e-13
rs10283076	8	75307831	2.56e-12
rs16938900	8	75308482	1.532e-08
rs6472845	8	75314911	6.815e-13
rs58094920	8	75315019	8.411e-09
rs6472846	8	75315146	1.967e-14
rs7819394	8	75315857	2.455e-11
rs7819969	8	75316243	2.702e-11
rs13265662	8	75316530	8.372e-13
rs13265191	8	75316563	9.276e-13
rs4367527	8	75316993	7.554e-13
rs11997090	8	75317223	9.276e-13
rs10957715	8	75318259	1.967e-14
rs10957716	8	75319519	1.967e-14
rs10957717	8	75320003	1.967e-14
rs6996800	8	75322485	1.247e-11
rs9774363	8	75323114	1.222e-10
rs62524089	8	75323556	1.222e-10
rs62524090	8	75323595	1.091e-07
rs13261436	8	75325250	4.221e-12
rs12548001	8	75326619	1.962e-13
rs6472847	8	75327897	7.941e-13
rs7012377	8	75331160	3.653e-08
rs6472848	8	75331619	8.501e-08
rs62523878	8	75332426	2.412e-07
rs6472849	8	75332823	4.856e-10
rs7826609	8	75335352	6.767e-08
rs10112529	8	75335908	2.47e-08
rs10957718	8	75336314	2.3e-07
rs11777305	8	75336315	3.798e-08
rs10103065	8	75336643	2.47e-08
rs56347257	8	75337430	2.083e-07
rs56239924	8	75337481	2.083e-07
rs55780920	8	75337522	3.029e-07
rs6472851	8	75338630	2.595e-07
rs4467929	8	75340037	4.253e-08
rs12679070	8	75347510	4.943e-08
rs13264470	8	75352431	4.943e-08
rs10093795	8	75355842	4.943e-08
rs28858135	8	75381941	6.122e-07
rs11986395	8	75419366	1.564e-05
rs7000526	8	75420315	1.666e-05
rs4735787	8	75423936	1.634e-05
rs4556072	8	75426310	1.348e-05
rs4556073	8	75426487	1.264e-05
rs4556074	8	75426515	1.858e-06
rs12541981	8	75431219	2.274e-05
rs4625007	8	75441612	7.018e-06
rs10094008	8	75443855	1.586e-05
rs7014132	8	75444035	2.869e-06
rs2948285	8	8130538	3.254e-05
rs2030279	8	8222480	7.741e-06
rs2979148	8	8262041	2.573e-05
rs2921053	8	8319963	2.104e-05
rs2979181	8	8323088	3.254e-05
rs560544	8	8637429	2.241e-05
rs486781	8	8639740	2.703e-05
rs693109	8	8640172	3.285e-05
rs2428	8	8641145	1.741e-05
rs2271342	8	8643938	1.041e-05
rs12677543	8	8644274	1.111e-05
rs12682352	8	8646246	4.4e-06
rs11249891	8	8649881	6.151e-06
rs7832968	8	8652889	3.843e-06
rs4841040	8	8654527	1.438e-05
rs2048419	8	8658540	1.111e-05
rs6994038	8	8660538	1.976e-05
rs12547493	8	8661534	4.4e-06
rs12544992	8	8661681	2.104e-05
rs4841042	8	8664622	1.438e-05
rs4840362	8	8670082	7.504e-06
rs7823757	8	8670177	7.024e-06
rs60315134	8	8670599	6.574e-06
rs59046059	8	8670736	9.138e-06
rs11784052	8	8671962	5.383e-06
rs4841045	8	8672579	6.151e-06
rs13259216	8	8673601	2.219e-06
rs35431455	8	8673736	2.378e-06
rs35039922	8	8675325	3.59e-06
rs882462	8	8678530	6.151e-06
rs11775523	8	8679176	7.024e-06
rs1039915	8	8679614	7.024e-06
rs57312668	8	8680477	7.504e-06
rs2409092	8	8682192	9.138e-06
rs12545499	8	8682878	1.041e-05
rs1533059	8	8684953	1.185e-05
rs1533058	8	8685190	1.348e-05
rs4841051	8	8685646	1.533e-05
rs1039916	8	8685854	1.264e-05
rs3789849	8	8687054	1.469e-05
rs11249893	8	8700851	1.741e-05
rs4481596	8	8704330	1.741e-05
rs7015336	8	8830720	2.171e-05
rs17701675	8	8850633	3.315e-05
rs2953802	8	8851881	3.091e-05
rs7005133	8	8901222	1.855e-05
rs1562211	8	8902424	1.348e-05
rs4537305	8	8902670	2.419e-05
rs11784393	8	8903134	1.533e-05
rs2953806	8	8914124	1.469e-05
rs2953805	8	8914757	1.888e-05
rs2921378	8	8914812	1.564e-05
rs3021416	8	8919136	1.666e-05
rs2979253	8	8919676	2.009e-05
rs7387360	8	8922464	2.274e-05
rs149004419	8	8977552	2.475e-05
rs62494425	8	9036108	2.138e-05
rs6601320	8	9355888	2.971e-05
rs13267391	8	9356714	3.152e-05
rs7830572	8	9356802	3.152e-05
rs11249928	8	9363260	2.8e-05
rs6601321	8	9363654	2.074e-05
rs10107887	8	9364664	1.984e-05
rs4841163	8	9366178	3.344e-05
rs7814570	8	9366312	2.484e-05
rs13262031	8	9389241	1.324e-05
rs6980728	8	9390529	7.018e-06
rs6601327	8	9395532	5.417e-06
rs7016732	8	9397227	9.318e-06
rs12676193	8	9404307	1.156e-06
rs1458942	8	9406602	1.935e-07
rs12156017	8	9406837	2.624e-07
rs4840425	8	9408271	9.385e-07
rs4840426	8	9408978	6.593e-07
rs10503380	8	9410495	4.275e-06
rs13271097	8	9411567	8.538e-06
rs10109026	8	9411986	4.309e-07
rs6990097	8	9412857	2.951e-05
rs12545250	8	9420566	1.746e-06
rs7004937	8	9420961	1.746e-06
rs6990418	8	9422006	1.422e-06
rs4128198	8	9433499	4.934e-06
rs6601338	8	9438928	1.056e-05
rs7835002	8	9455045	3.808e-06
rs6601340	8	9461315	2e-06
rs33994795	8	9473429	2.994e-06
rs12682175	8	9479161	7.241e-06
rs12677507	8	9481687	6.58e-06
rs4075359	8	9487813	7.979e-06
rs7846399	8	9493129	7.979e-06
rs12547642	8	9493927	1.029e-05
rs11785458	8	9506810	7.018e-06
rs11249934	8	9510830	6.58e-06
rs1394	8	9511654	6.168e-06
rs4422774	8	9522011	1.124e-05
rs7840706	8	9535056	9.241e-06
rs13263409	8	9536256	8.693e-06
rs13270518	8	9536713	9.241e-06
rs12114182	8	9537635	8.176e-06
rs12543959	8	9539000	9.241e-06
rs12541617	8	9539099	8.693e-06
rs7822700	8	9540854	1.329e-05
rs13250951	8	9541455	9.822e-06
rs12544371	8	9542071	1.044e-05
rs9650639	8	9542601	9.241e-06
rs12679180	8	9543080	9.241e-06
rs12677313	8	9543120	8.693e-06
rs13270801	8	9543651	8.693e-06
rs11776236	8	9545167	8.693e-06
rs7003791	8	9545368	9.241e-06
rs10081565	8	9545542	3.032e-05
rs10081478	8	9545570	3.032e-05
rs4840434	8	9546306	7.229e-06
rs6990300	8	9547861	1.044e-05
rs6601344	8	9548145	9.822e-06
rs4313162	8	9548592	8.693e-06
rs4841196	8	9555092	1.411e-05
rs10903317	8	9555907	1.178e-05
rs11249939	8	9556500	6.376e-06
rs9644704	8	9560169	1.92e-05
rs7006985	8	9564437	9.065e-06
rs12542457	8	9564600	1.168e-05
rs35874762	8	9565392	2.452e-05
rs7461939	8	9571621	1.168e-05
rs12155819	8	9572679	1.096e-05
rs12114661	8	9573154	1.168e-05
rs4129360	8	9573284	1.168e-05
rs6601350	8	9573956	1.596e-05
rs35316422	8	9575129	1.029e-05
rs13272424	8	9575319	1.243e-05
rs13264850	8	9575331	1.168e-05
rs6994574	8	9578255	1.409e-05
rs13276086	8	9578982	1.92e-05
rs13268319	8	9579249	1.92e-05
rs4612345	8	9580001	1.92e-05
rs6982148	8	9581070	2.042e-05
rs4841203	8	9582730	1.806e-05
rs4841204	8	9583407	1.92e-05
rs12679956	8	9584849	9.66e-06
rs12542912	8	9585196	1.499e-05
rs6992666	8	9586704	1.243e-05
rs11778555	8	9587574	1.596e-05
rs11785923	8	9587674	1.596e-05
rs11782886	8	9587891	1.92e-05
rs9644707	8	9590116	1.596e-05
rs10102170	8	9611470	1.243e-05
rs10094989	8	9612009	1.627e-05
rs10096462	8	9614993	1.92e-05
rs10111376	8	9615470	2.768e-05
rs10104032	8	9616664	1.92e-05
rs9657509	8	9620359	1.168e-05
rs11249945	8	9628753	2.862e-05
rs1055328	8	9639316	1.581e-05
rs2048656	8	9644659	9.66e-06
rs2175846	8	9644976	1.837e-05
rs2014514	8	9647196	1.324e-05
rs7820675	8	9647748	1.596e-05
rs7838571	8	9647796	1.92e-05
rs7820917	8	9647868	1.596e-05
rs12678014	8	9649165	1.92e-05
rs6980595	8	9651162	3.315e-05
rs4840438	8	9651811	3.122e-05
rs10103925	8	9652211	3.315e-05
rs7836375	8	9652258	2.768e-05
rs9286060	8	9653145	3.122e-05
rs10107992	8	9653287	3.315e-05
rs4841218	8	9653902	2.94e-05
rs4841219	8	9654185	3.122e-05
rs12543346	8	9655823	3.315e-05
rs12546411	8	9655916	3.344e-05
rs11249956	8	9658194	1.596e-05
rs9987266	8	9659346	2.074e-05
rs13259398	8	9659935	1.952e-05
rs56225255	8	9661202	2.203e-05
rs34746821	8	9661267	2.8e-05
rs34782826	8	9663630	3.315e-05
rs35607831	8	9663751	3.122e-05
rs35293371	8	9667227	2.768e-05
rs13275545	8	9667914	2.768e-05
rs11998484	8	9668601	4.378e-06
rs4841225	8	9669164	2.94e-05
rs12546178	8	9690091	2.055e-05
rs17734541	8	9708433	2.573e-05
rs17734690	8	9713196	2.009e-05
rs11775088	8	9778671	2.971e-05
rs11786541	8	9789549	1.806e-05
rs10111315	8	9865588	2.419e-05
rs13250399	8	9872810	6.365e-06
rs56279061	8	9873980	1.666e-05
rs34427895	8	9875221	2.009e-05
rs13264668	8	9884877	3.091e-05
rs4526366	8	9890179	7.253e-06
rs13252276	8	9904713	5.262e-06
rs13272731	8	9906934	1.499e-05
rs73189192	8	9910639	1.499e-05
rs13279701	8	9969450	3.061e-06
rs34748716	8	9973718	2.801e-06
rs60384372	8	9974584	5.581e-06
rs17689007	8	9974824	3.275e-06
rs17689037	8	9974858	2.673e-06
rs55683917	8	9976479	2.573e-05
rs17689289	8	9977980	2.419e-05
rs17746227	8	9981654	4.005e-06
rs17746245	8	9981686	4.005e-06
rs13259465	8	9982953	6.58e-06
rs6985941	8	9983179	7.483e-06
rs1484641	8	9986524	2.801e-06
rs6994994	8	99886802	1.739e-05
rs3885723	8	9991661	1.294e-05
rs149131101	8	99928409	2.592e-05
rs3019296	8	99929455	3.188e-05
rs55892905	8	99929731	2.499e-05
rs72668446	8	99931977	2.238e-05
rs7820829	8	99932881	2.238e-05
rs72668447	8	99933915	3.185e-06
rs72668449	8	99935699	2.158e-05
rs17374005	8	99936151	1.931e-05
rs16897128	8	99938133	1.931e-05
rs72668453	8	99938488	2.004e-05
rs72668456	8	99939722	1.931e-05
rs2922070	8	99939953	3.212e-05
rs72668457	8	99940852	1.861e-05
rs80222987	8	99942732	1.793e-05
rs72668458	8	99943415	1.861e-05
rs10504987	8	99945447	1.793e-05
rs72668460	8	99945998	1.328e-05
rs72668461	8	99948525	1.399e-05
rs3019295	8	99954926	9.893e-09
rs34990153	8	9996389	1.564e-05
rs17690549	8	9998538	8.812e-06
rs7824113	8	99989864	9.893e-09
rs11786078	8	99990632	2.929e-05
rs11994620	8	99990902	1.059e-08
rs12547301	8	99991838	3.067e-05
rs4735589	8	99993399	1.059e-08
rs4735591	8	99998953	9.236e-09
rs4735592	8	99999226	9.893e-09
rs67084970	9	100304861	3.254e-05
rs1571567	9	100305357	2.138e-05
rs10759765	9	100307493	2.009e-05
rs7045553	9	100307789	1.888e-05
rs7852462	9	100310501	9.318e-06
rs10816608	9	110778738	3.285e-05
rs7357711	9	110823759	1.307e-05
rs4837566	9	119258919	2.975e-07
rs1861881	9	119312256	1.906e-06
rs13290997	9	119314217	2.876e-05
rs4836750	9	119315095	2.703e-05
rs10983236	9	119330060	3.285e-05
rs1885242	9	119381285	2.876e-05
rs2295741	9	119382768	2.703e-05
rs811689	9	119410756	3.254e-05
rs10983297	9	119425126	2.118e-05
rs10983298	9	119425128	2.278e-05
rs1661294	9	119435891	3.254e-05
rs11790014	9	119449230	2.708e-05
rs11793648	9	119453278	3.242e-05
rs10983311	9	119470373	2.203e-08
rs55724065	9	119471669	2.809e-08
rs10759852	9	119472659	2.034e-06
rs2519093	9	136141870	1.273e-08
rs545971	9	136143372	1.952e-05
rs612169	9	136143442	1.53e-05
rs8176663	9	136144427	1.952e-05
rs491626	9	136144873	2.074e-05
rs495203	9	136145240	2.203e-05
rs9411378	9	136145425	1.871e-07
rs582118	9	136145471	2.074e-05
rs677355	9	136146046	2.203e-05
rs676457	9	136146227	2.203e-05
rs550057	9	136146597	9.204e-08
rs674302	9	136146664	2.203e-05
rs554833	9	136147160	2.34e-05
rs505922	9	136149229	1.729e-05
rs507666	9	136149399	1.04e-08
rs529565	9	136149500	1.272e-05
rs532436	9	136149830	1.112e-08
rs600038	9	136151806	6.935e-08
rs651007	9	136153875	7.915e-08
rs11244061	9	136153981	3.297e-06
rs579459	9	136154168	1.03e-07
rs649129	9	136154304	2.311e-07
rs495828	9	136154867	9.03e-08
rs635634	9	136155000	1.362e-08
rs56343119	9	136237672	3.005e-05
rs17474001	9	136267149	2.138e-05
rs3124766	9	136316942	2.938e-05
rs3731239	9	21974218	6.795e-06
rs3218020	9	21997872	2.971e-05
rs10811647	9	22065002	2.378e-06
rs10811650	9	22067593	2.548e-06
rs10757269	9	22072264	3.176e-07
rs9632885	9	22072638	9.515e-07
rs10757270	9	22072719	1.014e-06
rs1831733	9	22076071	2e-06
rs10757271	9	22076795	2.537e-07
rs10811652	9	22077085	2.182e-07
rs10116277	9	22081397	1.185e-07
rs6475606	9	22081850	1.185e-07
rs1333040	9	22083404	1.169e-08
rs1537370	9	22084310	3.649e-08
rs1970112	9	22085598	8.041e-08
rs10738606	9	22088090	4.805e-10
rs10738607	9	22088094	5.256e-10
rs10757272	9	22088260	5.748e-10
rs10757274	9	22096055	1.496e-08
rs4977574	9	22098574	1.378e-08
rs2891168	9	22098619	1.624e-08
rs1537371	9	22099568	7.711e-09
rs1556516	9	22100176	4.444e-08
rs7859727	9	22102165	1.07e-09
rs1537372	9	22103183	3.51e-08
rs1537373	9	22103341	6.521e-09
rs1333042	9	22103813	4.652e-09
rs7859362	9	22105927	1.169e-08
rs10757275	9	22106225	1.378e-08
rs6475609	9	22106271	1.169e-08
rs1333043	9	22106731	1.169e-08
rs1412834	9	22110131	7.092e-09
rs7341786	9	22112241	5.995e-09
rs7341791	9	22112427	5.995e-09
rs10511701	9	22112599	3.037e-09
rs10733376	9	22114469	3.037e-09
rs10738609	9	22114495	4.806e-08
rs2383206	9	22115026	1.378e-08
rs944797	9	22115286	1.496e-08
rs1004638	9	22115589	4.274e-09
rs2383207	9	22115959	4.274e-09
rs1537374	9	22116046	4.652e-09
rs1537375	9	22116071	2.152e-09
rs1537376	9	22116220	1.269e-08
rs1333045	9	22119195	3.037e-09
rs10217586	9	22121349	6.357e-08
rs10738610	9	22123766	9.797e-10
rs1333046	9	22124123	7.511e-10
rs7857118	9	22124140	6.872e-10
rs10757277	9	22124450	5.781e-11
rs10811656	9	22124472	1.393e-10
rs10757278	9	22124477	5.781e-11
rs10757279	9	22124630	6.978e-11
rs4977575	9	22124744	8.417e-11
rs1333048	9	22125347	1.809e-09
rs7866410	9	22140627	5.503e-06
rs12340450	9	22140678	2.254e-06
rs7854629	9	22141034	1.067e-06
rs7026735	9	22141269	3.205e-14
rs2065504	9	22141552	1.247e-11
rs2065505	9	22141790	2.018e-10
rs4977577	9	22141875	1.695e-10
rs6475610	9	22141894	1.247e-11
rs7859532	9	22142956	2.144e-10
rs7862936	9	22143133	3.034e-08
rs7849199	9	22143293	3.93e-15
rs7849302	9	22143377	4.834e-15
rs2151285	9	22144255	1.099e-14
rs2151284	9	22144276	4.408e-08
rs2151283	9	22144305	2.546e-13
rs2151282	9	22144316	1.811e-09
rs7030345	9	22145739	2.76e-10
rs12341394	9	22148055	6.729e-15
rs7856219	9	22150261	3.34e-14
rs7849231	9	22152401	1.128e-12
rs6475612	9	22152580	3.317e-15
rs6475613	9	22152643	1.746e-08
rs6475614	9	22153265	8.316e-13
rs7853123	9	22153360	1.009e-08
rs7853621	9	22153714	5.322e-11
rs7045424	9	22154009	1.969e-11
rs12343752	9	22155075	3.147e-14
rs7033903	9	22155090	1.151e-12
rs7028213	9	22157360	1.765e-14
rs1333052	9	22157908	6.729e-15
rs117914842	9	22158307	1.075e-07
rs10738611	9	22158598	3.061e-13
rs10122243	9	22158924	1.492e-17
rs10757288	9	22159416	2.761e-13
rs10811667	9	22159982	5.949e-10
rs10757289	9	22160454	1.556e-12
rs7864275	9	22161212	6.213e-17
rs10757290	9	22161664	7.86e-17
rs10757291	9	22161884	1.421e-14
rs7854623	9	22162193	4.031e-14
rs6475616	9	22162560	6.943e-13
rs7041895	9	22162794	3.873e-17
rs12348411	9	22164045	1.291e-14
rs17694933	9	22164309	4.751e-15
rs1333054	9	22165583	1.434e-14
rs6475617	9	22166461	1.765e-14
rs2779748	9	22166769	1.531e-09
rs828579	9	22166971	1.291e-09
rs7863846	9	22168128	6.063e-15
rs1537377	9	22169700	4.067e-17
rs954399	9	22170983	6.729e-15
rs2779747	9	22171484	1.244e-15
rs828582	9	22172259	3.049e-15
rs10811669	9	22172893	1.5e-14
rs9987548	9	22173075	1.383e-14
rs1981046	9	22173407	7.205e-15
rs9987689	9	22173676	8.49e-14
rs10738612	9	22174103	7.945e-06
rs1095899	9	22177527	1.729e-11
rs1095901	9	22179701	3.948e-08
rs2483125	9	22181187	2.141e-07
rs1095902	9	22181450	8.608e-07
rs4439215	9	22182218	7.55e-07
rs828578	9	22182939	1.066e-07
rs866666	9	22183781	1.066e-07
rs1412828	9	22183916	2.469e-07
rs852700	9	22184018	3.126e-08
rs2767409	9	22184997	7.303e-08
rs864347	9	22185092	1.066e-07
rs861189	9	22185252	8.084e-07
rs1095904	9	22187074	8.084e-07
rs1095905	9	22187385	6.581e-07
rs1095906	9	22187434	3.015e-08
rs2478779	9	22187459	8.654e-07
rs1095896	9	22188039	4.609e-08
rs1095897	9	22188083	6.269e-08
rs1095898	9	22189716	1.606e-07
rs1292179	9	22190548	7.776e-10
rs828576	9	22191189	9.888e-08
rs62555406	9	22191500	4.655e-07
rs2779746	9	22193242	2.1e-06
rs2767415	9	22193244	1.661e-07
rs828577	9	22193922	5.733e-07
rs1930591	9	22194535	1.167e-06
rs1679029	9	22195321	6.269e-08
rs1751446	9	22195356	9.169e-08
rs1751447	9	22195772	9.406e-08
rs1751449	9	22196863	6.574e-06
rs10124514	9	22196972	2.141e-07
rs12350824	9	22201586	2.361e-07
rs10965289	9	22202907	2.022e-05
rs1556254	9	33103872	3.254e-05
rs113497604	9	35865019	2.552e-05
rs7874501	9	7171606	1.185e-05
rs2026714	9	7177284	2.009e-05
rs11789699	9	96573148	1.822e-05
