"outcome","exposure","id.exposure","id.outcome","samplesize","SNP","b","se","p","outcome_full"
"anaemia_preg_all","Endometriosis (Rahmioglu)","Nk0xbD","anaemia_preg_all",86208,"All","-0.016",0.104,"0.879","Anaemia in pregnancy (all)"
"anaemia_preg_all","Endometriosis (Rahmioglu)","Nk0xbD","anaemia_preg_all",86208,"rs10090060","0.002",0.107,"0.983","Anaemia in pregnancy (all)"
"anaemia_preg_all","Endometriosis (Rahmioglu)","Nk0xbD","anaemia_preg_all",86208,"rs11674184","-0.054",0.106,"0.61","Anaemia in pregnancy (all)"
"anaemia_preg_all","Endometriosis (Rahmioglu)","Nk0xbD","anaemia_preg_all",86208,"rs11756073","-0.013",0.107,"0.9","Anaemia in pregnancy (all)"
"anaemia_preg_all","Endometriosis (Rahmioglu)","Nk0xbD","anaemia_preg_all",86208,"rs12030576","0.001",0.106,"0.991","Anaemia in pregnancy (all)"
"anaemia_preg_all","Endometriosis (Rahmioglu)","Nk0xbD","anaemia_preg_all",86208,"rs12441483","-0.02",0.108,"0.853","Anaemia in pregnancy (all)"
"anaemia_preg_all","Endometriosis (Rahmioglu)","Nk0xbD","anaemia_preg_all",86208,"rs12549438","-0.024",0.107,"0.826","Anaemia in pregnancy (all)"
"anaemia_preg_all","Endometriosis (Rahmioglu)","Nk0xbD","anaemia_preg_all",86208,"rs1352889","9.57e-04",0.104,"0.993","Anaemia in pregnancy (all)"
"anaemia_preg_all","Endometriosis (Rahmioglu)","Nk0xbD","anaemia_preg_all",86208,"rs1430787","-0.018",0.107,"0.867","Anaemia in pregnancy (all)"
"anaemia_preg_all","Endometriosis (Rahmioglu)","Nk0xbD","anaemia_preg_all",86208,"rs1451383","-0.008",0.107,"0.943","Anaemia in pregnancy (all)"
"anaemia_preg_all","Endometriosis (Rahmioglu)","Nk0xbD","anaemia_preg_all",86208,"rs17053711","-0.028",0.106,"0.791","Anaemia in pregnancy (all)"
"anaemia_preg_all","Endometriosis (Rahmioglu)","Nk0xbD","anaemia_preg_all",86208,"rs10122243","-0.016",0.108,"0.879","Anaemia in pregnancy (all)"
"anaemia_preg_all","Endometriosis (Rahmioglu)","Nk0xbD","anaemia_preg_all",86208,"rs10860864","-0.008",0.107,"0.941","Anaemia in pregnancy (all)"
"anaemia_preg_all","Endometriosis (Rahmioglu)","Nk0xbD","anaemia_preg_all",86208,"rs10917151","0.025",0.111,"0.823","Anaemia in pregnancy (all)"
"anaemia_preg_all","Endometriosis (Rahmioglu)","Nk0xbD","anaemia_preg_all",86208,"rs10983311","-0.024",0.106,"0.823","Anaemia in pregnancy (all)"
"anaemia_preg_all","Endometriosis (Rahmioglu)","Nk0xbD","anaemia_preg_all",86208,"rs2510770","-0.005",0.106,"0.964","Anaemia in pregnancy (all)"
"anaemia_preg_all","Endometriosis (Rahmioglu)","Nk0xbD","anaemia_preg_all",86208,"rs2946160","-0.004",0.106,"0.973","Anaemia in pregnancy (all)"
"anaemia_preg_all","Endometriosis (Rahmioglu)","Nk0xbD","anaemia_preg_all",86208,"rs3803042","-0.001",0.105,"0.99","Anaemia in pregnancy (all)"
"anaemia_preg_all","Endometriosis (Rahmioglu)","Nk0xbD","anaemia_preg_all",86208,"rs4540228","-0.036",0.105,"0.733","Anaemia in pregnancy (all)"
"anaemia_preg_all","Endometriosis (Rahmioglu)","Nk0xbD","anaemia_preg_all",86208,"rs507666","-0.047",0.097,"0.63","Anaemia in pregnancy (all)"
"anaemia_preg_all","Endometriosis (Rahmioglu)","Nk0xbD","anaemia_preg_all",86208,"rs55909142","-0.021",0.107,"0.844","Anaemia in pregnancy (all)"
"anaemia_preg_all","Endometriosis (Rahmioglu)","Nk0xbD","anaemia_preg_all",86208,"rs56090796","-0.016",0.107,"0.88","Anaemia in pregnancy (all)"
"anaemia_preg_all","Endometriosis (Rahmioglu)","Nk0xbD","anaemia_preg_all",86208,"rs57281976","0.007",0.103,"0.943","Anaemia in pregnancy (all)"
"anaemia_preg_all","Endometriosis (Rahmioglu)","Nk0xbD","anaemia_preg_all",86208,"rs6435157","-0.032",0.105,"0.757","Anaemia in pregnancy (all)"
"anaemia_preg_all","Endometriosis (Rahmioglu)","Nk0xbD","anaemia_preg_all",86208,"rs1903068","-0.03",0.109,"0.784","Anaemia in pregnancy (all)"
"anaemia_preg_all","Endometriosis (Rahmioglu)","Nk0xbD","anaemia_preg_all",86208,"rs2036754","-0.026",0.106,"0.807","Anaemia in pregnancy (all)"
"anaemia_preg_all","Endometriosis (Rahmioglu)","Nk0xbD","anaemia_preg_all",86208,"rs2226158","-0.038",0.104,"0.715","Anaemia in pregnancy (all)"
"anaemia_preg_all","Endometriosis (Rahmioglu)","Nk0xbD","anaemia_preg_all",86208,"rs2421985","-0.04",0.105,"0.702","Anaemia in pregnancy (all)"
"anaemia_preg_all","Endometriosis (Rahmioglu)","Nk0xbD","anaemia_preg_all",86208,"rs7334326","-0.028",0.106,"0.79","Anaemia in pregnancy (all)"
"anaemia_preg_all","Endometriosis (Rahmioglu)","Nk0xbD","anaemia_preg_all",86208,"rs7907732","-5.58e-05",0.106,"1","Anaemia in pregnancy (all)"
"anaemia_preg_all","Endometriosis (Rahmioglu)","Nk0xbD","anaemia_preg_all",86208,"rs7924571","0.004",0.105,"0.971","Anaemia in pregnancy (all)"
"anaemia_preg_all","Endometriosis (Rahmioglu)","Nk0xbD","anaemia_preg_all",86208,"rs66683298","-0.028",0.106,"0.788","Anaemia in pregnancy (all)"
"anaemia_preg_all","Endometriosis (Rahmioglu)","Nk0xbD","anaemia_preg_all",86208,"rs71575922","-0.031",0.11,"0.78","Anaemia in pregnancy (all)"
"anaemia_preg_all","Endometriosis (Rahmioglu)","Nk0xbD","anaemia_preg_all",86208,"rs7214750","0.012",0.102,"0.904","Anaemia in pregnancy (all)"
"anaemia_preg_all","Endometriosis (Rahmioglu)","Nk0xbD","anaemia_preg_all",86208,"rs6456259","0.004",0.106,"0.968","Anaemia in pregnancy (all)"
"Antepartum_bleeding","Endometriosis (Rahmioglu)","Nk0xbD","Antepartum_bleeding",NA,"rs10090060","0.033",0.089,"0.711","Antepartum_bleeding"
"Antepartum_bleeding","Endometriosis (Rahmioglu)","Nk0xbD","Antepartum_bleeding",NA,"rs10122243","0.079",0.088,"0.374","Antepartum_bleeding"
"Antepartum_bleeding","Endometriosis (Rahmioglu)","Nk0xbD","Antepartum_bleeding",NA,"rs10757277","0.036",0.089,"0.682","Antepartum_bleeding"
"Antepartum_bleeding","Endometriosis (Rahmioglu)","Nk0xbD","Antepartum_bleeding",NA,"rs10828249","0.065",0.09,"0.466","Antepartum_bleeding"
"Antepartum_bleeding","Endometriosis (Rahmioglu)","Nk0xbD","Antepartum_bleeding",NA,"rs10860864","0.037",0.088,"0.676","Antepartum_bleeding"
"Antepartum_bleeding","Endometriosis (Rahmioglu)","Nk0xbD","Antepartum_bleeding",NA,"rs10917151","0.056",0.094,"0.55","Antepartum_bleeding"
"Antepartum_bleeding","Endometriosis (Rahmioglu)","Nk0xbD","Antepartum_bleeding",NA,"rs10983311","0.063",0.09,"0.484","Antepartum_bleeding"
"Antepartum_bleeding","Endometriosis (Rahmioglu)","Nk0xbD","Antepartum_bleeding",NA,"rs11674184","0.042",0.092,"0.649","Antepartum_bleeding"
"Antepartum_bleeding","Endometriosis (Rahmioglu)","Nk0xbD","Antepartum_bleeding",NA,"rs11756073","0.07",0.087,"0.422","Antepartum_bleeding"
"Antepartum_bleeding","Endometriosis (Rahmioglu)","Nk0xbD","Antepartum_bleeding",NA,"rs12030576","0.056",0.091,"0.539","Antepartum_bleeding"
"Antepartum_bleeding","Endometriosis (Rahmioglu)","Nk0xbD","Antepartum_bleeding",NA,"rs12320196","0.046",0.091,"0.613","Antepartum_bleeding"
"Antepartum_bleeding","Endometriosis (Rahmioglu)","Nk0xbD","Antepartum_bleeding",NA,"rs12441483","0.053",0.091,"0.562","Antepartum_bleeding"
"Antepartum_bleeding","Endometriosis (Rahmioglu)","Nk0xbD","Antepartum_bleeding",NA,"rs12549438","0.056",0.09,"0.532","Antepartum_bleeding"
"Antepartum_bleeding","Endometriosis (Rahmioglu)","Nk0xbD","Antepartum_bleeding",NA,"rs1352889","0.055",0.09,"0.541","Antepartum_bleeding"
"Antepartum_bleeding","Endometriosis (Rahmioglu)","Nk0xbD","Antepartum_bleeding",NA,"rs1430787","0.073",0.086,"0.398","Antepartum_bleeding"
"Antepartum_bleeding","Endometriosis (Rahmioglu)","Nk0xbD","Antepartum_bleeding",NA,"rs1451383","0.081",0.085,"0.343","Antepartum_bleeding"
"Antepartum_bleeding","Endometriosis (Rahmioglu)","Nk0xbD","Antepartum_bleeding",NA,"rs17053711","0.052",0.09,"0.566","Antepartum_bleeding"
"Antepartum_bleeding","Endometriosis (Rahmioglu)","Nk0xbD","Antepartum_bleeding",NA,"rs1903068","0.069",0.091,"0.447","Antepartum_bleeding"
"Antepartum_bleeding","Endometriosis (Rahmioglu)","Nk0xbD","Antepartum_bleeding",NA,"rs1971256","0.053",0.091,"0.558","Antepartum_bleeding"
"Antepartum_bleeding","Endometriosis (Rahmioglu)","Nk0xbD","Antepartum_bleeding",NA,"rs2036754","0.052",0.09,"0.563","Antepartum_bleeding"
"Antepartum_bleeding","Endometriosis (Rahmioglu)","Nk0xbD","Antepartum_bleeding",NA,"rs2226158","0.049",0.09,"0.59","Antepartum_bleeding"
"Antepartum_bleeding","Endometriosis (Rahmioglu)","Nk0xbD","Antepartum_bleeding",NA,"rs2421985","0.055",0.091,"0.545","Antepartum_bleeding"
"Antepartum_bleeding","Endometriosis (Rahmioglu)","Nk0xbD","Antepartum_bleeding",NA,"rs2510770","0.039",0.089,"0.658","Antepartum_bleeding"
"Antepartum_bleeding","Endometriosis (Rahmioglu)","Nk0xbD","Antepartum_bleeding",NA,"rs2946160","0.051",0.09,"0.576","Antepartum_bleeding"
"Antepartum_bleeding","Endometriosis (Rahmioglu)","Nk0xbD","Antepartum_bleeding",NA,"rs2967684","0.039",0.088,"0.661","Antepartum_bleeding"
"Antepartum_bleeding","Endometriosis (Rahmioglu)","Nk0xbD","Antepartum_bleeding",NA,"rs3803042","0.052",0.09,"0.564","Antepartum_bleeding"
"Antepartum_bleeding","Endometriosis (Rahmioglu)","Nk0xbD","Antepartum_bleeding",NA,"rs3858429","0.045",0.093,"0.629","Antepartum_bleeding"
"Antepartum_bleeding","Endometriosis (Rahmioglu)","Nk0xbD","Antepartum_bleeding",NA,"rs4540228","0.051",0.091,"0.57","Antepartum_bleeding"
"Antepartum_bleeding","Endometriosis (Rahmioglu)","Nk0xbD","Antepartum_bleeding",NA,"rs55909142","0.065",0.089,"0.464","Antepartum_bleeding"
"Antepartum_bleeding","Endometriosis (Rahmioglu)","Nk0xbD","Antepartum_bleeding",NA,"rs56090796","0.075",0.086,"0.384","Antepartum_bleeding"
"Antepartum_bleeding","Endometriosis (Rahmioglu)","Nk0xbD","Antepartum_bleeding",NA,"rs57281976","0.05",0.091,"0.577","Antepartum_bleeding"
"Antepartum_bleeding","Endometriosis (Rahmioglu)","Nk0xbD","Antepartum_bleeding",NA,"rs6435157","0.048",0.09,"0.593","Antepartum_bleeding"
"Antepartum_bleeding","Endometriosis (Rahmioglu)","Nk0xbD","Antepartum_bleeding",NA,"rs6456259","0.026",0.088,"0.764","Antepartum_bleeding"
"Antepartum_bleeding","Endometriosis (Rahmioglu)","Nk0xbD","Antepartum_bleeding",NA,"rs66683298","0.053",0.091,"0.557","Antepartum_bleeding"
"Antepartum_bleeding","Endometriosis (Rahmioglu)","Nk0xbD","Antepartum_bleeding",NA,"rs71575922","0.02",0.09,"0.822","Antepartum_bleeding"
"Antepartum_bleeding","Endometriosis (Rahmioglu)","Nk0xbD","Antepartum_bleeding",NA,"rs7214750","0.066",0.089,"0.461","Antepartum_bleeding"
"Antepartum_bleeding","Endometriosis (Rahmioglu)","Nk0xbD","Antepartum_bleeding",NA,"rs7334326","0.048",0.09,"0.594","Antepartum_bleeding"
"Antepartum_bleeding","Endometriosis (Rahmioglu)","Nk0xbD","Antepartum_bleeding",NA,"rs73633307","0.054",0.091,"0.552","Antepartum_bleeding"
"Antepartum_bleeding","Endometriosis (Rahmioglu)","Nk0xbD","Antepartum_bleeding",NA,"rs7907732","0.068",0.089,"0.445","Antepartum_bleeding"
"Antepartum_bleeding","Endometriosis (Rahmioglu)","Nk0xbD","Antepartum_bleeding",NA,"rs7924571","0.038",0.089,"0.668","Antepartum_bleeding"
"Antepartum_bleeding","Endometriosis (Rahmioglu)","Nk0xbD","Antepartum_bleeding",NA,"All","0.053",0.089,"0.549","Antepartum_bleeding"
"apgar1","Endometriosis (Rahmioglu)","Nk0xbD","apgar1",86709,"rs10090060","-0.052",0.024,"0.031","Apgar score at 1 min"
"apgar1","Endometriosis (Rahmioglu)","Nk0xbD","apgar1",86709,"rs10122243","-0.053",0.024,"0.028","Apgar score at 1 min"
"apgar1","Endometriosis (Rahmioglu)","Nk0xbD","apgar1",86709,"rs10860864","-0.048",0.024,"0.044","Apgar score at 1 min"
"apgar1","Endometriosis (Rahmioglu)","Nk0xbD","apgar1",86709,"rs10917151","-0.038",0.024,"0.123","Apgar score at 1 min"
"apgar1","Endometriosis (Rahmioglu)","Nk0xbD","apgar1",86709,"rs10983311","-0.053",0.024,"0.025","Apgar score at 1 min"
"apgar1","Endometriosis (Rahmioglu)","Nk0xbD","apgar1",86709,"rs11674184","-0.066",0.022,"0.003","Apgar score at 1 min"
"apgar1","Endometriosis (Rahmioglu)","Nk0xbD","apgar1",86709,"rs11756073","-0.049",0.024,"0.041","Apgar score at 1 min"
"apgar1","Endometriosis (Rahmioglu)","Nk0xbD","apgar1",86709,"rs1430787","-0.051",0.024,"0.034","Apgar score at 1 min"
"apgar1","Endometriosis (Rahmioglu)","Nk0xbD","apgar1",86709,"rs1451383","-0.056",0.024,"0.019","Apgar score at 1 min"
"apgar1","Endometriosis (Rahmioglu)","Nk0xbD","apgar1",86709,"rs17053711","-0.049",0.024,"0.04","Apgar score at 1 min"
"apgar1","Endometriosis (Rahmioglu)","Nk0xbD","apgar1",86709,"rs1903068","-0.05",0.025,"0.042","Apgar score at 1 min"
"apgar1","Endometriosis (Rahmioglu)","Nk0xbD","apgar1",86709,"rs2036754","-0.048",0.024,"0.042","Apgar score at 1 min"
"apgar1","Endometriosis (Rahmioglu)","Nk0xbD","apgar1",86709,"rs2226158","-0.052",0.024,"0.031","Apgar score at 1 min"
"apgar1","Endometriosis (Rahmioglu)","Nk0xbD","apgar1",86709,"rs2421985","-0.059",0.023,"0.01","Apgar score at 1 min"
"apgar1","Endometriosis (Rahmioglu)","Nk0xbD","apgar1",86709,"rs2510770","-0.052",0.024,"0.029","Apgar score at 1 min"
"apgar1","Endometriosis (Rahmioglu)","Nk0xbD","apgar1",86709,"rs2946160","-0.05",0.024,"0.036","Apgar score at 1 min"
"apgar1","Endometriosis (Rahmioglu)","Nk0xbD","apgar1",86709,"rs12030576","-0.05",0.024,"0.04","Apgar score at 1 min"
"apgar1","Endometriosis (Rahmioglu)","Nk0xbD","apgar1",86709,"rs12441483","-0.049",0.024,"0.043","Apgar score at 1 min"
"apgar1","Endometriosis (Rahmioglu)","Nk0xbD","apgar1",86709,"rs12549438","-0.051",0.024,"0.034","Apgar score at 1 min"
"apgar1","Endometriosis (Rahmioglu)","Nk0xbD","apgar1",86709,"rs1352889","-0.044",0.022,"0.046","Apgar score at 1 min"
"apgar1","Endometriosis (Rahmioglu)","Nk0xbD","apgar1",86709,"rs56090796","-0.05",0.024,"0.038","Apgar score at 1 min"
"apgar1","Endometriosis (Rahmioglu)","Nk0xbD","apgar1",86709,"rs57281976","-0.055",0.024,"0.022","Apgar score at 1 min"
"apgar1","Endometriosis (Rahmioglu)","Nk0xbD","apgar1",86709,"rs6435157","-0.052",0.024,"0.031","Apgar score at 1 min"
"apgar1","Endometriosis (Rahmioglu)","Nk0xbD","apgar1",86709,"rs6456259","-0.055",0.024,"0.023","Apgar score at 1 min"
"apgar1","Endometriosis (Rahmioglu)","Nk0xbD","apgar1",86709,"rs66683298","-0.048",0.024,"0.043","Apgar score at 1 min"
"apgar1","Endometriosis (Rahmioglu)","Nk0xbD","apgar1",86709,"rs71575922","-0.038",0.024,"0.104","Apgar score at 1 min"
"apgar1","Endometriosis (Rahmioglu)","Nk0xbD","apgar1",86709,"rs7214750","-0.054",0.024,"0.026","Apgar score at 1 min"
"apgar1","Endometriosis (Rahmioglu)","Nk0xbD","apgar1",86709,"rs7334326","-0.053",0.024,"0.025","Apgar score at 1 min"
"apgar1","Endometriosis (Rahmioglu)","Nk0xbD","apgar1",86709,"rs7907732","-0.058",0.023,"0.011","Apgar score at 1 min"
"apgar1","Endometriosis (Rahmioglu)","Nk0xbD","apgar1",86709,"rs3803042","-0.054",0.024,"0.024","Apgar score at 1 min"
"apgar1","Endometriosis (Rahmioglu)","Nk0xbD","apgar1",86709,"rs4540228","-0.051",0.024,"0.035","Apgar score at 1 min"
"apgar1","Endometriosis (Rahmioglu)","Nk0xbD","apgar1",86709,"rs507666","-0.051",0.024,"0.035","Apgar score at 1 min"
"apgar1","Endometriosis (Rahmioglu)","Nk0xbD","apgar1",86709,"rs55909142","-0.051",0.024,"0.033","Apgar score at 1 min"
"apgar1","Endometriosis (Rahmioglu)","Nk0xbD","apgar1",86709,"All","-0.051",0.024,"0.029","Apgar score at 1 min"
"apgar1","Endometriosis (Rahmioglu)","Nk0xbD","apgar1",86709,"rs7924571","-0.05",0.024,"0.039","Apgar score at 1 min"
"apgar5","Endometriosis (Rahmioglu)","Nk0xbD","apgar5",86705,"rs10860864","-0.014",0.016,"0.402","Apgar score at 5 min"
"apgar5","Endometriosis (Rahmioglu)","Nk0xbD","apgar5",86705,"rs10917151","-0.011",0.017,"0.533","Apgar score at 5 min"
"apgar5","Endometriosis (Rahmioglu)","Nk0xbD","apgar5",86705,"rs10122243","-0.013",0.016,"0.425","Apgar score at 5 min"
"apgar5","Endometriosis (Rahmioglu)","Nk0xbD","apgar5",86705,"rs11756073","-0.013",0.016,"0.415","Apgar score at 5 min"
"apgar5","Endometriosis (Rahmioglu)","Nk0xbD","apgar5",86705,"rs12030576","-0.014",0.016,"0.395","Apgar score at 5 min"
"apgar5","Endometriosis (Rahmioglu)","Nk0xbD","apgar5",86705,"rs10983311","-0.017",0.016,"0.301","Apgar score at 5 min"
"apgar5","Endometriosis (Rahmioglu)","Nk0xbD","apgar5",86705,"rs11674184","-0.024",0.015,"0.123","Apgar score at 5 min"
"apgar5","Endometriosis (Rahmioglu)","Nk0xbD","apgar5",86705,"rs1352889","-0.01",0.015,"0.518","Apgar score at 5 min"
"apgar5","Endometriosis (Rahmioglu)","Nk0xbD","apgar5",86705,"rs1430787","-0.014",0.016,"0.386","Apgar score at 5 min"
"apgar5","Endometriosis (Rahmioglu)","Nk0xbD","apgar5",86705,"rs12441483","-0.013",0.016,"0.437","Apgar score at 5 min"
"apgar5","Endometriosis (Rahmioglu)","Nk0xbD","apgar5",86705,"rs12549438","-0.012",0.016,"0.468","Apgar score at 5 min"
"apgar5","Endometriosis (Rahmioglu)","Nk0xbD","apgar5",86705,"rs1903068","-0.012",0.017,"0.477","Apgar score at 5 min"
"apgar5","Endometriosis (Rahmioglu)","Nk0xbD","apgar5",86705,"rs2036754","-0.013",0.016,"0.429","Apgar score at 5 min"
"apgar5","Endometriosis (Rahmioglu)","Nk0xbD","apgar5",86705,"rs2226158","-0.015",0.016,"0.369","Apgar score at 5 min"
"apgar5","Endometriosis (Rahmioglu)","Nk0xbD","apgar5",86705,"rs2421985","-0.018",0.016,"0.25","Apgar score at 5 min"
"apgar5","Endometriosis (Rahmioglu)","Nk0xbD","apgar5",86705,"rs2510770","-0.012",0.016,"0.441","Apgar score at 5 min"
"apgar5","Endometriosis (Rahmioglu)","Nk0xbD","apgar5",86705,"rs2946160","-0.013",0.016,"0.425","Apgar score at 5 min"
"apgar5","Endometriosis (Rahmioglu)","Nk0xbD","apgar5",86705,"rs3803042","-0.017",0.016,"0.273","Apgar score at 5 min"
"apgar5","Endometriosis (Rahmioglu)","Nk0xbD","apgar5",86705,"rs4540228","-0.014",0.016,"0.404","Apgar score at 5 min"
"apgar5","Endometriosis (Rahmioglu)","Nk0xbD","apgar5",86705,"rs507666","-0.015",0.016,"0.346","Apgar score at 5 min"
"apgar5","Endometriosis (Rahmioglu)","Nk0xbD","apgar5",86705,"rs55909142","-0.016",0.016,"0.319","Apgar score at 5 min"
"apgar5","Endometriosis (Rahmioglu)","Nk0xbD","apgar5",86705,"rs56090796","-0.015",0.016,"0.348","Apgar score at 5 min"
"apgar5","Endometriosis (Rahmioglu)","Nk0xbD","apgar5",86705,"rs1451383","-0.019",0.015,"0.212","Apgar score at 5 min"
"apgar5","Endometriosis (Rahmioglu)","Nk0xbD","apgar5",86705,"rs17053711","-0.014",0.016,"0.392","Apgar score at 5 min"
"apgar5","Endometriosis (Rahmioglu)","Nk0xbD","apgar5",86705,"rs6456259","-0.013",0.016,"0.439","Apgar score at 5 min"
"apgar5","Endometriosis (Rahmioglu)","Nk0xbD","apgar5",86705,"rs66683298","-0.012",0.016,"0.44","Apgar score at 5 min"
"apgar5","Endometriosis (Rahmioglu)","Nk0xbD","apgar5",86705,"rs71575922","-0.012",0.017,"0.488","Apgar score at 5 min"
"apgar5","Endometriosis (Rahmioglu)","Nk0xbD","apgar5",86705,"rs7214750","-0.016",0.016,"0.319","Apgar score at 5 min"
"apgar5","Endometriosis (Rahmioglu)","Nk0xbD","apgar5",86705,"rs7334326","-0.015",0.016,"0.371","Apgar score at 5 min"
"apgar5","Endometriosis (Rahmioglu)","Nk0xbD","apgar5",86705,"rs7907732","-0.02",0.015,"0.17","Apgar score at 5 min"
"apgar5","Endometriosis (Rahmioglu)","Nk0xbD","apgar5",86705,"rs7924571","-0.013",0.016,"0.426","Apgar score at 5 min"
"apgar5","Endometriosis (Rahmioglu)","Nk0xbD","apgar5",86705,"All","-0.014",0.016,"0.362","Apgar score at 5 min"
"apgar5","Endometriosis (Rahmioglu)","Nk0xbD","apgar5",86705,"rs6435157","-0.014",0.016,"0.397","Apgar score at 5 min"
"apgar5","Endometriosis (Rahmioglu)","Nk0xbD","apgar5",86705,"rs10090060","-0.016",0.016,"0.326","Apgar score at 5 min"
"apgar5","Endometriosis (Rahmioglu)","Nk0xbD","apgar5",86705,"rs57281976","-0.016",0.016,"0.334","Apgar score at 5 min"
"bf_dur_4c","Endometriosis (Rahmioglu)","Nk0xbD","bf_dur_4c",82375,"rs10860864","-0.015",0.019,"0.443","Breastfeeding ≥4 months"
"bf_dur_4c","Endometriosis (Rahmioglu)","Nk0xbD","bf_dur_4c",82375,"rs10090060","-0.009",0.018,"0.641","Breastfeeding ≥4 months"
"bf_dur_4c","Endometriosis (Rahmioglu)","Nk0xbD","bf_dur_4c",82375,"rs10122243","-0.017",0.019,"0.372","Breastfeeding ≥4 months"
"bf_dur_4c","Endometriosis (Rahmioglu)","Nk0xbD","bf_dur_4c",82375,"rs11756073","-0.014",0.019,"0.463","Breastfeeding ≥4 months"
"bf_dur_4c","Endometriosis (Rahmioglu)","Nk0xbD","bf_dur_4c",82375,"rs12030576","-0.011",0.019,"0.572","Breastfeeding ≥4 months"
"bf_dur_4c","Endometriosis (Rahmioglu)","Nk0xbD","bf_dur_4c",82375,"rs12441483","-0.017",0.019,"0.355","Breastfeeding ≥4 months"
"bf_dur_4c","Endometriosis (Rahmioglu)","Nk0xbD","bf_dur_4c",82375,"rs12549438","-0.01",0.018,"0.584","Breastfeeding ≥4 months"
"bf_dur_4c","Endometriosis (Rahmioglu)","Nk0xbD","bf_dur_4c",82375,"rs1352889","-0.009",0.018,"0.624","Breastfeeding ≥4 months"
"bf_dur_4c","Endometriosis (Rahmioglu)","Nk0xbD","bf_dur_4c",82375,"rs1430787","-0.016",0.019,"0.39","Breastfeeding ≥4 months"
"bf_dur_4c","Endometriosis (Rahmioglu)","Nk0xbD","bf_dur_4c",82375,"rs1451383","-0.015",0.019,"0.422","Breastfeeding ≥4 months"
"bf_dur_4c","Endometriosis (Rahmioglu)","Nk0xbD","bf_dur_4c",82375,"rs17053711","-0.016",0.019,"0.404","Breastfeeding ≥4 months"
"bf_dur_4c","Endometriosis (Rahmioglu)","Nk0xbD","bf_dur_4c",82375,"rs1903068","-0.009",0.019,"0.643","Breastfeeding ≥4 months"
"bf_dur_4c","Endometriosis (Rahmioglu)","Nk0xbD","bf_dur_4c",82375,"rs2036754","-0.012",0.019,"0.519","Breastfeeding ≥4 months"
"bf_dur_4c","Endometriosis (Rahmioglu)","Nk0xbD","bf_dur_4c",82375,"rs2226158","-0.013",0.019,"0.48","Breastfeeding ≥4 months"
"bf_dur_4c","Endometriosis (Rahmioglu)","Nk0xbD","bf_dur_4c",82375,"rs2421985","-0.017",0.019,"0.363","Breastfeeding ≥4 months"
"bf_dur_4c","Endometriosis (Rahmioglu)","Nk0xbD","bf_dur_4c",82375,"rs2510770","-0.011",0.019,"0.554","Breastfeeding ≥4 months"
"bf_dur_4c","Endometriosis (Rahmioglu)","Nk0xbD","bf_dur_4c",82375,"rs2946160","-0.013",0.019,"0.478","Breastfeeding ≥4 months"
"bf_dur_4c","Endometriosis (Rahmioglu)","Nk0xbD","bf_dur_4c",82375,"rs3803042","-0.017",0.018,"0.345","Breastfeeding ≥4 months"
"bf_dur_4c","Endometriosis (Rahmioglu)","Nk0xbD","bf_dur_4c",82375,"rs4540228","-0.014",0.019,"0.446","Breastfeeding ≥4 months"
"bf_dur_4c","Endometriosis (Rahmioglu)","Nk0xbD","bf_dur_4c",82375,"rs507666","-0.016",0.019,"0.384","Breastfeeding ≥4 months"
"bf_dur_4c","Endometriosis (Rahmioglu)","Nk0xbD","bf_dur_4c",82375,"rs55909142","-0.016",0.019,"0.401","Breastfeeding ≥4 months"
"bf_dur_4c","Endometriosis (Rahmioglu)","Nk0xbD","bf_dur_4c",82375,"rs56090796","-0.009",0.018,"0.624","Breastfeeding ≥4 months"
"bf_dur_4c","Endometriosis (Rahmioglu)","Nk0xbD","bf_dur_4c",82375,"rs57281976","-0.016",0.019,"0.39","Breastfeeding ≥4 months"
"bf_dur_4c","Endometriosis (Rahmioglu)","Nk0xbD","bf_dur_4c",82375,"rs6435157","-0.011",0.019,"0.548","Breastfeeding ≥4 months"
"bf_dur_4c","Endometriosis (Rahmioglu)","Nk0xbD","bf_dur_4c",82375,"rs6456259","-0.008",0.018,"0.658","Breastfeeding ≥4 months"
"bf_dur_4c","Endometriosis (Rahmioglu)","Nk0xbD","bf_dur_4c",82375,"rs66683298","-0.013",0.019,"0.478","Breastfeeding ≥4 months"
"bf_dur_4c","Endometriosis (Rahmioglu)","Nk0xbD","bf_dur_4c",82375,"rs71575922","-0.015",0.02,"0.455","Breastfeeding ≥4 months"
"bf_dur_4c","Endometriosis (Rahmioglu)","Nk0xbD","bf_dur_4c",82375,"rs7214750","-0.016",0.019,"0.404","Breastfeeding ≥4 months"
"bf_dur_4c","Endometriosis (Rahmioglu)","Nk0xbD","bf_dur_4c",82375,"rs7334326","-0.01",0.018,"0.58","Breastfeeding ≥4 months"
"bf_dur_4c","Endometriosis (Rahmioglu)","Nk0xbD","bf_dur_4c",82375,"rs7907732","-0.012",0.019,"0.531","Breastfeeding ≥4 months"
"bf_dur_4c","Endometriosis (Rahmioglu)","Nk0xbD","bf_dur_4c",82375,"rs7924571","-0.012",0.019,"0.513","Breastfeeding ≥4 months"
"bf_dur_4c","Endometriosis (Rahmioglu)","Nk0xbD","bf_dur_4c",82375,"All","-0.014",0.018,"0.46","Breastfeeding ≥4 months"
"bf_dur_4c","Endometriosis (Rahmioglu)","Nk0xbD","bf_dur_4c",82375,"rs10917151","-0.024",0.019,"0.2","Breastfeeding ≥4 months"
"bf_dur_4c","Endometriosis (Rahmioglu)","Nk0xbD","bf_dur_4c",82375,"rs10983311","-0.015",0.019,"0.421","Breastfeeding ≥4 months"
"bf_dur_4c","Endometriosis (Rahmioglu)","Nk0xbD","bf_dur_4c",82375,"rs11674184","-0.016",0.019,"0.41","Breastfeeding ≥4 months"
"bf_est","Endometriosis (Rahmioglu)","Nk0xbD","bf_est",81300,"rs10917151","-0.038",0.046,"0.409","Exclusive breastfeeding"
"bf_est","Endometriosis (Rahmioglu)","Nk0xbD","bf_est",81300,"rs10090060","-0.006",0.045,"0.901","Exclusive breastfeeding"
"bf_est","Endometriosis (Rahmioglu)","Nk0xbD","bf_est",81300,"rs10122243","-0.02",0.046,"0.656","Exclusive breastfeeding"
"bf_est","Endometriosis (Rahmioglu)","Nk0xbD","bf_est",81300,"rs10860864","-0.017",0.045,"0.712","Exclusive breastfeeding"
"bf_est","Endometriosis (Rahmioglu)","Nk0xbD","bf_est",81300,"rs12030576","-0.011",0.045,"0.817","Exclusive breastfeeding"
"bf_est","Endometriosis (Rahmioglu)","Nk0xbD","bf_est",81300,"rs10983311","-0.017",0.045,"0.711","Exclusive breastfeeding"
"bf_est","Endometriosis (Rahmioglu)","Nk0xbD","bf_est",81300,"rs11674184","-0.017",0.047,"0.71","Exclusive breastfeeding"
"bf_est","Endometriosis (Rahmioglu)","Nk0xbD","bf_est",81300,"rs11756073","-0.016",0.045,"0.727","Exclusive breastfeeding"
"bf_est","Endometriosis (Rahmioglu)","Nk0xbD","bf_est",81300,"rs1430787","-0.022",0.045,"0.618","Exclusive breastfeeding"
"bf_est","Endometriosis (Rahmioglu)","Nk0xbD","bf_est",81300,"rs1451383","-0.021",0.045,"0.634","Exclusive breastfeeding"
"bf_est","Endometriosis (Rahmioglu)","Nk0xbD","bf_est",81300,"rs17053711","-0.022",0.045,"0.62","Exclusive breastfeeding"
"bf_est","Endometriosis (Rahmioglu)","Nk0xbD","bf_est",81300,"rs1903068","-0.001",0.045,"0.977","Exclusive breastfeeding"
"bf_est","Endometriosis (Rahmioglu)","Nk0xbD","bf_est",81300,"rs2036754","-0.009",0.045,"0.839","Exclusive breastfeeding"
"bf_est","Endometriosis (Rahmioglu)","Nk0xbD","bf_est",81300,"rs2226158","-0.014",0.045,"0.762","Exclusive breastfeeding"
"bf_est","Endometriosis (Rahmioglu)","Nk0xbD","bf_est",81300,"rs2421985","-0.021",0.045,"0.643","Exclusive breastfeeding"
"bf_est","Endometriosis (Rahmioglu)","Nk0xbD","bf_est",81300,"rs2510770","-0.008",0.044,"0.853","Exclusive breastfeeding"
"bf_est","Endometriosis (Rahmioglu)","Nk0xbD","bf_est",81300,"rs2946160","-0.015",0.045,"0.742","Exclusive breastfeeding"
"bf_est","Endometriosis (Rahmioglu)","Nk0xbD","bf_est",81300,"rs3803042","-0.024",0.044,"0.582","Exclusive breastfeeding"
"bf_est","Endometriosis (Rahmioglu)","Nk0xbD","bf_est",81300,"rs4540228","-0.026",0.044,"0.552","Exclusive breastfeeding"
"bf_est","Endometriosis (Rahmioglu)","Nk0xbD","bf_est",81300,"rs507666","-0.023",0.044,"0.612","Exclusive breastfeeding"
"bf_est","Endometriosis (Rahmioglu)","Nk0xbD","bf_est",81300,"rs55909142","-0.02",0.045,"0.654","Exclusive breastfeeding"
"bf_est","Endometriosis (Rahmioglu)","Nk0xbD","bf_est",81300,"rs56090796","-0.001",0.042,"0.975","Exclusive breastfeeding"
"bf_est","Endometriosis (Rahmioglu)","Nk0xbD","bf_est",81300,"rs57281976","-0.022",0.045,"0.621","Exclusive breastfeeding"
"bf_est","Endometriosis (Rahmioglu)","Nk0xbD","bf_est",81300,"rs6435157","-0.01",0.045,"0.828","Exclusive breastfeeding"
"bf_est","Endometriosis (Rahmioglu)","Nk0xbD","bf_est",81300,"rs6456259","-0.01",0.046,"0.834","Exclusive breastfeeding"
"bf_est","Endometriosis (Rahmioglu)","Nk0xbD","bf_est",81300,"rs71575922","-0.011",0.047,"0.812","Exclusive breastfeeding"
"bf_est","Endometriosis (Rahmioglu)","Nk0xbD","bf_est",81300,"rs7214750","-0.021",0.045,"0.64","Exclusive breastfeeding"
"bf_est","Endometriosis (Rahmioglu)","Nk0xbD","bf_est",81300,"rs7334326","-0.007",0.044,"0.866","Exclusive breastfeeding"
"bf_est","Endometriosis (Rahmioglu)","Nk0xbD","bf_est",81300,"rs7907732","-0.012",0.045,"0.787","Exclusive breastfeeding"
"bf_est","Endometriosis (Rahmioglu)","Nk0xbD","bf_est",81300,"rs7924571","-0.013",0.045,"0.78","Exclusive breastfeeding"
"bf_est","Endometriosis (Rahmioglu)","Nk0xbD","bf_est",81300,"All","-0.015",0.044,"0.726","Exclusive breastfeeding"
"bf_est","Endometriosis (Rahmioglu)","Nk0xbD","bf_est",81300,"rs1352889","-0.005",0.043,"0.908","Exclusive breastfeeding"
"bf_est","Endometriosis (Rahmioglu)","Nk0xbD","bf_est",81300,"rs12441483","-0.022",0.045,"0.625","Exclusive breastfeeding"
"bf_est","Endometriosis (Rahmioglu)","Nk0xbD","bf_est",81300,"rs12549438","-0.01",0.045,"0.83","Exclusive breastfeeding"
"bf_ini","Endometriosis (Rahmioglu)","Nk0xbD","bf_ini",84710,"rs10917151","-0.052",0.051,"0.312","Breastfeeding initiation"
"bf_ini","Endometriosis (Rahmioglu)","Nk0xbD","bf_ini",84710,"rs10090060","-0.006",0.05,"0.906","Breastfeeding initiation"
"bf_ini","Endometriosis (Rahmioglu)","Nk0xbD","bf_ini",84710,"rs11674184","-0.021",0.053,"0.695","Breastfeeding initiation"
"bf_ini","Endometriosis (Rahmioglu)","Nk0xbD","bf_ini",84710,"rs11756073","-0.022",0.051,"0.663","Breastfeeding initiation"
"bf_ini","Endometriosis (Rahmioglu)","Nk0xbD","bf_ini",84710,"rs12030576","-0.012",0.051,"0.815","Breastfeeding initiation"
"bf_ini","Endometriosis (Rahmioglu)","Nk0xbD","bf_ini",84710,"rs12441483","-0.032",0.05,"0.514","Breastfeeding initiation"
"bf_ini","Endometriosis (Rahmioglu)","Nk0xbD","bf_ini",84710,"rs12549438","-0.007",0.049,"0.893","Breastfeeding initiation"
"bf_ini","Endometriosis (Rahmioglu)","Nk0xbD","bf_ini",84710,"rs1352889","-0.007",0.049,"0.881","Breastfeeding initiation"
"bf_ini","Endometriosis (Rahmioglu)","Nk0xbD","bf_ini",84710,"rs1430787","-0.026",0.05,"0.607","Breastfeeding initiation"
"bf_ini","Endometriosis (Rahmioglu)","Nk0xbD","bf_ini",84710,"rs1451383","-0.024",0.051,"0.634","Breastfeeding initiation"
"bf_ini","Endometriosis (Rahmioglu)","Nk0xbD","bf_ini",84710,"rs17053711","-0.026",0.05,"0.599","Breastfeeding initiation"
"bf_ini","Endometriosis (Rahmioglu)","Nk0xbD","bf_ini",84710,"rs10122243","-0.025",0.052,"0.625","Breastfeeding initiation"
"bf_ini","Endometriosis (Rahmioglu)","Nk0xbD","bf_ini",84710,"rs10860864","-0.024",0.051,"0.641","Breastfeeding initiation"
"bf_ini","Endometriosis (Rahmioglu)","Nk0xbD","bf_ini",84710,"rs2036754","-0.015",0.051,"0.771","Breastfeeding initiation"
"bf_ini","Endometriosis (Rahmioglu)","Nk0xbD","bf_ini",84710,"rs10983311","-0.02",0.051,"0.7","Breastfeeding initiation"
"bf_ini","Endometriosis (Rahmioglu)","Nk0xbD","bf_ini",84710,"rs2421985","-0.033",0.05,"0.51","Breastfeeding initiation"
"bf_ini","Endometriosis (Rahmioglu)","Nk0xbD","bf_ini",84710,"rs2510770","-0.011",0.05,"0.833","Breastfeeding initiation"
"bf_ini","Endometriosis (Rahmioglu)","Nk0xbD","bf_ini",84710,"rs2946160","-0.02",0.051,"0.692","Breastfeeding initiation"
"bf_ini","Endometriosis (Rahmioglu)","Nk0xbD","bf_ini",84710,"rs3803042","-0.019",0.051,"0.716","Breastfeeding initiation"
"bf_ini","Endometriosis (Rahmioglu)","Nk0xbD","bf_ini",84710,"rs4540228","-0.018",0.051,"0.723","Breastfeeding initiation"
"bf_ini","Endometriosis (Rahmioglu)","Nk0xbD","bf_ini",84710,"rs507666","-0.028",0.05,"0.576","Breastfeeding initiation"
"bf_ini","Endometriosis (Rahmioglu)","Nk0xbD","bf_ini",84710,"rs55909142","-0.021",0.051,"0.68","Breastfeeding initiation"
"bf_ini","Endometriosis (Rahmioglu)","Nk0xbD","bf_ini",84710,"rs56090796","-0.007",0.049,"0.892","Breastfeeding initiation"
"bf_ini","Endometriosis (Rahmioglu)","Nk0xbD","bf_ini",84710,"rs57281976","-0.023",0.051,"0.655","Breastfeeding initiation"
"bf_ini","Endometriosis (Rahmioglu)","Nk0xbD","bf_ini",84710,"rs6435157","-0.014",0.051,"0.783","Breastfeeding initiation"
"bf_ini","Endometriosis (Rahmioglu)","Nk0xbD","bf_ini",84710,"rs6456259","-0.007",0.051,"0.888","Breastfeeding initiation"
"bf_ini","Endometriosis (Rahmioglu)","Nk0xbD","bf_ini",84710,"rs71575922","-0.018",0.053,"0.737","Breastfeeding initiation"
"bf_ini","Endometriosis (Rahmioglu)","Nk0xbD","bf_ini",84710,"rs7214750","-0.017",0.051,"0.74","Breastfeeding initiation"
"bf_ini","Endometriosis (Rahmioglu)","Nk0xbD","bf_ini",84710,"rs7334326","-0.015",0.051,"0.771","Breastfeeding initiation"
"bf_ini","Endometriosis (Rahmioglu)","Nk0xbD","bf_ini",84710,"rs7907732","-0.022",0.051,"0.673","Breastfeeding initiation"
"bf_ini","Endometriosis (Rahmioglu)","Nk0xbD","bf_ini",84710,"rs7924571","-0.014",0.051,"0.781","Breastfeeding initiation"
"bf_ini","Endometriosis (Rahmioglu)","Nk0xbD","bf_ini",84710,"All","-0.019",0.05,"0.709","Breastfeeding initiation"
"bf_ini","Endometriosis (Rahmioglu)","Nk0xbD","bf_ini",84710,"rs2226158","-0.02",0.051,"0.697","Breastfeeding initiation"
"bf_ini","Endometriosis (Rahmioglu)","Nk0xbD","bf_ini",84710,"rs1903068","0.007",0.049,"0.888","Breastfeeding initiation"
"bf_sus","Endometriosis (Rahmioglu)","Nk0xbD","bf_sus",65221,"rs10090060","-0.015",0.045,"0.747","Breastfeeding cessation"
"bf_sus","Endometriosis (Rahmioglu)","Nk0xbD","bf_sus",65221,"rs10860864","-0.017",0.045,"0.71","Breastfeeding cessation"
"bf_sus","Endometriosis (Rahmioglu)","Nk0xbD","bf_sus",65221,"rs10983311","-0.035",0.045,"0.44","Breastfeeding cessation"
"bf_sus","Endometriosis (Rahmioglu)","Nk0xbD","bf_sus",65221,"rs10122243","-0.027",0.046,"0.547","Breastfeeding cessation"
"bf_sus","Endometriosis (Rahmioglu)","Nk0xbD","bf_sus",65221,"rs11756073","-0.021",0.045,"0.634","Breastfeeding cessation"
"bf_sus","Endometriosis (Rahmioglu)","Nk0xbD","bf_sus",65221,"rs10917151","-0.023",0.047,"0.621","Breastfeeding cessation"
"bf_sus","Endometriosis (Rahmioglu)","Nk0xbD","bf_sus",65221,"rs12441483","-0.025",0.045,"0.583","Breastfeeding cessation"
"bf_sus","Endometriosis (Rahmioglu)","Nk0xbD","bf_sus",65221,"rs11674184","-0.035",0.046,"0.448","Breastfeeding cessation"
"bf_sus","Endometriosis (Rahmioglu)","Nk0xbD","bf_sus",65221,"rs1352889","-0.013",0.045,"0.781","Breastfeeding cessation"
"bf_sus","Endometriosis (Rahmioglu)","Nk0xbD","bf_sus",65221,"rs1430787","-0.021",0.045,"0.637","Breastfeeding cessation"
"bf_sus","Endometriosis (Rahmioglu)","Nk0xbD","bf_sus",65221,"rs1451383","-0.021",0.045,"0.65","Breastfeeding cessation"
"bf_sus","Endometriosis (Rahmioglu)","Nk0xbD","bf_sus",65221,"rs17053711","-0.025",0.045,"0.578","Breastfeeding cessation"
"bf_sus","Endometriosis (Rahmioglu)","Nk0xbD","bf_sus",65221,"rs1903068","-0.037",0.046,"0.427","Breastfeeding cessation"
"bf_sus","Endometriosis (Rahmioglu)","Nk0xbD","bf_sus",65221,"rs2036754","-0.021",0.045,"0.64","Breastfeeding cessation"
"bf_sus","Endometriosis (Rahmioglu)","Nk0xbD","bf_sus",65221,"rs2226158","-0.015",0.045,"0.743","Breastfeeding cessation"
"bf_sus","Endometriosis (Rahmioglu)","Nk0xbD","bf_sus",65221,"rs2421985","-0.026",0.045,"0.564","Breastfeeding cessation"
"bf_sus","Endometriosis (Rahmioglu)","Nk0xbD","bf_sus",65221,"rs2946160","-0.021",0.045,"0.644","Breastfeeding cessation"
"bf_sus","Endometriosis (Rahmioglu)","Nk0xbD","bf_sus",65221,"rs3803042","-0.033",0.045,"0.459","Breastfeeding cessation"
"bf_sus","Endometriosis (Rahmioglu)","Nk0xbD","bf_sus",65221,"rs12030576","-0.014",0.045,"0.765","Breastfeeding cessation"
"bf_sus","Endometriosis (Rahmioglu)","Nk0xbD","bf_sus",65221,"rs507666","-0.018",0.045,"0.695","Breastfeeding cessation"
"bf_sus","Endometriosis (Rahmioglu)","Nk0xbD","bf_sus",65221,"rs12549438","-0.022",0.045,"0.628","Breastfeeding cessation"
"bf_sus","Endometriosis (Rahmioglu)","Nk0xbD","bf_sus",65221,"rs56090796","-0.014",0.045,"0.748","Breastfeeding cessation"
"bf_sus","Endometriosis (Rahmioglu)","Nk0xbD","bf_sus",65221,"rs57281976","-0.03",0.045,"0.509","Breastfeeding cessation"
"bf_sus","Endometriosis (Rahmioglu)","Nk0xbD","bf_sus",65221,"rs6435157","-0.016",0.045,"0.729","Breastfeeding cessation"
"bf_sus","Endometriosis (Rahmioglu)","Nk0xbD","bf_sus",65221,"rs6456259","-0.017",0.045,"0.713","Breastfeeding cessation"
"bf_sus","Endometriosis (Rahmioglu)","Nk0xbD","bf_sus",65221,"rs66683298","-0.023",0.045,"0.616","Breastfeeding cessation"
"bf_sus","Endometriosis (Rahmioglu)","Nk0xbD","bf_sus",65221,"rs71575922","-0.012",0.047,"0.799","Breastfeeding cessation"
"bf_sus","Endometriosis (Rahmioglu)","Nk0xbD","bf_sus",65221,"rs7214750","-0.026",0.045,"0.565","Breastfeeding cessation"
"bf_sus","Endometriosis (Rahmioglu)","Nk0xbD","bf_sus",65221,"rs7334326","-0.013",0.045,"0.771","Breastfeeding cessation"
"bf_sus","Endometriosis (Rahmioglu)","Nk0xbD","bf_sus",65221,"rs7907732","-0.011",0.045,"0.805","Breastfeeding cessation"
"bf_sus","Endometriosis (Rahmioglu)","Nk0xbD","bf_sus",65221,"rs7924571","-0.02",0.045,"0.655","Breastfeeding cessation"
"bf_sus","Endometriosis (Rahmioglu)","Nk0xbD","bf_sus",65221,"All","-0.021",0.045,"0.632","Breastfeeding cessation"
"bf_sus","Endometriosis (Rahmioglu)","Nk0xbD","bf_sus",65221,"rs4540228","-0.018",0.045,"0.687","Breastfeeding cessation"
"bf_sus","Endometriosis (Rahmioglu)","Nk0xbD","bf_sus",65221,"rs55909142","-0.022",0.045,"0.62","Breastfeeding cessation"
"cs","Endometriosis (Rahmioglu)","Nk0xbD","cs",234011,"rs10122243","0.004",0.058,"0.948","Caesarean section (all)"
"cs","Endometriosis (Rahmioglu)","Nk0xbD","cs",234011,"rs10983311","-0.004",0.055,"0.948","Caesarean section (all)"
"cs","Endometriosis (Rahmioglu)","Nk0xbD","cs",234011,"rs11674184","0.009",0.059,"0.876","Caesarean section (all)"
"cs","Endometriosis (Rahmioglu)","Nk0xbD","cs",234011,"rs11756073","0.013",0.057,"0.813","Caesarean section (all)"
"cs","Endometriosis (Rahmioglu)","Nk0xbD","cs",234011,"rs12030576","0.012",0.058,"0.839","Caesarean section (all)"
"cs","Endometriosis (Rahmioglu)","Nk0xbD","cs",234011,"rs12441483","-4.76e-04",0.057,"0.993","Caesarean section (all)"
"cs","Endometriosis (Rahmioglu)","Nk0xbD","cs",234011,"rs12549438","0.016",0.057,"0.774","Caesarean section (all)"
"cs","Endometriosis (Rahmioglu)","Nk0xbD","cs",234011,"rs1352889","0.008",0.057,"0.894","Caesarean section (all)"
"cs","Endometriosis (Rahmioglu)","Nk0xbD","cs",234011,"rs1430787","1.97e-04",0.056,"0.997","Caesarean section (all)"
"cs","Endometriosis (Rahmioglu)","Nk0xbD","cs",234011,"rs1451383","0.034",0.052,"0.512","Caesarean section (all)"
"cs","Endometriosis (Rahmioglu)","Nk0xbD","cs",234011,"rs17053711","0.008",0.057,"0.891","Caesarean section (all)"
"cs","Endometriosis (Rahmioglu)","Nk0xbD","cs",234011,"rs10090060","0.038",0.052,"0.467","Caesarean section (all)"
"cs","Endometriosis (Rahmioglu)","Nk0xbD","cs",234011,"rs2036754","-4.07e-04",0.056,"0.994","Caesarean section (all)"
"cs","Endometriosis (Rahmioglu)","Nk0xbD","cs",234011,"rs10860864","-0.005",0.055,"0.927","Caesarean section (all)"
"cs","Endometriosis (Rahmioglu)","Nk0xbD","cs",234011,"rs2421985","0.011",0.058,"0.848","Caesarean section (all)"
"cs","Endometriosis (Rahmioglu)","Nk0xbD","cs",234011,"rs2510770","0.007",0.057,"0.896","Caesarean section (all)"
"cs","Endometriosis (Rahmioglu)","Nk0xbD","cs",234011,"rs2946160","-0.006",0.053,"0.914","Caesarean section (all)"
"cs","Endometriosis (Rahmioglu)","Nk0xbD","cs",234011,"rs3803042","0.008",0.057,"0.883","Caesarean section (all)"
"cs","Endometriosis (Rahmioglu)","Nk0xbD","cs",234011,"rs4540228","0.014",0.057,"0.809","Caesarean section (all)"
"cs","Endometriosis (Rahmioglu)","Nk0xbD","cs",234011,"rs55909142","0.011",0.057,"0.844","Caesarean section (all)"
"cs","Endometriosis (Rahmioglu)","Nk0xbD","cs",234011,"rs56090796","0.006",0.057,"0.91","Caesarean section (all)"
"cs","Endometriosis (Rahmioglu)","Nk0xbD","cs",234011,"rs57281976","0.012",0.058,"0.838","Caesarean section (all)"
"cs","Endometriosis (Rahmioglu)","Nk0xbD","cs",234011,"rs6435157","0.013",0.057,"0.819","Caesarean section (all)"
"cs","Endometriosis (Rahmioglu)","Nk0xbD","cs",234011,"rs6456259","0.014",0.058,"0.809","Caesarean section (all)"
"cs","Endometriosis (Rahmioglu)","Nk0xbD","cs",234011,"rs1903068","-1.29e-04",0.058,"0.998","Caesarean section (all)"
"cs","Endometriosis (Rahmioglu)","Nk0xbD","cs",234011,"rs7214750","0.008",0.058,"0.89","Caesarean section (all)"
"cs","Endometriosis (Rahmioglu)","Nk0xbD","cs",234011,"rs2226158","0.004",0.057,"0.949","Caesarean section (all)"
"cs","Endometriosis (Rahmioglu)","Nk0xbD","cs",234011,"rs7924571","0.021",0.056,"0.709","Caesarean section (all)"
"cs","Endometriosis (Rahmioglu)","Nk0xbD","cs",234011,"All","0.01",0.056,"0.859","Caesarean section (all)"
"cs","Endometriosis (Rahmioglu)","Nk0xbD","cs",234011,"rs7907732","0.009",0.058,"0.879","Caesarean section (all)"
"cs","Endometriosis (Rahmioglu)","Nk0xbD","cs",234011,"rs66683298","0.006",0.057,"0.917","Caesarean section (all)"
"cs","Endometriosis (Rahmioglu)","Nk0xbD","cs",234011,"rs71575922","0.035",0.058,"0.548","Caesarean section (all)"
"cs","Endometriosis (Rahmioglu)","Nk0xbD","cs",234011,"rs7334326","0.013",0.057,"0.816","Caesarean section (all)"
"depr_subsamp","Endometriosis (Rahmioglu)","Nk0xbD","depr_subsamp",97760,"rs10917151","0.031",0.044,"0.475","Postpartum depression (subsample)"
"depr_subsamp","Endometriosis (Rahmioglu)","Nk0xbD","depr_subsamp",97760,"rs10122243","0.029",0.042,"0.484","Postpartum depression (subsample)"
"depr_subsamp","Endometriosis (Rahmioglu)","Nk0xbD","depr_subsamp",97760,"rs10860864","0.024",0.042,"0.569","Postpartum depression (subsample)"
"depr_subsamp","Endometriosis (Rahmioglu)","Nk0xbD","depr_subsamp",97760,"rs12030576","0.016",0.041,"0.697","Postpartum depression (subsample)"
"depr_subsamp","Endometriosis (Rahmioglu)","Nk0xbD","depr_subsamp",97760,"rs10983311","0.034",0.041,"0.406","Postpartum depression (subsample)"
"depr_subsamp","Endometriosis (Rahmioglu)","Nk0xbD","depr_subsamp",97760,"rs11674184","0.026",0.042,"0.54","Postpartum depression (subsample)"
"depr_subsamp","Endometriosis (Rahmioglu)","Nk0xbD","depr_subsamp",97760,"rs11756073","0.036",0.041,"0.383","Postpartum depression (subsample)"
"depr_subsamp","Endometriosis (Rahmioglu)","Nk0xbD","depr_subsamp",97760,"rs1430787","0.018",0.041,"0.652","Postpartum depression (subsample)"
"depr_subsamp","Endometriosis (Rahmioglu)","Nk0xbD","depr_subsamp",97760,"rs12441483","0.027",0.042,"0.517","Postpartum depression (subsample)"
"depr_subsamp","Endometriosis (Rahmioglu)","Nk0xbD","depr_subsamp",97760,"rs10090060","0.025",0.042,"0.551","Postpartum depression (subsample)"
"depr_subsamp","Endometriosis (Rahmioglu)","Nk0xbD","depr_subsamp",97760,"rs1903068","0.019",0.042,"0.66","Postpartum depression (subsample)"
"depr_subsamp","Endometriosis (Rahmioglu)","Nk0xbD","depr_subsamp",97760,"rs2036754","0.031",0.041,"0.451","Postpartum depression (subsample)"
"depr_subsamp","Endometriosis (Rahmioglu)","Nk0xbD","depr_subsamp",97760,"rs2226158","0.026",0.042,"0.533","Postpartum depression (subsample)"
"depr_subsamp","Endometriosis (Rahmioglu)","Nk0xbD","depr_subsamp",97760,"rs2421985","0.021",0.042,"0.615","Postpartum depression (subsample)"
"depr_subsamp","Endometriosis (Rahmioglu)","Nk0xbD","depr_subsamp",97760,"rs2510770","0.028",0.042,"0.508","Postpartum depression (subsample)"
"depr_subsamp","Endometriosis (Rahmioglu)","Nk0xbD","depr_subsamp",97760,"rs2946160","0.03",0.041,"0.474","Postpartum depression (subsample)"
"depr_subsamp","Endometriosis (Rahmioglu)","Nk0xbD","depr_subsamp",97760,"rs3803042","0.023",0.042,"0.574","Postpartum depression (subsample)"
"depr_subsamp","Endometriosis (Rahmioglu)","Nk0xbD","depr_subsamp",97760,"rs4540228","0.029",0.042,"0.49","Postpartum depression (subsample)"
"depr_subsamp","Endometriosis (Rahmioglu)","Nk0xbD","depr_subsamp",97760,"rs12549438","0.023",0.042,"0.575","Postpartum depression (subsample)"
"depr_subsamp","Endometriosis (Rahmioglu)","Nk0xbD","depr_subsamp",97760,"rs1352889","0.02",0.041,"0.63","Postpartum depression (subsample)"
"depr_subsamp","Endometriosis (Rahmioglu)","Nk0xbD","depr_subsamp",97760,"rs56090796","0.025",0.042,"0.544","Postpartum depression (subsample)"
"depr_subsamp","Endometriosis (Rahmioglu)","Nk0xbD","depr_subsamp",97760,"rs1451383","0.033",0.041,"0.43","Postpartum depression (subsample)"
"depr_subsamp","Endometriosis (Rahmioglu)","Nk0xbD","depr_subsamp",97760,"rs17053711","0.033",0.041,"0.42","Postpartum depression (subsample)"
"depr_subsamp","Endometriosis (Rahmioglu)","Nk0xbD","depr_subsamp",97760,"rs6456259","0.004",0.041,"0.923","Postpartum depression (subsample)"
"depr_subsamp","Endometriosis (Rahmioglu)","Nk0xbD","depr_subsamp",97760,"rs66683298","0.027",0.042,"0.514","Postpartum depression (subsample)"
"depr_subsamp","Endometriosis (Rahmioglu)","Nk0xbD","depr_subsamp",97760,"rs71575922","0.047",0.042,"0.269","Postpartum depression (subsample)"
"depr_subsamp","Endometriosis (Rahmioglu)","Nk0xbD","depr_subsamp",97760,"rs7214750","0.035",0.041,"0.394","Postpartum depression (subsample)"
"depr_subsamp","Endometriosis (Rahmioglu)","Nk0xbD","depr_subsamp",97760,"rs7334326","0.015",0.041,"0.711","Postpartum depression (subsample)"
"depr_subsamp","Endometriosis (Rahmioglu)","Nk0xbD","depr_subsamp",97760,"rs7907732","0.02",0.041,"0.623","Postpartum depression (subsample)"
"depr_subsamp","Endometriosis (Rahmioglu)","Nk0xbD","depr_subsamp",97760,"rs7924571","0.029",0.042,"0.492","Postpartum depression (subsample)"
"depr_subsamp","Endometriosis (Rahmioglu)","Nk0xbD","depr_subsamp",97760,"All","0.026",0.041,"0.524","Postpartum depression (subsample)"
"depr_subsamp","Endometriosis (Rahmioglu)","Nk0xbD","depr_subsamp",97760,"rs507666","0.027",0.042,"0.514","Postpartum depression (subsample)"
"depr_subsamp","Endometriosis (Rahmioglu)","Nk0xbD","depr_subsamp",97760,"rs55909142","0.021",0.041,"0.615","Postpartum depression (subsample)"
"depr_subsamp","Endometriosis (Rahmioglu)","Nk0xbD","depr_subsamp",97760,"rs57281976","0.026",0.042,"0.53","Postpartum depression (subsample)"
"depr_subsamp","Endometriosis (Rahmioglu)","Nk0xbD","depr_subsamp",97760,"rs6435157","0.024",0.042,"0.566","Postpartum depression (subsample)"
"Early_bleeding_ending_in_live_birth","Endometriosis (Rahmioglu)","Nk0xbD","Early_bleeding_ending_in_live_birth",NA,"rs1352889","0.094",0.06,"0.122","Early_bleeding_ending_in_live_birth"
"Early_bleeding_ending_in_live_birth","Endometriosis (Rahmioglu)","Nk0xbD","Early_bleeding_ending_in_live_birth",NA,"rs1430787","0.08",0.058,"0.172","Early_bleeding_ending_in_live_birth"
"Early_bleeding_ending_in_live_birth","Endometriosis (Rahmioglu)","Nk0xbD","Early_bleeding_ending_in_live_birth",NA,"rs1451383","0.099",0.06,"0.1","Early_bleeding_ending_in_live_birth"
"Early_bleeding_ending_in_live_birth","Endometriosis (Rahmioglu)","Nk0xbD","Early_bleeding_ending_in_live_birth",NA,"rs17053711","0.084",0.06,"0.161","Early_bleeding_ending_in_live_birth"
"Early_bleeding_ending_in_live_birth","Endometriosis (Rahmioglu)","Nk0xbD","Early_bleeding_ending_in_live_birth",NA,"rs1903068","0.098",0.061,"0.112","Early_bleeding_ending_in_live_birth"
"Early_bleeding_ending_in_live_birth","Endometriosis (Rahmioglu)","Nk0xbD","Early_bleeding_ending_in_live_birth",NA,"rs1971256","0.116",0.058,"0.046","Early_bleeding_ending_in_live_birth"
"Early_bleeding_ending_in_live_birth","Endometriosis (Rahmioglu)","Nk0xbD","Early_bleeding_ending_in_live_birth",NA,"rs2036754","0.081",0.059,"0.171","Early_bleeding_ending_in_live_birth"
"Early_bleeding_ending_in_live_birth","Endometriosis (Rahmioglu)","Nk0xbD","Early_bleeding_ending_in_live_birth",NA,"rs2226158","0.106",0.058,"0.066","Early_bleeding_ending_in_live_birth"
"Early_bleeding_ending_in_live_birth","Endometriosis (Rahmioglu)","Nk0xbD","Early_bleeding_ending_in_live_birth",NA,"rs2421985","0.1",0.06,"0.097","Early_bleeding_ending_in_live_birth"
"Early_bleeding_ending_in_live_birth","Endometriosis (Rahmioglu)","Nk0xbD","Early_bleeding_ending_in_live_birth",NA,"rs2510770","0.093",0.06,"0.123","Early_bleeding_ending_in_live_birth"
"Early_bleeding_ending_in_live_birth","Endometriosis (Rahmioglu)","Nk0xbD","Early_bleeding_ending_in_live_birth",NA,"rs2946160","0.098",0.06,"0.101","Early_bleeding_ending_in_live_birth"
"Early_bleeding_ending_in_live_birth","Endometriosis (Rahmioglu)","Nk0xbD","Early_bleeding_ending_in_live_birth",NA,"rs2967684","0.086",0.06,"0.153","Early_bleeding_ending_in_live_birth"
"Early_bleeding_ending_in_live_birth","Endometriosis (Rahmioglu)","Nk0xbD","Early_bleeding_ending_in_live_birth",NA,"rs3803042","0.088",0.06,"0.144","Early_bleeding_ending_in_live_birth"
"Early_bleeding_ending_in_live_birth","Endometriosis (Rahmioglu)","Nk0xbD","Early_bleeding_ending_in_live_birth",NA,"rs3858429","0.108",0.061,"0.079","Early_bleeding_ending_in_live_birth"
"Early_bleeding_ending_in_live_birth","Endometriosis (Rahmioglu)","Nk0xbD","Early_bleeding_ending_in_live_birth",NA,"rs4540228","0.081",0.059,"0.174","Early_bleeding_ending_in_live_birth"
"Early_bleeding_ending_in_live_birth","Endometriosis (Rahmioglu)","Nk0xbD","Early_bleeding_ending_in_live_birth",NA,"rs55909142","0.094",0.06,"0.12","Early_bleeding_ending_in_live_birth"
"Early_bleeding_ending_in_live_birth","Endometriosis (Rahmioglu)","Nk0xbD","Early_bleeding_ending_in_live_birth",NA,"rs56090796","0.086",0.06,"0.152","Early_bleeding_ending_in_live_birth"
"Early_bleeding_ending_in_live_birth","Endometriosis (Rahmioglu)","Nk0xbD","Early_bleeding_ending_in_live_birth",NA,"rs57281976","0.099",0.06,"0.097","Early_bleeding_ending_in_live_birth"
"Early_bleeding_ending_in_live_birth","Endometriosis (Rahmioglu)","Nk0xbD","Early_bleeding_ending_in_live_birth",NA,"rs6435157","0.099",0.06,"0.098","Early_bleeding_ending_in_live_birth"
"Early_bleeding_ending_in_live_birth","Endometriosis (Rahmioglu)","Nk0xbD","Early_bleeding_ending_in_live_birth",NA,"rs6456259","0.086",0.061,"0.16","Early_bleeding_ending_in_live_birth"
"Early_bleeding_ending_in_live_birth","Endometriosis (Rahmioglu)","Nk0xbD","Early_bleeding_ending_in_live_birth",NA,"rs66683298","0.092",0.061,"0.128","Early_bleeding_ending_in_live_birth"
"Early_bleeding_ending_in_live_birth","Endometriosis (Rahmioglu)","Nk0xbD","Early_bleeding_ending_in_live_birth",NA,"rs71575922","0.079",0.062,"0.199","Early_bleeding_ending_in_live_birth"
"Early_bleeding_ending_in_live_birth","Endometriosis (Rahmioglu)","Nk0xbD","Early_bleeding_ending_in_live_birth",NA,"rs7214750","0.102",0.059,"0.085","Early_bleeding_ending_in_live_birth"
"Early_bleeding_ending_in_live_birth","Endometriosis (Rahmioglu)","Nk0xbD","Early_bleeding_ending_in_live_birth",NA,"rs7334326","0.08",0.059,"0.17","Early_bleeding_ending_in_live_birth"
"Early_bleeding_ending_in_live_birth","Endometriosis (Rahmioglu)","Nk0xbD","Early_bleeding_ending_in_live_birth",NA,"rs73633307","0.093",0.061,"0.125","Early_bleeding_ending_in_live_birth"
"Early_bleeding_ending_in_live_birth","Endometriosis (Rahmioglu)","Nk0xbD","Early_bleeding_ending_in_live_birth",NA,"rs7907732","0.096",0.06,"0.111","Early_bleeding_ending_in_live_birth"
"Early_bleeding_ending_in_live_birth","Endometriosis (Rahmioglu)","Nk0xbD","Early_bleeding_ending_in_live_birth",NA,"rs7924571","0.082",0.059,"0.169","Early_bleeding_ending_in_live_birth"
"Early_bleeding_ending_in_live_birth","Endometriosis (Rahmioglu)","Nk0xbD","Early_bleeding_ending_in_live_birth",NA,"All","0.092",0.059,"0.123","Early_bleeding_ending_in_live_birth"
"Early_bleeding_ending_in_live_birth","Endometriosis (Rahmioglu)","Nk0xbD","Early_bleeding_ending_in_live_birth",NA,"rs11674184","0.076",0.061,"0.21","Early_bleeding_ending_in_live_birth"
"Early_bleeding_ending_in_live_birth","Endometriosis (Rahmioglu)","Nk0xbD","Early_bleeding_ending_in_live_birth",NA,"rs11756073","0.093",0.06,"0.122","Early_bleeding_ending_in_live_birth"
"Early_bleeding_ending_in_live_birth","Endometriosis (Rahmioglu)","Nk0xbD","Early_bleeding_ending_in_live_birth",NA,"rs12030576","0.094",0.061,"0.123","Early_bleeding_ending_in_live_birth"
"Early_bleeding_ending_in_live_birth","Endometriosis (Rahmioglu)","Nk0xbD","Early_bleeding_ending_in_live_birth",NA,"rs12320196","0.097",0.061,"0.109","Early_bleeding_ending_in_live_birth"
"Early_bleeding_ending_in_live_birth","Endometriosis (Rahmioglu)","Nk0xbD","Early_bleeding_ending_in_live_birth",NA,"rs12441483","0.093",0.061,"0.124","Early_bleeding_ending_in_live_birth"
"Early_bleeding_ending_in_live_birth","Endometriosis (Rahmioglu)","Nk0xbD","Early_bleeding_ending_in_live_birth",NA,"rs12549438","0.077",0.058,"0.182","Early_bleeding_ending_in_live_birth"
"Early_bleeding_ending_in_live_birth","Endometriosis (Rahmioglu)","Nk0xbD","Early_bleeding_ending_in_live_birth",NA,"rs10090060","0.079",0.06,"0.187","Early_bleeding_ending_in_live_birth"
"Early_bleeding_ending_in_live_birth","Endometriosis (Rahmioglu)","Nk0xbD","Early_bleeding_ending_in_live_birth",NA,"rs10122243","0.085",0.061,"0.161","Early_bleeding_ending_in_live_birth"
"Early_bleeding_ending_in_live_birth","Endometriosis (Rahmioglu)","Nk0xbD","Early_bleeding_ending_in_live_birth",NA,"rs10757277","0.101",0.06,"0.089","Early_bleeding_ending_in_live_birth"
"Early_bleeding_ending_in_live_birth","Endometriosis (Rahmioglu)","Nk0xbD","Early_bleeding_ending_in_live_birth",NA,"rs10828249","0.087",0.061,"0.15","Early_bleeding_ending_in_live_birth"
"Early_bleeding_ending_in_live_birth","Endometriosis (Rahmioglu)","Nk0xbD","Early_bleeding_ending_in_live_birth",NA,"rs10860864","0.089",0.061,"0.14","Early_bleeding_ending_in_live_birth"
"Early_bleeding_ending_in_live_birth","Endometriosis (Rahmioglu)","Nk0xbD","Early_bleeding_ending_in_live_birth",NA,"rs10917151","0.104",0.063,"0.099","Early_bleeding_ending_in_live_birth"
"Early_bleeding_ending_in_live_birth","Endometriosis (Rahmioglu)","Nk0xbD","Early_bleeding_ending_in_live_birth",NA,"rs10983311","0.085",0.06,"0.156","Early_bleeding_ending_in_live_birth"
"Early_bleeding_with_any_outcome","Endometriosis (Rahmioglu)","Nk0xbD","Early_bleeding_with_any_outcome",NA,"rs10090060","0.069",0.037,"0.066","Early_bleeding_with_any_outcome"
"Early_bleeding_with_any_outcome","Endometriosis (Rahmioglu)","Nk0xbD","Early_bleeding_with_any_outcome",NA,"rs10122243","0.069",0.037,"0.062","Early_bleeding_with_any_outcome"
"Early_bleeding_with_any_outcome","Endometriosis (Rahmioglu)","Nk0xbD","Early_bleeding_with_any_outcome",NA,"rs10757277","0.072",0.037,"0.049","Early_bleeding_with_any_outcome"
"Early_bleeding_with_any_outcome","Endometriosis (Rahmioglu)","Nk0xbD","Early_bleeding_with_any_outcome",NA,"rs10828249","0.07",0.037,"0.058","Early_bleeding_with_any_outcome"
"Early_bleeding_with_any_outcome","Endometriosis (Rahmioglu)","Nk0xbD","Early_bleeding_with_any_outcome",NA,"rs10860864","0.061",0.036,"0.091","Early_bleeding_with_any_outcome"
"Early_bleeding_with_any_outcome","Endometriosis (Rahmioglu)","Nk0xbD","Early_bleeding_with_any_outcome",NA,"rs10917151","0.06",0.038,"0.119","Early_bleeding_with_any_outcome"
"Early_bleeding_with_any_outcome","Endometriosis (Rahmioglu)","Nk0xbD","Early_bleeding_with_any_outcome",NA,"rs10983311","0.067",0.037,"0.07","Early_bleeding_with_any_outcome"
"Early_bleeding_with_any_outcome","Endometriosis (Rahmioglu)","Nk0xbD","Early_bleeding_with_any_outcome",NA,"rs12549438","0.061",0.035,"0.087","Early_bleeding_with_any_outcome"
"Early_bleeding_with_any_outcome","Endometriosis (Rahmioglu)","Nk0xbD","Early_bleeding_with_any_outcome",NA,"rs1352889","0.061",0.036,"0.087","Early_bleeding_with_any_outcome"
"Early_bleeding_with_any_outcome","Endometriosis (Rahmioglu)","Nk0xbD","Early_bleeding_with_any_outcome",NA,"rs1430787","0.061",0.036,"0.088","Early_bleeding_with_any_outcome"
"Early_bleeding_with_any_outcome","Endometriosis (Rahmioglu)","Nk0xbD","Early_bleeding_with_any_outcome",NA,"rs1451383","0.078",0.035,"0.026","Early_bleeding_with_any_outcome"
"Early_bleeding_with_any_outcome","Endometriosis (Rahmioglu)","Nk0xbD","Early_bleeding_with_any_outcome",NA,"rs17053711","0.065",0.037,"0.076","Early_bleeding_with_any_outcome"
"Early_bleeding_with_any_outcome","Endometriosis (Rahmioglu)","Nk0xbD","Early_bleeding_with_any_outcome",NA,"rs1903068","0.071",0.038,"0.059","Early_bleeding_with_any_outcome"
"Early_bleeding_with_any_outcome","Endometriosis (Rahmioglu)","Nk0xbD","Early_bleeding_with_any_outcome",NA,"rs1971256","0.079",0.036,"0.029","Early_bleeding_with_any_outcome"
"Early_bleeding_with_any_outcome","Endometriosis (Rahmioglu)","Nk0xbD","Early_bleeding_with_any_outcome",NA,"rs2036754","0.063",0.036,"0.084","Early_bleeding_with_any_outcome"
"Early_bleeding_with_any_outcome","Endometriosis (Rahmioglu)","Nk0xbD","Early_bleeding_with_any_outcome",NA,"rs2226158","0.072",0.037,"0.049","Early_bleeding_with_any_outcome"
"Early_bleeding_with_any_outcome","Endometriosis (Rahmioglu)","Nk0xbD","Early_bleeding_with_any_outcome",NA,"rs2421985","0.07",0.037,"0.06","Early_bleeding_with_any_outcome"
"Early_bleeding_with_any_outcome","Endometriosis (Rahmioglu)","Nk0xbD","Early_bleeding_with_any_outcome",NA,"rs2510770","0.062",0.036,"0.087","Early_bleeding_with_any_outcome"
"Early_bleeding_with_any_outcome","Endometriosis (Rahmioglu)","Nk0xbD","Early_bleeding_with_any_outcome",NA,"rs2946160","0.078",0.034,"0.021","Early_bleeding_with_any_outcome"
"Early_bleeding_with_any_outcome","Endometriosis (Rahmioglu)","Nk0xbD","Early_bleeding_with_any_outcome",NA,"rs2967684","0.067",0.037,"0.072","Early_bleeding_with_any_outcome"
"Early_bleeding_with_any_outcome","Endometriosis (Rahmioglu)","Nk0xbD","Early_bleeding_with_any_outcome",NA,"rs3803042","0.07",0.037,"0.056","Early_bleeding_with_any_outcome"
"Early_bleeding_with_any_outcome","Endometriosis (Rahmioglu)","Nk0xbD","Early_bleeding_with_any_outcome",NA,"rs3858429","0.055",0.037,"0.137","Early_bleeding_with_any_outcome"
"Early_bleeding_with_any_outcome","Endometriosis (Rahmioglu)","Nk0xbD","Early_bleeding_with_any_outcome",NA,"rs4540228","0.068",0.037,"0.066","Early_bleeding_with_any_outcome"
"Early_bleeding_with_any_outcome","Endometriosis (Rahmioglu)","Nk0xbD","Early_bleeding_with_any_outcome",NA,"rs55909142","0.067",0.037,"0.069","Early_bleeding_with_any_outcome"
"Early_bleeding_with_any_outcome","Endometriosis (Rahmioglu)","Nk0xbD","Early_bleeding_with_any_outcome",NA,"rs56090796","0.068",0.037,"0.065","Early_bleeding_with_any_outcome"
"Early_bleeding_with_any_outcome","Endometriosis (Rahmioglu)","Nk0xbD","Early_bleeding_with_any_outcome",NA,"rs57281976","0.071",0.037,"0.055","Early_bleeding_with_any_outcome"
"Early_bleeding_with_any_outcome","Endometriosis (Rahmioglu)","Nk0xbD","Early_bleeding_with_any_outcome",NA,"rs6435157","0.075",0.036,"0.036","Early_bleeding_with_any_outcome"
"Early_bleeding_with_any_outcome","Endometriosis (Rahmioglu)","Nk0xbD","Early_bleeding_with_any_outcome",NA,"rs6456259","0.069",0.037,"0.065","Early_bleeding_with_any_outcome"
"Early_bleeding_with_any_outcome","Endometriosis (Rahmioglu)","Nk0xbD","Early_bleeding_with_any_outcome",NA,"rs66683298","0.071",0.036,"0.053","Early_bleeding_with_any_outcome"
"Early_bleeding_with_any_outcome","Endometriosis (Rahmioglu)","Nk0xbD","Early_bleeding_with_any_outcome",NA,"rs71575922","0.073",0.038,"0.056","Early_bleeding_with_any_outcome"
"Early_bleeding_with_any_outcome","Endometriosis (Rahmioglu)","Nk0xbD","Early_bleeding_with_any_outcome",NA,"rs7214750","0.074",0.036,"0.044","Early_bleeding_with_any_outcome"
"Early_bleeding_with_any_outcome","Endometriosis (Rahmioglu)","Nk0xbD","Early_bleeding_with_any_outcome",NA,"rs7334326","0.069",0.037,"0.061","Early_bleeding_with_any_outcome"
"Early_bleeding_with_any_outcome","Endometriosis (Rahmioglu)","Nk0xbD","Early_bleeding_with_any_outcome",NA,"rs73633307","0.064",0.037,"0.083","Early_bleeding_with_any_outcome"
"Early_bleeding_with_any_outcome","Endometriosis (Rahmioglu)","Nk0xbD","Early_bleeding_with_any_outcome",NA,"rs7907732","0.07",0.037,"0.056","Early_bleeding_with_any_outcome"
"Early_bleeding_with_any_outcome","Endometriosis (Rahmioglu)","Nk0xbD","Early_bleeding_with_any_outcome",NA,"rs12320196","0.065",0.037,"0.077","Early_bleeding_with_any_outcome"
"Early_bleeding_with_any_outcome","Endometriosis (Rahmioglu)","Nk0xbD","Early_bleeding_with_any_outcome",NA,"rs11674184","0.058",0.037,"0.119","Early_bleeding_with_any_outcome"
"Early_bleeding_with_any_outcome","Endometriosis (Rahmioglu)","Nk0xbD","Early_bleeding_with_any_outcome",NA,"rs11756073","0.066",0.037,"0.075","Early_bleeding_with_any_outcome"
"Early_bleeding_with_any_outcome","Endometriosis (Rahmioglu)","Nk0xbD","Early_bleeding_with_any_outcome",NA,"rs12030576","0.066",0.037,"0.077","Early_bleeding_with_any_outcome"
"Early_bleeding_with_any_outcome","Endometriosis (Rahmioglu)","Nk0xbD","Early_bleeding_with_any_outcome",NA,"All","0.068",0.036,"0.062","Early_bleeding_with_any_outcome"
"Early_bleeding_with_any_outcome","Endometriosis (Rahmioglu)","Nk0xbD","Early_bleeding_with_any_outcome",NA,"rs12441483","0.069",0.037,"0.064","Early_bleeding_with_any_outcome"
"Early_bleeding_with_any_outcome","Endometriosis (Rahmioglu)","Nk0xbD","Early_bleeding_with_any_outcome",NA,"rs7924571","0.062",0.036,"0.09","Early_bleeding_with_any_outcome"
"el_cs","Endometriosis (Rahmioglu)","Nk0xbD","el_cs",87320,"rs10090060","0.269",0.099,"0.006","Elective caesarean section"
"el_cs","Endometriosis (Rahmioglu)","Nk0xbD","el_cs",87320,"rs10917151","0.117",0.093,"0.21","Elective caesarean section"
"el_cs","Endometriosis (Rahmioglu)","Nk0xbD","el_cs",87320,"rs10983311","0.215",0.102,"0.035","Elective caesarean section"
"el_cs","Endometriosis (Rahmioglu)","Nk0xbD","el_cs",87320,"rs11674184","0.264",0.105,"0.012","Elective caesarean section"
"el_cs","Endometriosis (Rahmioglu)","Nk0xbD","el_cs",87320,"rs12030576","0.231",0.105,"0.028","Elective caesarean section"
"el_cs","Endometriosis (Rahmioglu)","Nk0xbD","el_cs",87320,"rs12441483","0.211",0.103,"0.041","Elective caesarean section"
"el_cs","Endometriosis (Rahmioglu)","Nk0xbD","el_cs",87320,"rs12549438","0.246",0.103,"0.017","Elective caesarean section"
"el_cs","Endometriosis (Rahmioglu)","Nk0xbD","el_cs",87320,"rs1352889","0.236",0.104,"0.023","Elective caesarean section"
"el_cs","Endometriosis (Rahmioglu)","Nk0xbD","el_cs",87320,"rs1430787","0.22",0.103,"0.033","Elective caesarean section"
"el_cs","Endometriosis (Rahmioglu)","Nk0xbD","el_cs",87320,"rs17053711","0.233",0.104,"0.026","Elective caesarean section"
"el_cs","Endometriosis (Rahmioglu)","Nk0xbD","el_cs",87320,"rs1903068","0.225",0.107,"0.036","Elective caesarean section"
"el_cs","Endometriosis (Rahmioglu)","Nk0xbD","el_cs",87320,"rs2036754","0.217",0.103,"0.034","Elective caesarean section"
"el_cs","Endometriosis (Rahmioglu)","Nk0xbD","el_cs",87320,"rs2226158","0.242",0.104,"0.02","Elective caesarean section"
"el_cs","Endometriosis (Rahmioglu)","Nk0xbD","el_cs",87320,"rs2510770","0.235",0.104,"0.025","Elective caesarean section"
"el_cs","Endometriosis (Rahmioglu)","Nk0xbD","el_cs",87320,"rs2946160","0.214",0.102,"0.035","Elective caesarean section"
"el_cs","Endometriosis (Rahmioglu)","Nk0xbD","el_cs",87320,"rs3803042","0.249",0.102,"0.014","Elective caesarean section"
"el_cs","Endometriosis (Rahmioglu)","Nk0xbD","el_cs",87320,"rs4540228","0.225",0.105,"0.031","Elective caesarean section"
"el_cs","Endometriosis (Rahmioglu)","Nk0xbD","el_cs",87320,"rs56090796","0.244",0.103,"0.018","Elective caesarean section"
"el_cs","Endometriosis (Rahmioglu)","Nk0xbD","el_cs",87320,"rs57281976","0.234",0.105,"0.025","Elective caesarean section"
"el_cs","Endometriosis (Rahmioglu)","Nk0xbD","el_cs",87320,"rs6435157","0.247",0.102,"0.016","Elective caesarean section"
"el_cs","Endometriosis (Rahmioglu)","Nk0xbD","el_cs",87320,"rs6456259","0.201",0.102,"0.049","Elective caesarean section"
"el_cs","Endometriosis (Rahmioglu)","Nk0xbD","el_cs",87320,"rs66683298","0.22",0.104,"0.034","Elective caesarean section"
"el_cs","Endometriosis (Rahmioglu)","Nk0xbD","el_cs",87320,"rs71575922","0.258",0.107,"0.016","Elective caesarean section"
"el_cs","Endometriosis (Rahmioglu)","Nk0xbD","el_cs",87320,"rs7214750","0.244",0.104,"0.019","Elective caesarean section"
"el_cs","Endometriosis (Rahmioglu)","Nk0xbD","el_cs",87320,"rs7334326","0.24",0.104,"0.02","Elective caesarean section"
"el_cs","Endometriosis (Rahmioglu)","Nk0xbD","el_cs",87320,"rs7907732","0.233",0.105,"0.026","Elective caesarean section"
"el_cs","Endometriosis (Rahmioglu)","Nk0xbD","el_cs",87320,"rs7924571","0.251",0.102,"0.014","Elective caesarean section"
"el_cs","Endometriosis (Rahmioglu)","Nk0xbD","el_cs",87320,"All","0.231",0.102,"0.023","Elective caesarean section"
"el_cs","Endometriosis (Rahmioglu)","Nk0xbD","el_cs",87320,"rs10860864","0.228",0.105,"0.029","Elective caesarean section"
"el_cs","Endometriosis (Rahmioglu)","Nk0xbD","el_cs",87320,"rs10122243","0.249",0.104,"0.017","Elective caesarean section"
"em_cs","Endometriosis (Rahmioglu)","Nk0xbD","em_cs",90477,"rs10122243","0.167",0.086,"0.051","Emergency caesarean section"
"em_cs","Endometriosis (Rahmioglu)","Nk0xbD","em_cs",90477,"rs10860864","0.133",0.083,"0.107","Emergency caesarean section"
"em_cs","Endometriosis (Rahmioglu)","Nk0xbD","em_cs",90477,"rs10917151","0.039",0.07,"0.576","Emergency caesarean section"
"em_cs","Endometriosis (Rahmioglu)","Nk0xbD","em_cs",90477,"rs11674184","0.162",0.088,"0.065","Emergency caesarean section"
"em_cs","Endometriosis (Rahmioglu)","Nk0xbD","em_cs",90477,"rs11756073","0.14",0.084,"0.096","Emergency caesarean section"
"em_cs","Endometriosis (Rahmioglu)","Nk0xbD","em_cs",90477,"rs12030576","0.154",0.086,"0.075","Emergency caesarean section"
"em_cs","Endometriosis (Rahmioglu)","Nk0xbD","em_cs",90477,"rs10983311","0.148",0.086,"0.084","Emergency caesarean section"
"em_cs","Endometriosis (Rahmioglu)","Nk0xbD","em_cs",90477,"rs1352889","0.152",0.086,"0.076","Emergency caesarean section"
"em_cs","Endometriosis (Rahmioglu)","Nk0xbD","em_cs",90477,"rs1430787","0.146",0.085,"0.087","Emergency caesarean section"
"em_cs","Endometriosis (Rahmioglu)","Nk0xbD","em_cs",90477,"rs17053711","0.145",0.085,"0.088","Emergency caesarean section"
"em_cs","Endometriosis (Rahmioglu)","Nk0xbD","em_cs",90477,"rs12549438","0.171",0.083,"0.039","Emergency caesarean section"
"em_cs","Endometriosis (Rahmioglu)","Nk0xbD","em_cs",90477,"rs10090060","0.185",0.081,"0.022","Emergency caesarean section"
"em_cs","Endometriosis (Rahmioglu)","Nk0xbD","em_cs",90477,"rs2226158","0.162",0.085,"0.057","Emergency caesarean section"
"em_cs","Endometriosis (Rahmioglu)","Nk0xbD","em_cs",90477,"rs2421985","0.167",0.085,"0.05","Emergency caesarean section"
"em_cs","Endometriosis (Rahmioglu)","Nk0xbD","em_cs",90477,"rs2510770","0.157",0.086,"0.067","Emergency caesarean section"
"em_cs","Endometriosis (Rahmioglu)","Nk0xbD","em_cs",90477,"rs2946160","0.141",0.084,"0.095","Emergency caesarean section"
"em_cs","Endometriosis (Rahmioglu)","Nk0xbD","em_cs",90477,"rs3803042","0.158",0.086,"0.065","Emergency caesarean section"
"em_cs","Endometriosis (Rahmioglu)","Nk0xbD","em_cs",90477,"rs4540228","0.155",0.086,"0.073","Emergency caesarean section"
"em_cs","Endometriosis (Rahmioglu)","Nk0xbD","em_cs",90477,"rs507666","0.149",0.086,"0.082","Emergency caesarean section"
"em_cs","Endometriosis (Rahmioglu)","Nk0xbD","em_cs",90477,"rs55909142","0.145",0.085,"0.089","Emergency caesarean section"
"em_cs","Endometriosis (Rahmioglu)","Nk0xbD","em_cs",90477,"rs56090796","0.162",0.085,"0.056","Emergency caesarean section"
"em_cs","Endometriosis (Rahmioglu)","Nk0xbD","em_cs",90477,"rs57281976","0.167",0.084,"0.048","Emergency caesarean section"
"em_cs","Endometriosis (Rahmioglu)","Nk0xbD","em_cs",90477,"rs6435157","0.156",0.086,"0.068","Emergency caesarean section"
"em_cs","Endometriosis (Rahmioglu)","Nk0xbD","em_cs",90477,"rs6456259","0.163",0.086,"0.059","Emergency caesarean section"
"em_cs","Endometriosis (Rahmioglu)","Nk0xbD","em_cs",90477,"rs66683298","0.15",0.086,"0.08","Emergency caesarean section"
"em_cs","Endometriosis (Rahmioglu)","Nk0xbD","em_cs",90477,"rs71575922","0.172",0.088,"0.051","Emergency caesarean section"
"em_cs","Endometriosis (Rahmioglu)","Nk0xbD","em_cs",90477,"rs7214750","0.159",0.086,"0.063","Emergency caesarean section"
"em_cs","Endometriosis (Rahmioglu)","Nk0xbD","em_cs",90477,"rs7334326","0.16",0.085,"0.06","Emergency caesarean section"
"em_cs","Endometriosis (Rahmioglu)","Nk0xbD","em_cs",90477,"rs7907732","0.149",0.086,"0.084","Emergency caesarean section"
"em_cs","Endometriosis (Rahmioglu)","Nk0xbD","em_cs",90477,"rs7924571","0.169",0.084,"0.044","Emergency caesarean section"
"em_cs","Endometriosis (Rahmioglu)","Nk0xbD","em_cs",90477,"All","0.152",0.084,"0.068","Emergency caesarean section"
"em_cs","Endometriosis (Rahmioglu)","Nk0xbD","em_cs",90477,"rs1903068","0.139",0.087,"0.111","Emergency caesarean section"
"em_cs","Endometriosis (Rahmioglu)","Nk0xbD","em_cs",90477,"rs2036754","0.147",0.085,"0.086","Emergency caesarean section"
"finngen_R12_N14_FEMALEINFERT","Endometriosis (Rahmioglu)","Nk0xbD","finngen_R12_N14_FEMALEINFERT",NA,"rs10090060","0.487",0.052,"8.01e-21","Female infertility"
"finngen_R12_N14_FEMALEINFERT","Endometriosis (Rahmioglu)","Nk0xbD","finngen_R12_N14_FEMALEINFERT",NA,"rs10122243","0.482",0.052,"1.66e-20","Female infertility"
"finngen_R12_N14_FEMALEINFERT","Endometriosis (Rahmioglu)","Nk0xbD","finngen_R12_N14_FEMALEINFERT",NA,"rs10860864","0.492",0.052,"1.55e-21","Female infertility"
"finngen_R12_N14_FEMALEINFERT","Endometriosis (Rahmioglu)","Nk0xbD","finngen_R12_N14_FEMALEINFERT",NA,"rs10917151","0.471",0.053,"6.51e-19","Female infertility"
"finngen_R12_N14_FEMALEINFERT","Endometriosis (Rahmioglu)","Nk0xbD","finngen_R12_N14_FEMALEINFERT",NA,"rs10757277","0.494",0.051,"7.25e-22","Female infertility"
"finngen_R12_N14_FEMALEINFERT","Endometriosis (Rahmioglu)","Nk0xbD","finngen_R12_N14_FEMALEINFERT",NA,"rs10828249","0.495",0.051,"5.84e-22","Female infertility"
"finngen_R12_N14_FEMALEINFERT","Endometriosis (Rahmioglu)","Nk0xbD","finngen_R12_N14_FEMALEINFERT",NA,"rs11756073","0.495",0.051,"3.44e-22","Female infertility"
"finngen_R12_N14_FEMALEINFERT","Endometriosis (Rahmioglu)","Nk0xbD","finngen_R12_N14_FEMALEINFERT",NA,"rs12030576","0.496",0.051,"3.21e-22","Female infertility"
"finngen_R12_N14_FEMALEINFERT","Endometriosis (Rahmioglu)","Nk0xbD","finngen_R12_N14_FEMALEINFERT",NA,"rs12320196","0.475",0.05,"1.56e-21","Female infertility"
"finngen_R12_N14_FEMALEINFERT","Endometriosis (Rahmioglu)","Nk0xbD","finngen_R12_N14_FEMALEINFERT",NA,"rs12441483","0.489",0.052,"5.76e-21","Female infertility"
"finngen_R12_N14_FEMALEINFERT","Endometriosis (Rahmioglu)","Nk0xbD","finngen_R12_N14_FEMALEINFERT",NA,"rs12549438","0.496",0.051,"1.56e-22","Female infertility"
"finngen_R12_N14_FEMALEINFERT","Endometriosis (Rahmioglu)","Nk0xbD","finngen_R12_N14_FEMALEINFERT",NA,"rs1352889","0.492",0.051,"5.42e-22","Female infertility"
"finngen_R12_N14_FEMALEINFERT","Endometriosis (Rahmioglu)","Nk0xbD","finngen_R12_N14_FEMALEINFERT",NA,"rs1430787","0.488",0.052,"4.04e-21","Female infertility"
"finngen_R12_N14_FEMALEINFERT","Endometriosis (Rahmioglu)","Nk0xbD","finngen_R12_N14_FEMALEINFERT",NA,"rs1451383","0.478",0.051,"4.61e-21","Female infertility"
"finngen_R12_N14_FEMALEINFERT","Endometriosis (Rahmioglu)","Nk0xbD","finngen_R12_N14_FEMALEINFERT",NA,"rs17053711","0.49",0.052,"2.52e-21","Female infertility"
"finngen_R12_N14_FEMALEINFERT","Endometriosis (Rahmioglu)","Nk0xbD","finngen_R12_N14_FEMALEINFERT",NA,"rs1903068","0.473",0.051,"2.06e-20","Female infertility"
"finngen_R12_N14_FEMALEINFERT","Endometriosis (Rahmioglu)","Nk0xbD","finngen_R12_N14_FEMALEINFERT",NA,"rs1971256","0.49",0.052,"6.56e-21","Female infertility"
"finngen_R12_N14_FEMALEINFERT","Endometriosis (Rahmioglu)","Nk0xbD","finngen_R12_N14_FEMALEINFERT",NA,"rs10983311","0.488",0.052,"4.31e-21","Female infertility"
"finngen_R12_N14_FEMALEINFERT","Endometriosis (Rahmioglu)","Nk0xbD","finngen_R12_N14_FEMALEINFERT",NA,"rs11674184","0.482",0.053,"4.75e-20","Female infertility"
"finngen_R12_N14_FEMALEINFERT","Endometriosis (Rahmioglu)","Nk0xbD","finngen_R12_N14_FEMALEINFERT",NA,"rs2421985","0.489",0.052,"5.4e-21","Female infertility"
"finngen_R12_N14_FEMALEINFERT","Endometriosis (Rahmioglu)","Nk0xbD","finngen_R12_N14_FEMALEINFERT",NA,"rs2510770","0.497",0.05,"5.45e-23","Female infertility"
"finngen_R12_N14_FEMALEINFERT","Endometriosis (Rahmioglu)","Nk0xbD","finngen_R12_N14_FEMALEINFERT",NA,"rs2946160","0.479",0.05,"7.46e-22","Female infertility"
"finngen_R12_N14_FEMALEINFERT","Endometriosis (Rahmioglu)","Nk0xbD","finngen_R12_N14_FEMALEINFERT",NA,"rs2967684","0.488",0.052,"4.76e-21","Female infertility"
"finngen_R12_N14_FEMALEINFERT","Endometriosis (Rahmioglu)","Nk0xbD","finngen_R12_N14_FEMALEINFERT",NA,"rs3803042","0.484",0.052,"5.39e-21","Female infertility"
"finngen_R12_N14_FEMALEINFERT","Endometriosis (Rahmioglu)","Nk0xbD","finngen_R12_N14_FEMALEINFERT",NA,"rs3858429","0.525",0.048,"1.49e-27","Female infertility"
"finngen_R12_N14_FEMALEINFERT","Endometriosis (Rahmioglu)","Nk0xbD","finngen_R12_N14_FEMALEINFERT",NA,"rs4540228","0.487",0.052,"6.12e-21","Female infertility"
"finngen_R12_N14_FEMALEINFERT","Endometriosis (Rahmioglu)","Nk0xbD","finngen_R12_N14_FEMALEINFERT",NA,"rs55909142","0.487",0.052,"4.27e-21","Female infertility"
"finngen_R12_N14_FEMALEINFERT","Endometriosis (Rahmioglu)","Nk0xbD","finngen_R12_N14_FEMALEINFERT",NA,"rs56090796","0.479",0.05,"1.62e-21","Female infertility"
"finngen_R12_N14_FEMALEINFERT","Endometriosis (Rahmioglu)","Nk0xbD","finngen_R12_N14_FEMALEINFERT",NA,"rs57281976","0.495",0.051,"4.49e-22","Female infertility"
"finngen_R12_N14_FEMALEINFERT","Endometriosis (Rahmioglu)","Nk0xbD","finngen_R12_N14_FEMALEINFERT",NA,"rs6435157","0.495",0.051,"1.29e-22","Female infertility"
"finngen_R12_N14_FEMALEINFERT","Endometriosis (Rahmioglu)","Nk0xbD","finngen_R12_N14_FEMALEINFERT",NA,"rs6456259","0.498",0.051,"2.37e-22","Female infertility"
"finngen_R12_N14_FEMALEINFERT","Endometriosis (Rahmioglu)","Nk0xbD","finngen_R12_N14_FEMALEINFERT",NA,"rs66683298","0.483",0.051,"5.89e-21","Female infertility"
"finngen_R12_N14_FEMALEINFERT","Endometriosis (Rahmioglu)","Nk0xbD","finngen_R12_N14_FEMALEINFERT",NA,"rs71575922","0.47",0.052,"2.57e-19","Female infertility"
"finngen_R12_N14_FEMALEINFERT","Endometriosis (Rahmioglu)","Nk0xbD","finngen_R12_N14_FEMALEINFERT",NA,"rs7214750","0.498",0.051,"1.22e-22","Female infertility"
"finngen_R12_N14_FEMALEINFERT","Endometriosis (Rahmioglu)","Nk0xbD","finngen_R12_N14_FEMALEINFERT",NA,"rs7334326","0.487",0.052,"4.47e-21","Female infertility"
"finngen_R12_N14_FEMALEINFERT","Endometriosis (Rahmioglu)","Nk0xbD","finngen_R12_N14_FEMALEINFERT",NA,"rs73633307","0.48",0.051,"7.36e-21","Female infertility"
"finngen_R12_N14_FEMALEINFERT","Endometriosis (Rahmioglu)","Nk0xbD","finngen_R12_N14_FEMALEINFERT",NA,"rs7907732","0.487",0.052,"5.32e-21","Female infertility"
"finngen_R12_N14_FEMALEINFERT","Endometriosis (Rahmioglu)","Nk0xbD","finngen_R12_N14_FEMALEINFERT",NA,"rs7924571","0.481",0.051,"6.41e-21","Female infertility"
"finngen_R12_N14_FEMALEINFERT","Endometriosis (Rahmioglu)","Nk0xbD","finngen_R12_N14_FEMALEINFERT",NA,"All","0.488",0.051,"6.07e-22","Female infertility"
"finngen_R12_N14_FEMALEINFERT","Endometriosis (Rahmioglu)","Nk0xbD","finngen_R12_N14_FEMALEINFERT",NA,"rs2036754","0.487",0.052,"4.02e-21","Female infertility"
"finngen_R12_N14_FEMALEINFERT","Endometriosis (Rahmioglu)","Nk0xbD","finngen_R12_N14_FEMALEINFERT",NA,"rs2226158","0.495",0.051,"4.37e-22","Female infertility"
"finngen_R12_O15_PLAC_DISORD","Endometriosis (Rahmioglu)","Nk0xbD","finngen_R12_O15_PLAC_DISORD",NA,"rs10090060","0.333",0.236,"0.159","Other placental disorders"
"finngen_R12_O15_PLAC_DISORD","Endometriosis (Rahmioglu)","Nk0xbD","finngen_R12_O15_PLAC_DISORD",NA,"rs10828249","0.376",0.235,"0.11","Other placental disorders"
"finngen_R12_O15_PLAC_DISORD","Endometriosis (Rahmioglu)","Nk0xbD","finngen_R12_O15_PLAC_DISORD",NA,"rs10860864","0.383",0.235,"0.103","Other placental disorders"
"finngen_R12_O15_PLAC_DISORD","Endometriosis (Rahmioglu)","Nk0xbD","finngen_R12_O15_PLAC_DISORD",NA,"rs10122243","0.389",0.237,"0.1","Other placental disorders"
"finngen_R12_O15_PLAC_DISORD","Endometriosis (Rahmioglu)","Nk0xbD","finngen_R12_O15_PLAC_DISORD",NA,"rs10757277","0.356",0.235,"0.129","Other placental disorders"
"finngen_R12_O15_PLAC_DISORD","Endometriosis (Rahmioglu)","Nk0xbD","finngen_R12_O15_PLAC_DISORD",NA,"rs11674184","0.363",0.239,"0.129","Other placental disorders"
"finngen_R12_O15_PLAC_DISORD","Endometriosis (Rahmioglu)","Nk0xbD","finngen_R12_O15_PLAC_DISORD",NA,"rs11756073","0.313",0.235,"0.183","Other placental disorders"
"finngen_R12_O15_PLAC_DISORD","Endometriosis (Rahmioglu)","Nk0xbD","finngen_R12_O15_PLAC_DISORD",NA,"rs12030576","0.399",0.236,"0.09","Other placental disorders"
"finngen_R12_O15_PLAC_DISORD","Endometriosis (Rahmioglu)","Nk0xbD","finngen_R12_O15_PLAC_DISORD",NA,"rs12320196","0.301",0.235,"0.201","Other placental disorders"
"finngen_R12_O15_PLAC_DISORD","Endometriosis (Rahmioglu)","Nk0xbD","finngen_R12_O15_PLAC_DISORD",NA,"rs12441483","0.312",0.236,"0.185","Other placental disorders"
"finngen_R12_O15_PLAC_DISORD","Endometriosis (Rahmioglu)","Nk0xbD","finngen_R12_O15_PLAC_DISORD",NA,"rs12549438","0.358",0.235,"0.127","Other placental disorders"
"finngen_R12_O15_PLAC_DISORD","Endometriosis (Rahmioglu)","Nk0xbD","finngen_R12_O15_PLAC_DISORD",NA,"rs1352889","0.356",0.234,"0.128","Other placental disorders"
"finngen_R12_O15_PLAC_DISORD","Endometriosis (Rahmioglu)","Nk0xbD","finngen_R12_O15_PLAC_DISORD",NA,"rs1430787","0.4",0.234,"0.088","Other placental disorders"
"finngen_R12_O15_PLAC_DISORD","Endometriosis (Rahmioglu)","Nk0xbD","finngen_R12_O15_PLAC_DISORD",NA,"rs1451383","0.306",0.235,"0.193","Other placental disorders"
"finngen_R12_O15_PLAC_DISORD","Endometriosis (Rahmioglu)","Nk0xbD","finngen_R12_O15_PLAC_DISORD",NA,"rs17053711","0.389",0.235,"0.097","Other placental disorders"
"finngen_R12_O15_PLAC_DISORD","Endometriosis (Rahmioglu)","Nk0xbD","finngen_R12_O15_PLAC_DISORD",NA,"rs1903068","0.286",0.238,"0.23","Other placental disorders"
"finngen_R12_O15_PLAC_DISORD","Endometriosis (Rahmioglu)","Nk0xbD","finngen_R12_O15_PLAC_DISORD",NA,"rs10917151","0.358",0.244,"0.142","Other placental disorders"
"finngen_R12_O15_PLAC_DISORD","Endometriosis (Rahmioglu)","Nk0xbD","finngen_R12_O15_PLAC_DISORD",NA,"rs10983311","0.338",0.235,"0.149","Other placental disorders"
"finngen_R12_O15_PLAC_DISORD","Endometriosis (Rahmioglu)","Nk0xbD","finngen_R12_O15_PLAC_DISORD",NA,"rs2036754","0.359",0.234,"0.126","Other placental disorders"
"finngen_R12_O15_PLAC_DISORD","Endometriosis (Rahmioglu)","Nk0xbD","finngen_R12_O15_PLAC_DISORD",NA,"rs2226158","0.329",0.235,"0.162","Other placental disorders"
"finngen_R12_O15_PLAC_DISORD","Endometriosis (Rahmioglu)","Nk0xbD","finngen_R12_O15_PLAC_DISORD",NA,"rs2421985","0.379",0.236,"0.108","Other placental disorders"
"finngen_R12_O15_PLAC_DISORD","Endometriosis (Rahmioglu)","Nk0xbD","finngen_R12_O15_PLAC_DISORD",NA,"rs2510770","0.355",0.234,"0.13","Other placental disorders"
"finngen_R12_O15_PLAC_DISORD","Endometriosis (Rahmioglu)","Nk0xbD","finngen_R12_O15_PLAC_DISORD",NA,"rs2946160","0.298",0.234,"0.203","Other placental disorders"
"finngen_R12_O15_PLAC_DISORD","Endometriosis (Rahmioglu)","Nk0xbD","finngen_R12_O15_PLAC_DISORD",NA,"rs2967684","0.329",0.235,"0.162","Other placental disorders"
"finngen_R12_O15_PLAC_DISORD","Endometriosis (Rahmioglu)","Nk0xbD","finngen_R12_O15_PLAC_DISORD",NA,"rs3803042","0.335",0.235,"0.153","Other placental disorders"
"finngen_R12_O15_PLAC_DISORD","Endometriosis (Rahmioglu)","Nk0xbD","finngen_R12_O15_PLAC_DISORD",NA,"rs3858429","0.306",0.241,"0.204","Other placental disorders"
"finngen_R12_O15_PLAC_DISORD","Endometriosis (Rahmioglu)","Nk0xbD","finngen_R12_O15_PLAC_DISORD",NA,"rs4540228","0.322",0.235,"0.17","Other placental disorders"
"finngen_R12_O15_PLAC_DISORD","Endometriosis (Rahmioglu)","Nk0xbD","finngen_R12_O15_PLAC_DISORD",NA,"rs55909142","0.349",0.234,"0.136","Other placental disorders"
"finngen_R12_O15_PLAC_DISORD","Endometriosis (Rahmioglu)","Nk0xbD","finngen_R12_O15_PLAC_DISORD",NA,"rs56090796","0.318",0.235,"0.175","Other placental disorders"
"finngen_R12_O15_PLAC_DISORD","Endometriosis (Rahmioglu)","Nk0xbD","finngen_R12_O15_PLAC_DISORD",NA,"rs57281976","0.311",0.235,"0.185","Other placental disorders"
"finngen_R12_O15_PLAC_DISORD","Endometriosis (Rahmioglu)","Nk0xbD","finngen_R12_O15_PLAC_DISORD",NA,"rs6435157","0.338",0.234,"0.149","Other placental disorders"
"finngen_R12_O15_PLAC_DISORD","Endometriosis (Rahmioglu)","Nk0xbD","finngen_R12_O15_PLAC_DISORD",NA,"rs6456259","0.305",0.236,"0.197","Other placental disorders"
"finngen_R12_O15_PLAC_DISORD","Endometriosis (Rahmioglu)","Nk0xbD","finngen_R12_O15_PLAC_DISORD",NA,"rs66683298","0.307",0.235,"0.191","Other placental disorders"
"finngen_R12_O15_PLAC_DISORD","Endometriosis (Rahmioglu)","Nk0xbD","finngen_R12_O15_PLAC_DISORD",NA,"rs71575922","0.466",0.242,"0.054","Other placental disorders"
"finngen_R12_O15_PLAC_DISORD","Endometriosis (Rahmioglu)","Nk0xbD","finngen_R12_O15_PLAC_DISORD",NA,"rs7214750","0.352",0.235,"0.135","Other placental disorders"
"finngen_R12_O15_PLAC_DISORD","Endometriosis (Rahmioglu)","Nk0xbD","finngen_R12_O15_PLAC_DISORD",NA,"rs7334326","0.342",0.235,"0.145","Other placental disorders"
"finngen_R12_O15_PLAC_DISORD","Endometriosis (Rahmioglu)","Nk0xbD","finngen_R12_O15_PLAC_DISORD",NA,"rs73633307","0.336",0.236,"0.154","Other placental disorders"
"finngen_R12_O15_PLAC_DISORD","Endometriosis (Rahmioglu)","Nk0xbD","finngen_R12_O15_PLAC_DISORD",NA,"rs7907732","0.345",0.235,"0.142","Other placental disorders"
"finngen_R12_O15_PLAC_DISORD","Endometriosis (Rahmioglu)","Nk0xbD","finngen_R12_O15_PLAC_DISORD",NA,"rs7924571","0.401",0.235,"0.088","Other placental disorders"
"finngen_R12_O15_PLAC_DISORD","Endometriosis (Rahmioglu)","Nk0xbD","finngen_R12_O15_PLAC_DISORD",NA,"All","0.346",0.233,"0.137","Other placental disorders"
"finngen_R12_O15_PLAC_DISORD","Endometriosis (Rahmioglu)","Nk0xbD","finngen_R12_O15_PLAC_DISORD",NA,"rs1971256","0.361",0.237,"0.128","Other placental disorders"
"finngen_R12_O15_PLAC_PRAEVIA","Endometriosis (Rahmioglu)","Nk0xbD","finngen_R12_O15_PLAC_PRAEVIA",NA,"rs10090060","0.522",0.102,"2.91e-07","Placenta praevia"
"finngen_R12_O15_PLAC_PRAEVIA","Endometriosis (Rahmioglu)","Nk0xbD","finngen_R12_O15_PLAC_PRAEVIA",NA,"rs10757277","0.5",0.101,"8.12e-07","Placenta praevia"
"finngen_R12_O15_PLAC_PRAEVIA","Endometriosis (Rahmioglu)","Nk0xbD","finngen_R12_O15_PLAC_PRAEVIA",NA,"rs10828249","0.488",0.101,"1.51e-06","Placenta praevia"
"finngen_R12_O15_PLAC_PRAEVIA","Endometriosis (Rahmioglu)","Nk0xbD","finngen_R12_O15_PLAC_PRAEVIA",NA,"rs10860864","0.478",0.101,"2.4e-06","Placenta praevia"
"finngen_R12_O15_PLAC_PRAEVIA","Endometriosis (Rahmioglu)","Nk0xbD","finngen_R12_O15_PLAC_PRAEVIA",NA,"rs10122243","0.466",0.102,"4.93e-06","Placenta praevia"
"finngen_R12_O15_PLAC_PRAEVIA","Endometriosis (Rahmioglu)","Nk0xbD","finngen_R12_O15_PLAC_PRAEVIA",NA,"rs10983311","0.489",0.101,"1.32e-06","Placenta praevia"
"finngen_R12_O15_PLAC_PRAEVIA","Endometriosis (Rahmioglu)","Nk0xbD","finngen_R12_O15_PLAC_PRAEVIA",NA,"rs11674184","0.476",0.103,"3.92e-06","Placenta praevia"
"finngen_R12_O15_PLAC_PRAEVIA","Endometriosis (Rahmioglu)","Nk0xbD","finngen_R12_O15_PLAC_PRAEVIA",NA,"rs11756073","0.479",0.101,"2.23e-06","Placenta praevia"
"finngen_R12_O15_PLAC_PRAEVIA","Endometriosis (Rahmioglu)","Nk0xbD","finngen_R12_O15_PLAC_PRAEVIA",NA,"rs12030576","0.464",0.102,"4.82e-06","Placenta praevia"
"finngen_R12_O15_PLAC_PRAEVIA","Endometriosis (Rahmioglu)","Nk0xbD","finngen_R12_O15_PLAC_PRAEVIA",NA,"rs12320196","0.502",0.101,"7.46e-07","Placenta praevia"
"finngen_R12_O15_PLAC_PRAEVIA","Endometriosis (Rahmioglu)","Nk0xbD","finngen_R12_O15_PLAC_PRAEVIA",NA,"rs12441483","0.472",0.102,"3.41e-06","Placenta praevia"
"finngen_R12_O15_PLAC_PRAEVIA","Endometriosis (Rahmioglu)","Nk0xbD","finngen_R12_O15_PLAC_PRAEVIA",NA,"rs12549438","0.481",0.101,"2.03e-06","Placenta praevia"
"finngen_R12_O15_PLAC_PRAEVIA","Endometriosis (Rahmioglu)","Nk0xbD","finngen_R12_O15_PLAC_PRAEVIA",NA,"rs1352889","0.488",0.101,"1.32e-06","Placenta praevia"
"finngen_R12_O15_PLAC_PRAEVIA","Endometriosis (Rahmioglu)","Nk0xbD","finngen_R12_O15_PLAC_PRAEVIA",NA,"rs1430787","0.479",0.101,"2.19e-06","Placenta praevia"
"finngen_R12_O15_PLAC_PRAEVIA","Endometriosis (Rahmioglu)","Nk0xbD","finngen_R12_O15_PLAC_PRAEVIA",NA,"rs1451383","0.489",0.102,"1.49e-06","Placenta praevia"
"finngen_R12_O15_PLAC_PRAEVIA","Endometriosis (Rahmioglu)","Nk0xbD","finngen_R12_O15_PLAC_PRAEVIA",NA,"rs17053711","0.489",0.101,"1.37e-06","Placenta praevia"
"finngen_R12_O15_PLAC_PRAEVIA","Endometriosis (Rahmioglu)","Nk0xbD","finngen_R12_O15_PLAC_PRAEVIA",NA,"rs1903068","0.473",0.103,"3.9e-06","Placenta praevia"
"finngen_R12_O15_PLAC_PRAEVIA","Endometriosis (Rahmioglu)","Nk0xbD","finngen_R12_O15_PLAC_PRAEVIA",NA,"rs10917151","0.455",0.105,"1.53e-05","Placenta praevia"
"finngen_R12_O15_PLAC_PRAEVIA","Endometriosis (Rahmioglu)","Nk0xbD","finngen_R12_O15_PLAC_PRAEVIA",NA,"rs2036754","0.483",0.101,"1.74e-06","Placenta praevia"
"finngen_R12_O15_PLAC_PRAEVIA","Endometriosis (Rahmioglu)","Nk0xbD","finngen_R12_O15_PLAC_PRAEVIA",NA,"rs2226158","0.465",0.101,"4.32e-06","Placenta praevia"
"finngen_R12_O15_PLAC_PRAEVIA","Endometriosis (Rahmioglu)","Nk0xbD","finngen_R12_O15_PLAC_PRAEVIA",NA,"rs2421985","0.504",0.102,"6.99e-07","Placenta praevia"
"finngen_R12_O15_PLAC_PRAEVIA","Endometriosis (Rahmioglu)","Nk0xbD","finngen_R12_O15_PLAC_PRAEVIA",NA,"rs2510770","0.489",0.101,"1.33e-06","Placenta praevia"
"finngen_R12_O15_PLAC_PRAEVIA","Endometriosis (Rahmioglu)","Nk0xbD","finngen_R12_O15_PLAC_PRAEVIA",NA,"rs2946160","0.476",0.101,"2.41e-06","Placenta praevia"
"finngen_R12_O15_PLAC_PRAEVIA","Endometriosis (Rahmioglu)","Nk0xbD","finngen_R12_O15_PLAC_PRAEVIA",NA,"rs2967684","0.474",0.101,"2.91e-06","Placenta praevia"
"finngen_R12_O15_PLAC_PRAEVIA","Endometriosis (Rahmioglu)","Nk0xbD","finngen_R12_O15_PLAC_PRAEVIA",NA,"rs3803042","0.492",0.101,"1.16e-06","Placenta praevia"
"finngen_R12_O15_PLAC_PRAEVIA","Endometriosis (Rahmioglu)","Nk0xbD","finngen_R12_O15_PLAC_PRAEVIA",NA,"rs3858429","0.49",0.104,"2.46e-06","Placenta praevia"
"finngen_R12_O15_PLAC_PRAEVIA","Endometriosis (Rahmioglu)","Nk0xbD","finngen_R12_O15_PLAC_PRAEVIA",NA,"rs4540228","0.499",0.101,"8.58e-07","Placenta praevia"
"finngen_R12_O15_PLAC_PRAEVIA","Endometriosis (Rahmioglu)","Nk0xbD","finngen_R12_O15_PLAC_PRAEVIA",NA,"rs55909142","0.449",0.101,"8.66e-06","Placenta praevia"
"finngen_R12_O15_PLAC_PRAEVIA","Endometriosis (Rahmioglu)","Nk0xbD","finngen_R12_O15_PLAC_PRAEVIA",NA,"rs56090796","0.478",0.101,"2.26e-06","Placenta praevia"
"finngen_R12_O15_PLAC_PRAEVIA","Endometriosis (Rahmioglu)","Nk0xbD","finngen_R12_O15_PLAC_PRAEVIA",NA,"rs57281976","0.493",0.101,"1.16e-06","Placenta praevia"
"finngen_R12_O15_PLAC_PRAEVIA","Endometriosis (Rahmioglu)","Nk0xbD","finngen_R12_O15_PLAC_PRAEVIA",NA,"rs6435157","0.468",0.101,"3.47e-06","Placenta praevia"
"finngen_R12_O15_PLAC_PRAEVIA","Endometriosis (Rahmioglu)","Nk0xbD","finngen_R12_O15_PLAC_PRAEVIA",NA,"rs6456259","0.487",0.102,"1.74e-06","Placenta praevia"
"finngen_R12_O15_PLAC_PRAEVIA","Endometriosis (Rahmioglu)","Nk0xbD","finngen_R12_O15_PLAC_PRAEVIA",NA,"rs66683298","0.48",0.101,"2.13e-06","Placenta praevia"
"finngen_R12_O15_PLAC_PRAEVIA","Endometriosis (Rahmioglu)","Nk0xbD","finngen_R12_O15_PLAC_PRAEVIA",NA,"rs71575922","0.528",0.104,"4.03e-07","Placenta praevia"
"finngen_R12_O15_PLAC_PRAEVIA","Endometriosis (Rahmioglu)","Nk0xbD","finngen_R12_O15_PLAC_PRAEVIA",NA,"rs7214750","0.473",0.102,"3.21e-06","Placenta praevia"
"finngen_R12_O15_PLAC_PRAEVIA","Endometriosis (Rahmioglu)","Nk0xbD","finngen_R12_O15_PLAC_PRAEVIA",NA,"rs7334326","0.479",0.101,"2.18e-06","Placenta praevia"
"finngen_R12_O15_PLAC_PRAEVIA","Endometriosis (Rahmioglu)","Nk0xbD","finngen_R12_O15_PLAC_PRAEVIA",NA,"rs73633307","0.478",0.102,"2.54e-06","Placenta praevia"
"finngen_R12_O15_PLAC_PRAEVIA","Endometriosis (Rahmioglu)","Nk0xbD","finngen_R12_O15_PLAC_PRAEVIA",NA,"rs7907732","0.495",0.101,"1.05e-06","Placenta praevia"
"finngen_R12_O15_PLAC_PRAEVIA","Endometriosis (Rahmioglu)","Nk0xbD","finngen_R12_O15_PLAC_PRAEVIA",NA,"rs7924571","0.501",0.101,"7.89e-07","Placenta praevia"
"finngen_R12_O15_PLAC_PRAEVIA","Endometriosis (Rahmioglu)","Nk0xbD","finngen_R12_O15_PLAC_PRAEVIA",NA,"All","0.483",0.1,"1.46e-06","Placenta praevia"
"finngen_R12_O15_PLAC_PRAEVIA","Endometriosis (Rahmioglu)","Nk0xbD","finngen_R12_O15_PLAC_PRAEVIA",NA,"rs1971256","0.47",0.102,"4.29e-06","Placenta praevia"
"finngen_R12_O15_PLAC_PREMAT_SEPAR","Endometriosis (Rahmioglu)","Nk0xbD","finngen_R12_O15_PLAC_PREMAT_SEPAR",NA,"rs10122243","0.287",0.146,"0.05","Placental abruption"
"finngen_R12_O15_PLAC_PREMAT_SEPAR","Endometriosis (Rahmioglu)","Nk0xbD","finngen_R12_O15_PLAC_PREMAT_SEPAR",NA,"rs10757277","0.316",0.145,"0.029","Placental abruption"
"finngen_R12_O15_PLAC_PREMAT_SEPAR","Endometriosis (Rahmioglu)","Nk0xbD","finngen_R12_O15_PLAC_PREMAT_SEPAR",NA,"rs10828249","0.305",0.145,"0.036","Placental abruption"
"finngen_R12_O15_PLAC_PREMAT_SEPAR","Endometriosis (Rahmioglu)","Nk0xbD","finngen_R12_O15_PLAC_PREMAT_SEPAR",NA,"rs10090060","0.327",0.146,"0.025","Placental abruption"
"finngen_R12_O15_PLAC_PREMAT_SEPAR","Endometriosis (Rahmioglu)","Nk0xbD","finngen_R12_O15_PLAC_PREMAT_SEPAR",NA,"rs10917151","0.267",0.15,"0.076","Placental abruption"
"finngen_R12_O15_PLAC_PREMAT_SEPAR","Endometriosis (Rahmioglu)","Nk0xbD","finngen_R12_O15_PLAC_PREMAT_SEPAR",NA,"rs10983311","0.294",0.145,"0.042","Placental abruption"
"finngen_R12_O15_PLAC_PREMAT_SEPAR","Endometriosis (Rahmioglu)","Nk0xbD","finngen_R12_O15_PLAC_PREMAT_SEPAR",NA,"rs11674184","0.304",0.148,"0.04","Placental abruption"
"finngen_R12_O15_PLAC_PREMAT_SEPAR","Endometriosis (Rahmioglu)","Nk0xbD","finngen_R12_O15_PLAC_PREMAT_SEPAR",NA,"rs11756073","0.283",0.145,"0.051","Placental abruption"
"finngen_R12_O15_PLAC_PREMAT_SEPAR","Endometriosis (Rahmioglu)","Nk0xbD","finngen_R12_O15_PLAC_PREMAT_SEPAR",NA,"rs12030576","0.306",0.145,"0.036","Placental abruption"
"finngen_R12_O15_PLAC_PREMAT_SEPAR","Endometriosis (Rahmioglu)","Nk0xbD","finngen_R12_O15_PLAC_PREMAT_SEPAR",NA,"rs12320196","0.329",0.145,"0.023","Placental abruption"
"finngen_R12_O15_PLAC_PREMAT_SEPAR","Endometriosis (Rahmioglu)","Nk0xbD","finngen_R12_O15_PLAC_PREMAT_SEPAR",NA,"rs12441483","0.325",0.146,"0.025","Placental abruption"
"finngen_R12_O15_PLAC_PREMAT_SEPAR","Endometriosis (Rahmioglu)","Nk0xbD","finngen_R12_O15_PLAC_PREMAT_SEPAR",NA,"rs12549438","0.304",0.145,"0.036","Placental abruption"
"finngen_R12_O15_PLAC_PREMAT_SEPAR","Endometriosis (Rahmioglu)","Nk0xbD","finngen_R12_O15_PLAC_PREMAT_SEPAR",NA,"rs1352889","0.318",0.144,"0.028","Placental abruption"
"finngen_R12_O15_PLAC_PREMAT_SEPAR","Endometriosis (Rahmioglu)","Nk0xbD","finngen_R12_O15_PLAC_PREMAT_SEPAR",NA,"rs1430787","0.3",0.145,"0.038","Placental abruption"
"finngen_R12_O15_PLAC_PREMAT_SEPAR","Endometriosis (Rahmioglu)","Nk0xbD","finngen_R12_O15_PLAC_PREMAT_SEPAR",NA,"rs1451383","0.329",0.145,"0.024","Placental abruption"
"finngen_R12_O15_PLAC_PREMAT_SEPAR","Endometriosis (Rahmioglu)","Nk0xbD","finngen_R12_O15_PLAC_PREMAT_SEPAR",NA,"rs17053711","0.303",0.145,"0.036","Placental abruption"
"finngen_R12_O15_PLAC_PREMAT_SEPAR","Endometriosis (Rahmioglu)","Nk0xbD","finngen_R12_O15_PLAC_PREMAT_SEPAR",NA,"rs10860864","0.308",0.145,"0.033","Placental abruption"
"finngen_R12_O15_PLAC_PREMAT_SEPAR","Endometriosis (Rahmioglu)","Nk0xbD","finngen_R12_O15_PLAC_PREMAT_SEPAR",NA,"rs1971256","0.334",0.146,"0.023","Placental abruption"
"finngen_R12_O15_PLAC_PREMAT_SEPAR","Endometriosis (Rahmioglu)","Nk0xbD","finngen_R12_O15_PLAC_PREMAT_SEPAR",NA,"rs2036754","0.32",0.145,"0.027","Placental abruption"
"finngen_R12_O15_PLAC_PREMAT_SEPAR","Endometriosis (Rahmioglu)","Nk0xbD","finngen_R12_O15_PLAC_PREMAT_SEPAR",NA,"rs2226158","0.324",0.145,"0.026","Placental abruption"
"finngen_R12_O15_PLAC_PREMAT_SEPAR","Endometriosis (Rahmioglu)","Nk0xbD","finngen_R12_O15_PLAC_PREMAT_SEPAR",NA,"rs2421985","0.287",0.146,"0.049","Placental abruption"
"finngen_R12_O15_PLAC_PREMAT_SEPAR","Endometriosis (Rahmioglu)","Nk0xbD","finngen_R12_O15_PLAC_PREMAT_SEPAR",NA,"rs2510770","0.295",0.145,"0.042","Placental abruption"
"finngen_R12_O15_PLAC_PREMAT_SEPAR","Endometriosis (Rahmioglu)","Nk0xbD","finngen_R12_O15_PLAC_PREMAT_SEPAR",NA,"rs2946160","0.319",0.145,"0.027","Placental abruption"
"finngen_R12_O15_PLAC_PREMAT_SEPAR","Endometriosis (Rahmioglu)","Nk0xbD","finngen_R12_O15_PLAC_PREMAT_SEPAR",NA,"rs2967684","0.278",0.145,"0.056","Placental abruption"
"finngen_R12_O15_PLAC_PREMAT_SEPAR","Endometriosis (Rahmioglu)","Nk0xbD","finngen_R12_O15_PLAC_PREMAT_SEPAR",NA,"rs3803042","0.316",0.145,"0.029","Placental abruption"
"finngen_R12_O15_PLAC_PREMAT_SEPAR","Endometriosis (Rahmioglu)","Nk0xbD","finngen_R12_O15_PLAC_PREMAT_SEPAR",NA,"rs3858429","0.299",0.149,"0.045","Placental abruption"
"finngen_R12_O15_PLAC_PREMAT_SEPAR","Endometriosis (Rahmioglu)","Nk0xbD","finngen_R12_O15_PLAC_PREMAT_SEPAR",NA,"rs4540228","0.301",0.145,"0.038","Placental abruption"
"finngen_R12_O15_PLAC_PREMAT_SEPAR","Endometriosis (Rahmioglu)","Nk0xbD","finngen_R12_O15_PLAC_PREMAT_SEPAR",NA,"rs55909142","0.294",0.145,"0.042","Placental abruption"
"finngen_R12_O15_PLAC_PREMAT_SEPAR","Endometriosis (Rahmioglu)","Nk0xbD","finngen_R12_O15_PLAC_PREMAT_SEPAR",NA,"rs56090796","0.312",0.145,"0.031","Placental abruption"
"finngen_R12_O15_PLAC_PREMAT_SEPAR","Endometriosis (Rahmioglu)","Nk0xbD","finngen_R12_O15_PLAC_PREMAT_SEPAR",NA,"rs57281976","0.343",0.145,"0.018","Placental abruption"
"finngen_R12_O15_PLAC_PREMAT_SEPAR","Endometriosis (Rahmioglu)","Nk0xbD","finngen_R12_O15_PLAC_PREMAT_SEPAR",NA,"rs6435157","0.291",0.144,"0.044","Placental abruption"
"finngen_R12_O15_PLAC_PREMAT_SEPAR","Endometriosis (Rahmioglu)","Nk0xbD","finngen_R12_O15_PLAC_PREMAT_SEPAR",NA,"rs6456259","0.307",0.146,"0.035","Placental abruption"
"finngen_R12_O15_PLAC_PREMAT_SEPAR","Endometriosis (Rahmioglu)","Nk0xbD","finngen_R12_O15_PLAC_PREMAT_SEPAR",NA,"rs66683298","0.301",0.145,"0.038","Placental abruption"
"finngen_R12_O15_PLAC_PREMAT_SEPAR","Endometriosis (Rahmioglu)","Nk0xbD","finngen_R12_O15_PLAC_PREMAT_SEPAR",NA,"rs71575922","0.336",0.149,"0.024","Placental abruption"
"finngen_R12_O15_PLAC_PREMAT_SEPAR","Endometriosis (Rahmioglu)","Nk0xbD","finngen_R12_O15_PLAC_PREMAT_SEPAR",NA,"rs7214750","0.326",0.145,"0.025","Placental abruption"
"finngen_R12_O15_PLAC_PREMAT_SEPAR","Endometriosis (Rahmioglu)","Nk0xbD","finngen_R12_O15_PLAC_PREMAT_SEPAR",NA,"rs7334326","0.296",0.145,"0.041","Placental abruption"
"finngen_R12_O15_PLAC_PREMAT_SEPAR","Endometriosis (Rahmioglu)","Nk0xbD","finngen_R12_O15_PLAC_PREMAT_SEPAR",NA,"rs73633307","0.277",0.146,"0.057","Placental abruption"
"finngen_R12_O15_PLAC_PREMAT_SEPAR","Endometriosis (Rahmioglu)","Nk0xbD","finngen_R12_O15_PLAC_PREMAT_SEPAR",NA,"rs7907732","0.343",0.145,"0.018","Placental abruption"
"finngen_R12_O15_PLAC_PREMAT_SEPAR","Endometriosis (Rahmioglu)","Nk0xbD","finngen_R12_O15_PLAC_PREMAT_SEPAR",NA,"rs7924571","0.355",0.145,"0.015","Placental abruption"
"finngen_R12_O15_PLAC_PREMAT_SEPAR","Endometriosis (Rahmioglu)","Nk0xbD","finngen_R12_O15_PLAC_PREMAT_SEPAR",NA,"All","0.31",0.144,"0.031","Placental abruption"
"finngen_R12_O15_PLAC_PREMAT_SEPAR","Endometriosis (Rahmioglu)","Nk0xbD","finngen_R12_O15_PLAC_PREMAT_SEPAR",NA,"rs1903068","0.337",0.147,"0.022","Placental abruption"
"finngen_R12_O15_PREG_ECTOP","Endometriosis (Rahmioglu)","Nk0xbD","finngen_R12_O15_PREG_ECTOP",NA,"rs10090060","0.005",0.053,"0.922","Ectopic pregnancy"
"finngen_R12_O15_PREG_ECTOP","Endometriosis (Rahmioglu)","Nk0xbD","finngen_R12_O15_PREG_ECTOP",NA,"rs10122243","0.034",0.055,"0.536","Ectopic pregnancy"
"finngen_R12_O15_PREG_ECTOP","Endometriosis (Rahmioglu)","Nk0xbD","finngen_R12_O15_PREG_ECTOP",NA,"rs10757277","0.025",0.055,"0.646","Ectopic pregnancy"
"finngen_R12_O15_PREG_ECTOP","Endometriosis (Rahmioglu)","Nk0xbD","finngen_R12_O15_PREG_ECTOP",NA,"rs10860864","0.027",0.055,"0.619","Ectopic pregnancy"
"finngen_R12_O15_PREG_ECTOP","Endometriosis (Rahmioglu)","Nk0xbD","finngen_R12_O15_PREG_ECTOP",NA,"rs10917151","0.034",0.057,"0.554","Ectopic pregnancy"
"finngen_R12_O15_PREG_ECTOP","Endometriosis (Rahmioglu)","Nk0xbD","finngen_R12_O15_PREG_ECTOP",NA,"rs10983311","0.022",0.055,"0.691","Ectopic pregnancy"
"finngen_R12_O15_PREG_ECTOP","Endometriosis (Rahmioglu)","Nk0xbD","finngen_R12_O15_PREG_ECTOP",NA,"rs11674184","0.001",0.055,"0.98","Ectopic pregnancy"
"finngen_R12_O15_PREG_ECTOP","Endometriosis (Rahmioglu)","Nk0xbD","finngen_R12_O15_PREG_ECTOP",NA,"rs11756073","0.03",0.055,"0.589","Ectopic pregnancy"
"finngen_R12_O15_PREG_ECTOP","Endometriosis (Rahmioglu)","Nk0xbD","finngen_R12_O15_PREG_ECTOP",NA,"rs12030576","0.021",0.056,"0.703","Ectopic pregnancy"
"finngen_R12_O15_PREG_ECTOP","Endometriosis (Rahmioglu)","Nk0xbD","finngen_R12_O15_PREG_ECTOP",NA,"rs12320196","0.031",0.055,"0.571","Ectopic pregnancy"
"finngen_R12_O15_PREG_ECTOP","Endometriosis (Rahmioglu)","Nk0xbD","finngen_R12_O15_PREG_ECTOP",NA,"rs12441483","0.038",0.053,"0.475","Ectopic pregnancy"
"finngen_R12_O15_PREG_ECTOP","Endometriosis (Rahmioglu)","Nk0xbD","finngen_R12_O15_PREG_ECTOP",NA,"rs12549438","0.02",0.055,"0.715","Ectopic pregnancy"
"finngen_R12_O15_PREG_ECTOP","Endometriosis (Rahmioglu)","Nk0xbD","finngen_R12_O15_PREG_ECTOP",NA,"rs1352889","0.019",0.055,"0.732","Ectopic pregnancy"
"finngen_R12_O15_PREG_ECTOP","Endometriosis (Rahmioglu)","Nk0xbD","finngen_R12_O15_PREG_ECTOP",NA,"rs1430787","0.019",0.055,"0.731","Ectopic pregnancy"
"finngen_R12_O15_PREG_ECTOP","Endometriosis (Rahmioglu)","Nk0xbD","finngen_R12_O15_PREG_ECTOP",NA,"rs1451383","0.028",0.055,"0.619","Ectopic pregnancy"
"finngen_R12_O15_PREG_ECTOP","Endometriosis (Rahmioglu)","Nk0xbD","finngen_R12_O15_PREG_ECTOP",NA,"rs10828249","0.008",0.053,"0.877","Ectopic pregnancy"
"finngen_R12_O15_PREG_ECTOP","Endometriosis (Rahmioglu)","Nk0xbD","finngen_R12_O15_PREG_ECTOP",NA,"rs1971256","0.013",0.055,"0.818","Ectopic pregnancy"
"finngen_R12_O15_PREG_ECTOP","Endometriosis (Rahmioglu)","Nk0xbD","finngen_R12_O15_PREG_ECTOP",NA,"rs2036754","0.014",0.054,"0.795","Ectopic pregnancy"
"finngen_R12_O15_PREG_ECTOP","Endometriosis (Rahmioglu)","Nk0xbD","finngen_R12_O15_PREG_ECTOP",NA,"rs2226158","0.021",0.055,"0.708","Ectopic pregnancy"
"finngen_R12_O15_PREG_ECTOP","Endometriosis (Rahmioglu)","Nk0xbD","finngen_R12_O15_PREG_ECTOP",NA,"rs2421985","0.035",0.054,"0.52","Ectopic pregnancy"
"finngen_R12_O15_PREG_ECTOP","Endometriosis (Rahmioglu)","Nk0xbD","finngen_R12_O15_PREG_ECTOP",NA,"rs2510770","0.028",0.055,"0.616","Ectopic pregnancy"
"finngen_R12_O15_PREG_ECTOP","Endometriosis (Rahmioglu)","Nk0xbD","finngen_R12_O15_PREG_ECTOP",NA,"rs2946160","0.022",0.055,"0.696","Ectopic pregnancy"
"finngen_R12_O15_PREG_ECTOP","Endometriosis (Rahmioglu)","Nk0xbD","finngen_R12_O15_PREG_ECTOP",NA,"rs2967684","0.015",0.055,"0.784","Ectopic pregnancy"
"finngen_R12_O15_PREG_ECTOP","Endometriosis (Rahmioglu)","Nk0xbD","finngen_R12_O15_PREG_ECTOP",NA,"rs3803042","0.023",0.055,"0.678","Ectopic pregnancy"
"finngen_R12_O15_PREG_ECTOP","Endometriosis (Rahmioglu)","Nk0xbD","finngen_R12_O15_PREG_ECTOP",NA,"rs3858429","0.018",0.057,"0.757","Ectopic pregnancy"
"finngen_R12_O15_PREG_ECTOP","Endometriosis (Rahmioglu)","Nk0xbD","finngen_R12_O15_PREG_ECTOP",NA,"rs4540228","0.031",0.055,"0.569","Ectopic pregnancy"
"finngen_R12_O15_PREG_ECTOP","Endometriosis (Rahmioglu)","Nk0xbD","finngen_R12_O15_PREG_ECTOP",NA,"rs55909142","0.013",0.054,"0.804","Ectopic pregnancy"
"finngen_R12_O15_PREG_ECTOP","Endometriosis (Rahmioglu)","Nk0xbD","finngen_R12_O15_PREG_ECTOP",NA,"rs56090796","0.023",0.055,"0.676","Ectopic pregnancy"
"finngen_R12_O15_PREG_ECTOP","Endometriosis (Rahmioglu)","Nk0xbD","finngen_R12_O15_PREG_ECTOP",NA,"rs57281976","0.026",0.055,"0.637","Ectopic pregnancy"
"finngen_R12_O15_PREG_ECTOP","Endometriosis (Rahmioglu)","Nk0xbD","finngen_R12_O15_PREG_ECTOP",NA,"rs6435157","0.025",0.055,"0.651","Ectopic pregnancy"
"finngen_R12_O15_PREG_ECTOP","Endometriosis (Rahmioglu)","Nk0xbD","finngen_R12_O15_PREG_ECTOP",NA,"rs6456259","0.041",0.053,"0.444","Ectopic pregnancy"
"finngen_R12_O15_PREG_ECTOP","Endometriosis (Rahmioglu)","Nk0xbD","finngen_R12_O15_PREG_ECTOP",NA,"rs66683298","0.03",0.055,"0.581","Ectopic pregnancy"
"finngen_R12_O15_PREG_ECTOP","Endometriosis (Rahmioglu)","Nk0xbD","finngen_R12_O15_PREG_ECTOP",NA,"rs71575922","0.009",0.057,"0.875","Ectopic pregnancy"
"finngen_R12_O15_PREG_ECTOP","Endometriosis (Rahmioglu)","Nk0xbD","finngen_R12_O15_PREG_ECTOP",NA,"rs7214750","0.017",0.055,"0.755","Ectopic pregnancy"
"finngen_R12_O15_PREG_ECTOP","Endometriosis (Rahmioglu)","Nk0xbD","finngen_R12_O15_PREG_ECTOP",NA,"rs7334326","0.023",0.055,"0.676","Ectopic pregnancy"
"finngen_R12_O15_PREG_ECTOP","Endometriosis (Rahmioglu)","Nk0xbD","finngen_R12_O15_PREG_ECTOP",NA,"rs73633307","0.008",0.054,"0.883","Ectopic pregnancy"
"finngen_R12_O15_PREG_ECTOP","Endometriosis (Rahmioglu)","Nk0xbD","finngen_R12_O15_PREG_ECTOP",NA,"rs7907732","0.015",0.055,"0.779","Ectopic pregnancy"
"finngen_R12_O15_PREG_ECTOP","Endometriosis (Rahmioglu)","Nk0xbD","finngen_R12_O15_PREG_ECTOP",NA,"rs7924571","0.016",0.055,"0.767","Ectopic pregnancy"
"finngen_R12_O15_PREG_ECTOP","Endometriosis (Rahmioglu)","Nk0xbD","finngen_R12_O15_PREG_ECTOP",NA,"All","0.022",0.054,"0.683","Ectopic pregnancy"
"finngen_R12_O15_PREG_ECTOP","Endometriosis (Rahmioglu)","Nk0xbD","finngen_R12_O15_PREG_ECTOP",NA,"rs17053711","0.026",0.055,"0.64","Ectopic pregnancy"
"finngen_R12_O15_PREG_ECTOP","Endometriosis (Rahmioglu)","Nk0xbD","finngen_R12_O15_PREG_ECTOP",NA,"rs1903068","0.032",0.056,"0.567","Ectopic pregnancy"
"ga_all","Endometriosis (Rahmioglu)","Nk0xbD","ga_all",210082,"rs10860864","0.101",0.073,"0.168","Gestational age (all)"
"ga_all","Endometriosis (Rahmioglu)","Nk0xbD","ga_all",210082,"rs10917151","0.041",0.07,"0.556","Gestational age (all)"
"ga_all","Endometriosis (Rahmioglu)","Nk0xbD","ga_all",210082,"rs10090060","0.137",0.066,"0.04","Gestational age (all)"
"ga_all","Endometriosis (Rahmioglu)","Nk0xbD","ga_all",210082,"rs10122243","0.102",0.074,"0.169","Gestational age (all)"
"ga_all","Endometriosis (Rahmioglu)","Nk0xbD","ga_all",210082,"rs11756073","0.105",0.073,"0.15","Gestational age (all)"
"ga_all","Endometriosis (Rahmioglu)","Nk0xbD","ga_all",210082,"rs12030576","0.105",0.074,"0.155","Gestational age (all)"
"ga_all","Endometriosis (Rahmioglu)","Nk0xbD","ga_all",210082,"rs12441483","0.101",0.073,"0.17","Gestational age (all)"
"ga_all","Endometriosis (Rahmioglu)","Nk0xbD","ga_all",210082,"rs12549438","0.1",0.073,"0.17","Gestational age (all)"
"ga_all","Endometriosis (Rahmioglu)","Nk0xbD","ga_all",210082,"rs1352889","0.094",0.072,"0.194","Gestational age (all)"
"ga_all","Endometriosis (Rahmioglu)","Nk0xbD","ga_all",210082,"rs1430787","0.098",0.073,"0.177","Gestational age (all)"
"ga_all","Endometriosis (Rahmioglu)","Nk0xbD","ga_all",210082,"rs1451383","0.116",0.072,"0.107","Gestational age (all)"
"ga_all","Endometriosis (Rahmioglu)","Nk0xbD","ga_all",210082,"rs17053711","0.11",0.073,"0.128","Gestational age (all)"
"ga_all","Endometriosis (Rahmioglu)","Nk0xbD","ga_all",210082,"rs1903068","0.099",0.075,"0.183","Gestational age (all)"
"ga_all","Endometriosis (Rahmioglu)","Nk0xbD","ga_all",210082,"rs2036754","0.1",0.073,"0.172","Gestational age (all)"
"ga_all","Endometriosis (Rahmioglu)","Nk0xbD","ga_all",210082,"rs2226158","0.102",0.073,"0.165","Gestational age (all)"
"ga_all","Endometriosis (Rahmioglu)","Nk0xbD","ga_all",210082,"rs10983311","0.105",0.073,"0.152","Gestational age (all)"
"ga_all","Endometriosis (Rahmioglu)","Nk0xbD","ga_all",210082,"rs11674184","0.124",0.073,"0.09","Gestational age (all)"
"ga_all","Endometriosis (Rahmioglu)","Nk0xbD","ga_all",210082,"rs2946160","0.068",0.057,"0.23","Gestational age (all)"
"ga_all","Endometriosis (Rahmioglu)","Nk0xbD","ga_all",210082,"rs3803042","0.106",0.073,"0.148","Gestational age (all)"
"ga_all","Endometriosis (Rahmioglu)","Nk0xbD","ga_all",210082,"rs4540228","0.095",0.073,"0.192","Gestational age (all)"
"ga_all","Endometriosis (Rahmioglu)","Nk0xbD","ga_all",210082,"rs507666","0.112",0.072,"0.122","Gestational age (all)"
"ga_all","Endometriosis (Rahmioglu)","Nk0xbD","ga_all",210082,"rs55909142","0.109",0.073,"0.134","Gestational age (all)"
"ga_all","Endometriosis (Rahmioglu)","Nk0xbD","ga_all",210082,"rs56090796","0.108",0.073,"0.138","Gestational age (all)"
"ga_all","Endometriosis (Rahmioglu)","Nk0xbD","ga_all",210082,"rs57281976","0.098",0.073,"0.181","Gestational age (all)"
"ga_all","Endometriosis (Rahmioglu)","Nk0xbD","ga_all",210082,"rs6435157","0.103",0.073,"0.157","Gestational age (all)"
"ga_all","Endometriosis (Rahmioglu)","Nk0xbD","ga_all",210082,"rs6456259","0.105",0.074,"0.153","Gestational age (all)"
"ga_all","Endometriosis (Rahmioglu)","Nk0xbD","ga_all",210082,"rs66683298","0.097",0.073,"0.184","Gestational age (all)"
"ga_all","Endometriosis (Rahmioglu)","Nk0xbD","ga_all",210082,"rs71575922","0.124",0.074,"0.095","Gestational age (all)"
"ga_all","Endometriosis (Rahmioglu)","Nk0xbD","ga_all",210082,"rs7214750","0.11",0.073,"0.131","Gestational age (all)"
"ga_all","Endometriosis (Rahmioglu)","Nk0xbD","ga_all",210082,"rs7334326","0.102",0.073,"0.161","Gestational age (all)"
"ga_all","Endometriosis (Rahmioglu)","Nk0xbD","ga_all",210082,"rs7907732","0.102",0.073,"0.164","Gestational age (all)"
"ga_all","Endometriosis (Rahmioglu)","Nk0xbD","ga_all",210082,"rs7924571","0.111",0.073,"0.126","Gestational age (all)"
"ga_all","Endometriosis (Rahmioglu)","Nk0xbD","ga_all",210082,"All","0.103",0.071,"0.15","Gestational age (all)"
"ga_all","Endometriosis (Rahmioglu)","Nk0xbD","ga_all",210082,"rs2421985","0.099",0.074,"0.178","Gestational age (all)"
"ga_all","Endometriosis (Rahmioglu)","Nk0xbD","ga_all",210082,"rs2510770","0.098",0.073,"0.179","Gestational age (all)"
"ga_subsamp","Endometriosis (Rahmioglu)","Nk0xbD","ga_subsamp",213133,"rs10090060","0.126",0.066,"0.056","Gestational age (subsample)"
"ga_subsamp","Endometriosis (Rahmioglu)","Nk0xbD","ga_subsamp",213133,"rs10917151","0.025",0.07,"0.716","Gestational age (subsample)"
"ga_subsamp","Endometriosis (Rahmioglu)","Nk0xbD","ga_subsamp",213133,"rs10983311","0.092",0.074,"0.211","Gestational age (subsample)"
"ga_subsamp","Endometriosis (Rahmioglu)","Nk0xbD","ga_subsamp",213133,"rs10122243","0.09",0.075,"0.229","Gestational age (subsample)"
"ga_subsamp","Endometriosis (Rahmioglu)","Nk0xbD","ga_subsamp",213133,"rs10860864","0.09",0.074,"0.222","Gestational age (subsample)"
"ga_subsamp","Endometriosis (Rahmioglu)","Nk0xbD","ga_subsamp",213133,"rs12030576","0.094",0.074,"0.206","Gestational age (subsample)"
"ga_subsamp","Endometriosis (Rahmioglu)","Nk0xbD","ga_subsamp",213133,"rs12441483","0.089",0.074,"0.23","Gestational age (subsample)"
"ga_subsamp","Endometriosis (Rahmioglu)","Nk0xbD","ga_subsamp",213133,"rs11674184","0.112",0.074,"0.129","Gestational age (subsample)"
"ga_subsamp","Endometriosis (Rahmioglu)","Nk0xbD","ga_subsamp",213133,"rs11756073","0.092",0.074,"0.209","Gestational age (subsample)"
"ga_subsamp","Endometriosis (Rahmioglu)","Nk0xbD","ga_subsamp",213133,"rs1430787","0.088",0.073,"0.233","Gestational age (subsample)"
"ga_subsamp","Endometriosis (Rahmioglu)","Nk0xbD","ga_subsamp",213133,"rs1451383","0.105",0.072,"0.148","Gestational age (subsample)"
"ga_subsamp","Endometriosis (Rahmioglu)","Nk0xbD","ga_subsamp",213133,"rs17053711","0.1",0.073,"0.169","Gestational age (subsample)"
"ga_subsamp","Endometriosis (Rahmioglu)","Nk0xbD","ga_subsamp",213133,"rs1903068","0.09",0.075,"0.233","Gestational age (subsample)"
"ga_subsamp","Endometriosis (Rahmioglu)","Nk0xbD","ga_subsamp",213133,"rs2036754","0.087",0.073,"0.234","Gestational age (subsample)"
"ga_subsamp","Endometriosis (Rahmioglu)","Nk0xbD","ga_subsamp",213133,"rs2226158","0.092",0.074,"0.21","Gestational age (subsample)"
"ga_subsamp","Endometriosis (Rahmioglu)","Nk0xbD","ga_subsamp",213133,"rs2421985","0.086",0.074,"0.243","Gestational age (subsample)"
"ga_subsamp","Endometriosis (Rahmioglu)","Nk0xbD","ga_subsamp",213133,"rs2510770","0.086",0.073,"0.238","Gestational age (subsample)"
"ga_subsamp","Endometriosis (Rahmioglu)","Nk0xbD","ga_subsamp",213133,"rs2946160","0.059",0.06,"0.323","Gestational age (subsample)"
"ga_subsamp","Endometriosis (Rahmioglu)","Nk0xbD","ga_subsamp",213133,"rs3803042","0.096",0.073,"0.192","Gestational age (subsample)"
"ga_subsamp","Endometriosis (Rahmioglu)","Nk0xbD","ga_subsamp",213133,"rs4540228","0.083",0.073,"0.257","Gestational age (subsample)"
"ga_subsamp","Endometriosis (Rahmioglu)","Nk0xbD","ga_subsamp",213133,"rs12549438","0.089",0.074,"0.227","Gestational age (subsample)"
"ga_subsamp","Endometriosis (Rahmioglu)","Nk0xbD","ga_subsamp",213133,"rs1352889","0.082",0.073,"0.257","Gestational age (subsample)"
"ga_subsamp","Endometriosis (Rahmioglu)","Nk0xbD","ga_subsamp",213133,"rs56090796","0.096",0.073,"0.19","Gestational age (subsample)"
"ga_subsamp","Endometriosis (Rahmioglu)","Nk0xbD","ga_subsamp",213133,"rs57281976","0.085",0.073,"0.248","Gestational age (subsample)"
"ga_subsamp","Endometriosis (Rahmioglu)","Nk0xbD","ga_subsamp",213133,"rs6435157","0.092",0.074,"0.212","Gestational age (subsample)"
"ga_subsamp","Endometriosis (Rahmioglu)","Nk0xbD","ga_subsamp",213133,"rs6456259","0.095",0.074,"0.199","Gestational age (subsample)"
"ga_subsamp","Endometriosis (Rahmioglu)","Nk0xbD","ga_subsamp",213133,"rs66683298","0.085",0.073,"0.247","Gestational age (subsample)"
"ga_subsamp","Endometriosis (Rahmioglu)","Nk0xbD","ga_subsamp",213133,"rs71575922","0.114",0.075,"0.128","Gestational age (subsample)"
"ga_subsamp","Endometriosis (Rahmioglu)","Nk0xbD","ga_subsamp",213133,"rs7214750","0.098",0.073,"0.181","Gestational age (subsample)"
"ga_subsamp","Endometriosis (Rahmioglu)","Nk0xbD","ga_subsamp",213133,"rs7334326","0.092",0.074,"0.211","Gestational age (subsample)"
"ga_subsamp","Endometriosis (Rahmioglu)","Nk0xbD","ga_subsamp",213133,"rs7907732","0.09",0.074,"0.224","Gestational age (subsample)"
"ga_subsamp","Endometriosis (Rahmioglu)","Nk0xbD","ga_subsamp",213133,"rs7924571","0.1",0.073,"0.173","Gestational age (subsample)"
"ga_subsamp","Endometriosis (Rahmioglu)","Nk0xbD","ga_subsamp",213133,"All","0.091",0.072,"0.204","Gestational age (subsample)"
"ga_subsamp","Endometriosis (Rahmioglu)","Nk0xbD","ga_subsamp",213133,"rs507666","0.1",0.073,"0.168","Gestational age (subsample)"
"ga_subsamp","Endometriosis (Rahmioglu)","Nk0xbD","ga_subsamp",213133,"rs55909142","0.096",0.073,"0.188","Gestational age (subsample)"
"gdm_subsamp","Endometriosis (Rahmioglu)","Nk0xbD","gdm_subsamp",714933,"rs10090060","-0.036",0.035,"0.31","Gestational diabetes (subsample)"
"gdm_subsamp","Endometriosis (Rahmioglu)","Nk0xbD","gdm_subsamp",714933,"rs10917151","-0.017",0.037,"0.646","Gestational diabetes (subsample)"
"gdm_subsamp","Endometriosis (Rahmioglu)","Nk0xbD","gdm_subsamp",714933,"rs10983311","-0.037",0.035,"0.296","Gestational diabetes (subsample)"
"gdm_subsamp","Endometriosis (Rahmioglu)","Nk0xbD","gdm_subsamp",714933,"rs11674184","-0.04",0.036,"0.26","Gestational diabetes (subsample)"
"gdm_subsamp","Endometriosis (Rahmioglu)","Nk0xbD","gdm_subsamp",714933,"rs11756073","-0.032",0.035,"0.362","Gestational diabetes (subsample)"
"gdm_subsamp","Endometriosis (Rahmioglu)","Nk0xbD","gdm_subsamp",714933,"rs12030576","-0.038",0.035,"0.274","Gestational diabetes (subsample)"
"gdm_subsamp","Endometriosis (Rahmioglu)","Nk0xbD","gdm_subsamp",714933,"rs12441483","-0.037",0.035,"0.294","Gestational diabetes (subsample)"
"gdm_subsamp","Endometriosis (Rahmioglu)","Nk0xbD","gdm_subsamp",714933,"rs12549438","-0.043",0.035,"0.221","Gestational diabetes (subsample)"
"gdm_subsamp","Endometriosis (Rahmioglu)","Nk0xbD","gdm_subsamp",714933,"rs1352889","-0.038",0.035,"0.275","Gestational diabetes (subsample)"
"gdm_subsamp","Endometriosis (Rahmioglu)","Nk0xbD","gdm_subsamp",714933,"rs1430787","-0.041",0.035,"0.241","Gestational diabetes (subsample)"
"gdm_subsamp","Endometriosis (Rahmioglu)","Nk0xbD","gdm_subsamp",714933,"rs1451383","-0.026",0.035,"0.453","Gestational diabetes (subsample)"
"gdm_subsamp","Endometriosis (Rahmioglu)","Nk0xbD","gdm_subsamp",714933,"rs17053711","-0.034",0.035,"0.329","Gestational diabetes (subsample)"
"gdm_subsamp","Endometriosis (Rahmioglu)","Nk0xbD","gdm_subsamp",714933,"rs10122243","-0.04",0.035,"0.251","Gestational diabetes (subsample)"
"gdm_subsamp","Endometriosis (Rahmioglu)","Nk0xbD","gdm_subsamp",714933,"rs10860864","-0.037",0.035,"0.291","Gestational diabetes (subsample)"
"gdm_subsamp","Endometriosis (Rahmioglu)","Nk0xbD","gdm_subsamp",714933,"rs2226158","-0.034",0.035,"0.334","Gestational diabetes (subsample)"
"gdm_subsamp","Endometriosis (Rahmioglu)","Nk0xbD","gdm_subsamp",714933,"rs2421985","-0.022",0.035,"0.529","Gestational diabetes (subsample)"
"gdm_subsamp","Endometriosis (Rahmioglu)","Nk0xbD","gdm_subsamp",714933,"rs2510770","-0.03",0.035,"0.393","Gestational diabetes (subsample)"
"gdm_subsamp","Endometriosis (Rahmioglu)","Nk0xbD","gdm_subsamp",714933,"rs2946160","-0.033",0.035,"0.348","Gestational diabetes (subsample)"
"gdm_subsamp","Endometriosis (Rahmioglu)","Nk0xbD","gdm_subsamp",714933,"rs3803042","-0.031",0.035,"0.376","Gestational diabetes (subsample)"
"gdm_subsamp","Endometriosis (Rahmioglu)","Nk0xbD","gdm_subsamp",714933,"rs4540228","-0.033",0.035,"0.349","Gestational diabetes (subsample)"
"gdm_subsamp","Endometriosis (Rahmioglu)","Nk0xbD","gdm_subsamp",714933,"rs55909142","-0.036",0.035,"0.304","Gestational diabetes (subsample)"
"gdm_subsamp","Endometriosis (Rahmioglu)","Nk0xbD","gdm_subsamp",714933,"rs56090796","-0.04",0.035,"0.247","Gestational diabetes (subsample)"
"gdm_subsamp","Endometriosis (Rahmioglu)","Nk0xbD","gdm_subsamp",714933,"rs57281976","-0.029",0.035,"0.404","Gestational diabetes (subsample)"
"gdm_subsamp","Endometriosis (Rahmioglu)","Nk0xbD","gdm_subsamp",714933,"rs6435157","-0.037",0.035,"0.286","Gestational diabetes (subsample)"
"gdm_subsamp","Endometriosis (Rahmioglu)","Nk0xbD","gdm_subsamp",714933,"rs6456259","-0.027",0.035,"0.435","Gestational diabetes (subsample)"
"gdm_subsamp","Endometriosis (Rahmioglu)","Nk0xbD","gdm_subsamp",714933,"rs1903068","-0.02",0.035,"0.577","Gestational diabetes (subsample)"
"gdm_subsamp","Endometriosis (Rahmioglu)","Nk0xbD","gdm_subsamp",714933,"rs2036754","-0.028",0.035,"0.418","Gestational diabetes (subsample)"
"gdm_subsamp","Endometriosis (Rahmioglu)","Nk0xbD","gdm_subsamp",714933,"rs7214750","-0.038",0.035,"0.275","Gestational diabetes (subsample)"
"gdm_subsamp","Endometriosis (Rahmioglu)","Nk0xbD","gdm_subsamp",714933,"rs7334326","-0.04",0.035,"0.251","Gestational diabetes (subsample)"
"gdm_subsamp","Endometriosis (Rahmioglu)","Nk0xbD","gdm_subsamp",714933,"rs7907732","-0.033",0.035,"0.351","Gestational diabetes (subsample)"
"gdm_subsamp","Endometriosis (Rahmioglu)","Nk0xbD","gdm_subsamp",714933,"rs7924571","-0.038",0.035,"0.273","Gestational diabetes (subsample)"
"gdm_subsamp","Endometriosis (Rahmioglu)","Nk0xbD","gdm_subsamp",714933,"All","-0.034",0.034,"0.318","Gestational diabetes (subsample)"
"gdm_subsamp","Endometriosis (Rahmioglu)","Nk0xbD","gdm_subsamp",714933,"rs66683298","-0.042",0.035,"0.233","Gestational diabetes (subsample)"
"gdm_subsamp","Endometriosis (Rahmioglu)","Nk0xbD","gdm_subsamp",714933,"rs71575922","-0.049",0.036,"0.178","Gestational diabetes (subsample)"
"gh_subsamp","Endometriosis (Rahmioglu)","Nk0xbD","gh_subsamp",527973,"rs10860864","-0.055",0.042,"0.19","Gestational hypertension (subsample)"
"gh_subsamp","Endometriosis (Rahmioglu)","Nk0xbD","gh_subsamp",527973,"rs10917151","-0.07",0.044,"0.108","Gestational hypertension (subsample)"
"gh_subsamp","Endometriosis (Rahmioglu)","Nk0xbD","gh_subsamp",527973,"rs10090060","-0.055",0.043,"0.196","Gestational hypertension (subsample)"
"gh_subsamp","Endometriosis (Rahmioglu)","Nk0xbD","gh_subsamp",527973,"rs10122243","-0.064",0.042,"0.126","Gestational hypertension (subsample)"
"gh_subsamp","Endometriosis (Rahmioglu)","Nk0xbD","gh_subsamp",527973,"rs11756073","-0.048",0.042,"0.255","Gestational hypertension (subsample)"
"gh_subsamp","Endometriosis (Rahmioglu)","Nk0xbD","gh_subsamp",527973,"rs12030576","-0.047",0.042,"0.266","Gestational hypertension (subsample)"
"gh_subsamp","Endometriosis (Rahmioglu)","Nk0xbD","gh_subsamp",527973,"rs10983311","-0.058",0.042,"0.162","Gestational hypertension (subsample)"
"gh_subsamp","Endometriosis (Rahmioglu)","Nk0xbD","gh_subsamp",527973,"rs11674184","-0.046",0.043,"0.288","Gestational hypertension (subsample)"
"gh_subsamp","Endometriosis (Rahmioglu)","Nk0xbD","gh_subsamp",527973,"rs1352889","-0.056",0.042,"0.177","Gestational hypertension (subsample)"
"gh_subsamp","Endometriosis (Rahmioglu)","Nk0xbD","gh_subsamp",527973,"rs1430787","-0.054",0.042,"0.205","Gestational hypertension (subsample)"
"gh_subsamp","Endometriosis (Rahmioglu)","Nk0xbD","gh_subsamp",527973,"rs1451383","-0.058",0.042,"0.164","Gestational hypertension (subsample)"
"gh_subsamp","Endometriosis (Rahmioglu)","Nk0xbD","gh_subsamp",527973,"rs17053711","-0.051",0.042,"0.225","Gestational hypertension (subsample)"
"gh_subsamp","Endometriosis (Rahmioglu)","Nk0xbD","gh_subsamp",527973,"rs1903068","-0.041",0.042,"0.336","Gestational hypertension (subsample)"
"gh_subsamp","Endometriosis (Rahmioglu)","Nk0xbD","gh_subsamp",527973,"rs2036754","-0.06",0.041,"0.144","Gestational hypertension (subsample)"
"gh_subsamp","Endometriosis (Rahmioglu)","Nk0xbD","gh_subsamp",527973,"rs2226158","-0.049",0.042,"0.244","Gestational hypertension (subsample)"
"gh_subsamp","Endometriosis (Rahmioglu)","Nk0xbD","gh_subsamp",527973,"rs2421985","-0.051",0.043,"0.234","Gestational hypertension (subsample)"
"gh_subsamp","Endometriosis (Rahmioglu)","Nk0xbD","gh_subsamp",527973,"rs2510770","-0.046",0.041,"0.267","Gestational hypertension (subsample)"
"gh_subsamp","Endometriosis (Rahmioglu)","Nk0xbD","gh_subsamp",527973,"rs2946160","-0.04",0.039,"0.297","Gestational hypertension (subsample)"
"gh_subsamp","Endometriosis (Rahmioglu)","Nk0xbD","gh_subsamp",527973,"rs3803042","-0.045",0.041,"0.275","Gestational hypertension (subsample)"
"gh_subsamp","Endometriosis (Rahmioglu)","Nk0xbD","gh_subsamp",527973,"rs12441483","-0.056",0.042,"0.183","Gestational hypertension (subsample)"
"gh_subsamp","Endometriosis (Rahmioglu)","Nk0xbD","gh_subsamp",527973,"rs12549438","-0.053",0.042,"0.207","Gestational hypertension (subsample)"
"gh_subsamp","Endometriosis (Rahmioglu)","Nk0xbD","gh_subsamp",527973,"rs56090796","-0.058",0.042,"0.167","Gestational hypertension (subsample)"
"gh_subsamp","Endometriosis (Rahmioglu)","Nk0xbD","gh_subsamp",527973,"rs57281976","-0.06",0.041,"0.146","Gestational hypertension (subsample)"
"gh_subsamp","Endometriosis (Rahmioglu)","Nk0xbD","gh_subsamp",527973,"rs6435157","-0.05",0.042,"0.231","Gestational hypertension (subsample)"
"gh_subsamp","Endometriosis (Rahmioglu)","Nk0xbD","gh_subsamp",527973,"rs6456259","-0.054",0.043,"0.206","Gestational hypertension (subsample)"
"gh_subsamp","Endometriosis (Rahmioglu)","Nk0xbD","gh_subsamp",527973,"rs66683298","-0.05",0.042,"0.236","Gestational hypertension (subsample)"
"gh_subsamp","Endometriosis (Rahmioglu)","Nk0xbD","gh_subsamp",527973,"rs71575922","-0.047",0.043,"0.273","Gestational hypertension (subsample)"
"gh_subsamp","Endometriosis (Rahmioglu)","Nk0xbD","gh_subsamp",527973,"rs7214750","-0.043",0.041,"0.297","Gestational hypertension (subsample)"
"gh_subsamp","Endometriosis (Rahmioglu)","Nk0xbD","gh_subsamp",527973,"rs7334326","-0.049",0.042,"0.246","Gestational hypertension (subsample)"
"gh_subsamp","Endometriosis (Rahmioglu)","Nk0xbD","gh_subsamp",527973,"rs7907732","-0.053",0.042,"0.214","Gestational hypertension (subsample)"
"gh_subsamp","Endometriosis (Rahmioglu)","Nk0xbD","gh_subsamp",527973,"rs7924571","-0.047",0.042,"0.26","Gestational hypertension (subsample)"
"gh_subsamp","Endometriosis (Rahmioglu)","Nk0xbD","gh_subsamp",527973,"All","-0.053",0.041,"0.202","Gestational hypertension (subsample)"
"gh_subsamp","Endometriosis (Rahmioglu)","Nk0xbD","gh_subsamp",527973,"rs4540228","-0.071",0.038,"0.061","Gestational hypertension (subsample)"
"gh_subsamp","Endometriosis (Rahmioglu)","Nk0xbD","gh_subsamp",527973,"rs55909142","-0.052",0.042,"0.221","Gestational hypertension (subsample)"
"hbw_all","Endometriosis (Rahmioglu)","Nk0xbD","hbw_all",266874,"rs10860864","0.043",0.081,"0.599","High birthweight (>4000 g)"
"hbw_all","Endometriosis (Rahmioglu)","Nk0xbD","hbw_all",266874,"rs10917151","0.031",0.085,"0.716","High birthweight (>4000 g)"
"hbw_all","Endometriosis (Rahmioglu)","Nk0xbD","hbw_all",266874,"rs10983311","0.05",0.081,"0.538","High birthweight (>4000 g)"
"hbw_all","Endometriosis (Rahmioglu)","Nk0xbD","hbw_all",266874,"rs11674184","0.033",0.083,"0.69","High birthweight (>4000 g)"
"hbw_all","Endometriosis (Rahmioglu)","Nk0xbD","hbw_all",266874,"rs11756073","0.038",0.08,"0.632","High birthweight (>4000 g)"
"hbw_all","Endometriosis (Rahmioglu)","Nk0xbD","hbw_all",266874,"rs12030576","0.053",0.082,"0.518","High birthweight (>4000 g)"
"hbw_all","Endometriosis (Rahmioglu)","Nk0xbD","hbw_all",266874,"rs12441483","0.045",0.082,"0.583","High birthweight (>4000 g)"
"hbw_all","Endometriosis (Rahmioglu)","Nk0xbD","hbw_all",266874,"rs12549438","0.049",0.081,"0.545","High birthweight (>4000 g)"
"hbw_all","Endometriosis (Rahmioglu)","Nk0xbD","hbw_all",266874,"rs1352889","0.041",0.081,"0.609","High birthweight (>4000 g)"
"hbw_all","Endometriosis (Rahmioglu)","Nk0xbD","hbw_all",266874,"rs1430787","0.047",0.081,"0.564","High birthweight (>4000 g)"
"hbw_all","Endometriosis (Rahmioglu)","Nk0xbD","hbw_all",266874,"rs1451383","0.072",0.077,"0.347","High birthweight (>4000 g)"
"hbw_all","Endometriosis (Rahmioglu)","Nk0xbD","hbw_all",266874,"rs17053711","0.059",0.08,"0.463","High birthweight (>4000 g)"
"hbw_all","Endometriosis (Rahmioglu)","Nk0xbD","hbw_all",266874,"rs1903068","0.041",0.083,"0.624","High birthweight (>4000 g)"
"hbw_all","Endometriosis (Rahmioglu)","Nk0xbD","hbw_all",266874,"rs2036754","0.042",0.081,"0.604","High birthweight (>4000 g)"
"hbw_all","Endometriosis (Rahmioglu)","Nk0xbD","hbw_all",266874,"rs2226158","0.06",0.08,"0.457","High birthweight (>4000 g)"
"hbw_all","Endometriosis (Rahmioglu)","Nk0xbD","hbw_all",266874,"rs2421985","0.035",0.081,"0.668","High birthweight (>4000 g)"
"hbw_all","Endometriosis (Rahmioglu)","Nk0xbD","hbw_all",266874,"rs2510770","0.036",0.08,"0.651","High birthweight (>4000 g)"
"hbw_all","Endometriosis (Rahmioglu)","Nk0xbD","hbw_all",266874,"rs2946160","0.013",0.066,"0.847","High birthweight (>4000 g)"
"hbw_all","Endometriosis (Rahmioglu)","Nk0xbD","hbw_all",266874,"rs3803042","0.068",0.077,"0.378","High birthweight (>4000 g)"
"hbw_all","Endometriosis (Rahmioglu)","Nk0xbD","hbw_all",266874,"rs4540228","0.049",0.081,"0.551","High birthweight (>4000 g)"
"hbw_all","Endometriosis (Rahmioglu)","Nk0xbD","hbw_all",266874,"rs507666","0.031",0.078,"0.695","High birthweight (>4000 g)"
"hbw_all","Endometriosis (Rahmioglu)","Nk0xbD","hbw_all",266874,"rs55909142","0.047",0.081,"0.566","High birthweight (>4000 g)"
"hbw_all","Endometriosis (Rahmioglu)","Nk0xbD","hbw_all",266874,"rs56090796","0.042",0.081,"0.604","High birthweight (>4000 g)"
"hbw_all","Endometriosis (Rahmioglu)","Nk0xbD","hbw_all",266874,"rs57281976","0.058",0.08,"0.473","High birthweight (>4000 g)"
"hbw_all","Endometriosis (Rahmioglu)","Nk0xbD","hbw_all",266874,"rs6435157","0.037",0.08,"0.641","High birthweight (>4000 g)"
"hbw_all","Endometriosis (Rahmioglu)","Nk0xbD","hbw_all",266874,"rs6456259","0.044",0.081,"0.588","High birthweight (>4000 g)"
"hbw_all","Endometriosis (Rahmioglu)","Nk0xbD","hbw_all",266874,"rs66683298","0.054",0.081,"0.502","High birthweight (>4000 g)"
"hbw_all","Endometriosis (Rahmioglu)","Nk0xbD","hbw_all",266874,"rs71575922","0.071",0.083,"0.391","High birthweight (>4000 g)"
"hbw_all","Endometriosis (Rahmioglu)","Nk0xbD","hbw_all",266874,"rs7214750","0.056",0.081,"0.485","High birthweight (>4000 g)"
"hbw_all","Endometriosis (Rahmioglu)","Nk0xbD","hbw_all",266874,"rs7334326","0.057",0.08,"0.475","High birthweight (>4000 g)"
"hbw_all","Endometriosis (Rahmioglu)","Nk0xbD","hbw_all",266874,"rs7907732","0.052",0.081,"0.525","High birthweight (>4000 g)"
"hbw_all","Endometriosis (Rahmioglu)","Nk0xbD","hbw_all",266874,"rs7924571","0.058",0.081,"0.474","High birthweight (>4000 g)"
"hbw_all","Endometriosis (Rahmioglu)","Nk0xbD","hbw_all",266874,"All","0.048",0.079,"0.545","High birthweight (>4000 g)"
"hbw_all","Endometriosis (Rahmioglu)","Nk0xbD","hbw_all",266874,"rs10090060","0.062",0.081,"0.443","High birthweight (>4000 g)"
"hbw_all","Endometriosis (Rahmioglu)","Nk0xbD","hbw_all",266874,"rs10122243","0.057",0.082,"0.489","High birthweight (>4000 g)"
"hdp_subsamp","Endometriosis (Rahmioglu)","Nk0xbD","hdp_subsamp",541809,"rs10090060","-0.035",0.035,"0.318","Hypertensive disorders of pregnancy (subsample)"
"hdp_subsamp","Endometriosis (Rahmioglu)","Nk0xbD","hdp_subsamp",541809,"rs10917151","-0.049",0.035,"0.164","Hypertensive disorders of pregnancy (subsample)"
"hdp_subsamp","Endometriosis (Rahmioglu)","Nk0xbD","hdp_subsamp",541809,"rs10983311","-0.033",0.035,"0.334","Hypertensive disorders of pregnancy (subsample)"
"hdp_subsamp","Endometriosis (Rahmioglu)","Nk0xbD","hdp_subsamp",541809,"rs10122243","-0.037",0.035,"0.284","Hypertensive disorders of pregnancy (subsample)"
"hdp_subsamp","Endometriosis (Rahmioglu)","Nk0xbD","hdp_subsamp",541809,"rs10860864","-0.032",0.035,"0.365","Hypertensive disorders of pregnancy (subsample)"
"hdp_subsamp","Endometriosis (Rahmioglu)","Nk0xbD","hdp_subsamp",541809,"rs12441483","-0.034",0.035,"0.334","Hypertensive disorders of pregnancy (subsample)"
"hdp_subsamp","Endometriosis (Rahmioglu)","Nk0xbD","hdp_subsamp",541809,"rs12549438","-0.032",0.035,"0.35","Hypertensive disorders of pregnancy (subsample)"
"hdp_subsamp","Endometriosis (Rahmioglu)","Nk0xbD","hdp_subsamp",541809,"rs1352889","-0.036",0.034,"0.29","Hypertensive disorders of pregnancy (subsample)"
"hdp_subsamp","Endometriosis (Rahmioglu)","Nk0xbD","hdp_subsamp",541809,"rs1430787","-0.031",0.035,"0.373","Hypertensive disorders of pregnancy (subsample)"
"hdp_subsamp","Endometriosis (Rahmioglu)","Nk0xbD","hdp_subsamp",541809,"rs1451383","-0.027",0.035,"0.439","Hypertensive disorders of pregnancy (subsample)"
"hdp_subsamp","Endometriosis (Rahmioglu)","Nk0xbD","hdp_subsamp",541809,"rs17053711","-0.03",0.035,"0.39","Hypertensive disorders of pregnancy (subsample)"
"hdp_subsamp","Endometriosis (Rahmioglu)","Nk0xbD","hdp_subsamp",541809,"rs1903068","-0.017",0.034,"0.614","Hypertensive disorders of pregnancy (subsample)"
"hdp_subsamp","Endometriosis (Rahmioglu)","Nk0xbD","hdp_subsamp",541809,"rs2036754","-0.04",0.032,"0.218","Hypertensive disorders of pregnancy (subsample)"
"hdp_subsamp","Endometriosis (Rahmioglu)","Nk0xbD","hdp_subsamp",541809,"rs2226158","-0.028",0.035,"0.424","Hypertensive disorders of pregnancy (subsample)"
"hdp_subsamp","Endometriosis (Rahmioglu)","Nk0xbD","hdp_subsamp",541809,"rs2421985","-0.029",0.035,"0.414","Hypertensive disorders of pregnancy (subsample)"
"hdp_subsamp","Endometriosis (Rahmioglu)","Nk0xbD","hdp_subsamp",541809,"rs2510770","-0.025",0.034,"0.463","Hypertensive disorders of pregnancy (subsample)"
"hdp_subsamp","Endometriosis (Rahmioglu)","Nk0xbD","hdp_subsamp",541809,"rs2946160","-0.02",0.032,"0.524","Hypertensive disorders of pregnancy (subsample)"
"hdp_subsamp","Endometriosis (Rahmioglu)","Nk0xbD","hdp_subsamp",541809,"rs3803042","-0.024",0.034,"0.483","Hypertensive disorders of pregnancy (subsample)"
"hdp_subsamp","Endometriosis (Rahmioglu)","Nk0xbD","hdp_subsamp",541809,"rs4540228","-0.04",0.033,"0.225","Hypertensive disorders of pregnancy (subsample)"
"hdp_subsamp","Endometriosis (Rahmioglu)","Nk0xbD","hdp_subsamp",541809,"rs55909142","-0.026",0.034,"0.445","Hypertensive disorders of pregnancy (subsample)"
"hdp_subsamp","Endometriosis (Rahmioglu)","Nk0xbD","hdp_subsamp",541809,"rs56090796","-0.035",0.034,"0.307","Hypertensive disorders of pregnancy (subsample)"
"hdp_subsamp","Endometriosis (Rahmioglu)","Nk0xbD","hdp_subsamp",541809,"rs57281976","-0.036",0.034,"0.299","Hypertensive disorders of pregnancy (subsample)"
"hdp_subsamp","Endometriosis (Rahmioglu)","Nk0xbD","hdp_subsamp",541809,"rs6435157","-0.023",0.033,"0.479","Hypertensive disorders of pregnancy (subsample)"
"hdp_subsamp","Endometriosis (Rahmioglu)","Nk0xbD","hdp_subsamp",541809,"rs6456259","-0.027",0.035,"0.441","Hypertensive disorders of pregnancy (subsample)"
"hdp_subsamp","Endometriosis (Rahmioglu)","Nk0xbD","hdp_subsamp",541809,"rs66683298","-0.031",0.035,"0.38","Hypertensive disorders of pregnancy (subsample)"
"hdp_subsamp","Endometriosis (Rahmioglu)","Nk0xbD","hdp_subsamp",541809,"rs71575922","-0.036",0.036,"0.321","Hypertensive disorders of pregnancy (subsample)"
"hdp_subsamp","Endometriosis (Rahmioglu)","Nk0xbD","hdp_subsamp",541809,"rs7214750","-0.029",0.035,"0.413","Hypertensive disorders of pregnancy (subsample)"
"hdp_subsamp","Endometriosis (Rahmioglu)","Nk0xbD","hdp_subsamp",541809,"rs7334326","-0.029",0.035,"0.409","Hypertensive disorders of pregnancy (subsample)"
"hdp_subsamp","Endometriosis (Rahmioglu)","Nk0xbD","hdp_subsamp",541809,"rs7907732","-0.027",0.035,"0.434","Hypertensive disorders of pregnancy (subsample)"
"hdp_subsamp","Endometriosis (Rahmioglu)","Nk0xbD","hdp_subsamp",541809,"rs7924571","-0.029",0.035,"0.402","Hypertensive disorders of pregnancy (subsample)"
"hdp_subsamp","Endometriosis (Rahmioglu)","Nk0xbD","hdp_subsamp",541809,"All","-0.031",0.034,"0.366","Hypertensive disorders of pregnancy (subsample)"
"hdp_subsamp","Endometriosis (Rahmioglu)","Nk0xbD","hdp_subsamp",541809,"rs12030576","-0.029",0.035,"0.411","Hypertensive disorders of pregnancy (subsample)"
"hdp_subsamp","Endometriosis (Rahmioglu)","Nk0xbD","hdp_subsamp",541809,"rs11756073","-0.028",0.035,"0.426","Hypertensive disorders of pregnancy (subsample)"
"hyp","Endometriosis (Rahmioglu)","Nk0xbD","hyp",478503,"rs10122243","0.01",0.078,"0.902","Hyperemesis gravidarum"
"hyp","Endometriosis (Rahmioglu)","Nk0xbD","hyp",478503,"rs10860864","-0.007",0.077,"0.929","Hyperemesis gravidarum"
"hyp","Endometriosis (Rahmioglu)","Nk0xbD","hyp",478503,"rs10917151","0.019",0.081,"0.816","Hyperemesis gravidarum"
"hyp","Endometriosis (Rahmioglu)","Nk0xbD","hyp",478503,"rs11674184","0.022",0.079,"0.783","Hyperemesis gravidarum"
"hyp","Endometriosis (Rahmioglu)","Nk0xbD","hyp",478503,"rs11756073","-0.017",0.077,"0.824","Hyperemesis gravidarum"
"hyp","Endometriosis (Rahmioglu)","Nk0xbD","hyp",478503,"rs12030576","-0.008",0.078,"0.916","Hyperemesis gravidarum"
"hyp","Endometriosis (Rahmioglu)","Nk0xbD","hyp",478503,"rs10983311","-0.023",0.077,"0.761","Hyperemesis gravidarum"
"hyp","Endometriosis (Rahmioglu)","Nk0xbD","hyp",478503,"rs12549438","-0.019",0.077,"0.801","Hyperemesis gravidarum"
"hyp","Endometriosis (Rahmioglu)","Nk0xbD","hyp",478503,"rs1352889","-0.021",0.077,"0.782","Hyperemesis gravidarum"
"hyp","Endometriosis (Rahmioglu)","Nk0xbD","hyp",478503,"rs1430787","-0.008",0.077,"0.916","Hyperemesis gravidarum"
"hyp","Endometriosis (Rahmioglu)","Nk0xbD","hyp",478503,"rs12441483","-0.02",0.078,"0.793","Hyperemesis gravidarum"
"hyp","Endometriosis (Rahmioglu)","Nk0xbD","hyp",478503,"rs10090060","-0.009",0.078,"0.912","Hyperemesis gravidarum"
"hyp","Endometriosis (Rahmioglu)","Nk0xbD","hyp",478503,"rs17053711","-0.01",0.077,"0.895","Hyperemesis gravidarum"
"hyp","Endometriosis (Rahmioglu)","Nk0xbD","hyp",478503,"rs1903068","-0.026",0.079,"0.742","Hyperemesis gravidarum"
"hyp","Endometriosis (Rahmioglu)","Nk0xbD","hyp",478503,"rs2036754","-0.02",0.077,"0.799","Hyperemesis gravidarum"
"hyp","Endometriosis (Rahmioglu)","Nk0xbD","hyp",478503,"rs2226158","-0.019",0.077,"0.805","Hyperemesis gravidarum"
"hyp","Endometriosis (Rahmioglu)","Nk0xbD","hyp",478503,"rs2421985","-0.011",0.078,"0.883","Hyperemesis gravidarum"
"hyp","Endometriosis (Rahmioglu)","Nk0xbD","hyp",478503,"rs2510770","-0.017",0.077,"0.824","Hyperemesis gravidarum"
"hyp","Endometriosis (Rahmioglu)","Nk0xbD","hyp",478503,"rs2946160","-0.016",0.077,"0.834","Hyperemesis gravidarum"
"hyp","Endometriosis (Rahmioglu)","Nk0xbD","hyp",478503,"rs3803042","-0.004",0.077,"0.955","Hyperemesis gravidarum"
"hyp","Endometriosis (Rahmioglu)","Nk0xbD","hyp",478503,"rs4540228","-0.029",0.077,"0.703","Hyperemesis gravidarum"
"hyp","Endometriosis (Rahmioglu)","Nk0xbD","hyp",478503,"rs55909142","-0.014",0.077,"0.856","Hyperemesis gravidarum"
"hyp","Endometriosis (Rahmioglu)","Nk0xbD","hyp",478503,"rs56090796","-3.28e-04",0.077,"0.997","Hyperemesis gravidarum"
"hyp","Endometriosis (Rahmioglu)","Nk0xbD","hyp",478503,"rs57281976","5.08e-04",0.077,"0.995","Hyperemesis gravidarum"
"hyp","Endometriosis (Rahmioglu)","Nk0xbD","hyp",478503,"rs6435157","-0.009",0.077,"0.905","Hyperemesis gravidarum"
"hyp","Endometriosis (Rahmioglu)","Nk0xbD","hyp",478503,"rs6456259","-0.037",0.078,"0.639","Hyperemesis gravidarum"
"hyp","Endometriosis (Rahmioglu)","Nk0xbD","hyp",478503,"rs66683298","-0.028",0.077,"0.72","Hyperemesis gravidarum"
"hyp","Endometriosis (Rahmioglu)","Nk0xbD","hyp",478503,"rs71575922","-0.018",0.08,"0.823","Hyperemesis gravidarum"
"hyp","Endometriosis (Rahmioglu)","Nk0xbD","hyp",478503,"rs7214750","-0.011",0.077,"0.891","Hyperemesis gravidarum"
"hyp","Endometriosis (Rahmioglu)","Nk0xbD","hyp",478503,"rs7334326","-0.005",0.077,"0.95","Hyperemesis gravidarum"
"hyp","Endometriosis (Rahmioglu)","Nk0xbD","hyp",478503,"rs7907732","-0.017",0.077,"0.821","Hyperemesis gravidarum"
"hyp","Endometriosis (Rahmioglu)","Nk0xbD","hyp",478503,"rs7924571","-0.025",0.077,"0.744","Hyperemesis gravidarum"
"hyp","Endometriosis (Rahmioglu)","Nk0xbD","hyp",478503,"All","-0.012",0.076,"0.876","Hyperemesis gravidarum"
"hyp","Endometriosis (Rahmioglu)","Nk0xbD","hyp",478503,"rs1451383","0.012",0.077,"0.882","Hyperemesis gravidarum"
"induction","Endometriosis (Rahmioglu)","Nk0xbD","induction",95280,"rs10090060","0.037",0.086,"0.669","Induction of labour"
"induction","Endometriosis (Rahmioglu)","Nk0xbD","induction",95280,"rs10122243","0.017",0.09,"0.85","Induction of labour"
"induction","Endometriosis (Rahmioglu)","Nk0xbD","induction",95280,"rs10917151","-0.086",0.083,"0.297","Induction of labour"
"induction","Endometriosis (Rahmioglu)","Nk0xbD","induction",95280,"rs10983311","0.011",0.09,"0.898","Induction of labour"
"induction","Endometriosis (Rahmioglu)","Nk0xbD","induction",95280,"rs11674184","0.034",0.09,"0.709","Induction of labour"
"induction","Endometriosis (Rahmioglu)","Nk0xbD","induction",95280,"rs10860864","0.013",0.09,"0.885","Induction of labour"
"induction","Endometriosis (Rahmioglu)","Nk0xbD","induction",95280,"rs12030576","-0.004",0.09,"0.965","Induction of labour"
"induction","Endometriosis (Rahmioglu)","Nk0xbD","induction",95280,"rs12441483","0.008",0.091,"0.934","Induction of labour"
"induction","Endometriosis (Rahmioglu)","Nk0xbD","induction",95280,"rs12549438","-0.006",0.089,"0.942","Induction of labour"
"induction","Endometriosis (Rahmioglu)","Nk0xbD","induction",95280,"rs1352889","0.004",0.09,"0.966","Induction of labour"
"induction","Endometriosis (Rahmioglu)","Nk0xbD","induction",95280,"rs1430787","-0.002",0.09,"0.983","Induction of labour"
"induction","Endometriosis (Rahmioglu)","Nk0xbD","induction",95280,"rs1451383","0.024",0.088,"0.785","Induction of labour"
"induction","Endometriosis (Rahmioglu)","Nk0xbD","induction",95280,"rs17053711","0.011",0.09,"0.899","Induction of labour"
"induction","Endometriosis (Rahmioglu)","Nk0xbD","induction",95280,"rs1903068","0.004",0.092,"0.962","Induction of labour"
"induction","Endometriosis (Rahmioglu)","Nk0xbD","induction",95280,"rs2036754","-0.004",0.089,"0.967","Induction of labour"
"induction","Endometriosis (Rahmioglu)","Nk0xbD","induction",95280,"rs2226158","0.019",0.089,"0.831","Induction of labour"
"induction","Endometriosis (Rahmioglu)","Nk0xbD","induction",95280,"rs2421985","0.003",0.091,"0.969","Induction of labour"
"induction","Endometriosis (Rahmioglu)","Nk0xbD","induction",95280,"rs2510770","-0.004",0.089,"0.968","Induction of labour"
"induction","Endometriosis (Rahmioglu)","Nk0xbD","induction",95280,"rs11756073","0.009",0.09,"0.921","Induction of labour"
"induction","Endometriosis (Rahmioglu)","Nk0xbD","induction",95280,"rs4540228","0.008",0.09,"0.926","Induction of labour"
"induction","Endometriosis (Rahmioglu)","Nk0xbD","induction",95280,"rs507666","0.003",0.09,"0.978","Induction of labour"
"induction","Endometriosis (Rahmioglu)","Nk0xbD","induction",95280,"rs55909142","0.018",0.088,"0.839","Induction of labour"
"induction","Endometriosis (Rahmioglu)","Nk0xbD","induction",95280,"rs56090796","0.01",0.09,"0.916","Induction of labour"
"induction","Endometriosis (Rahmioglu)","Nk0xbD","induction",95280,"rs57281976","-0.005",0.089,"0.955","Induction of labour"
"induction","Endometriosis (Rahmioglu)","Nk0xbD","induction",95280,"rs6435157","0.009",0.09,"0.924","Induction of labour"
"induction","Endometriosis (Rahmioglu)","Nk0xbD","induction",95280,"rs6456259","8.12e-04",0.091,"0.993","Induction of labour"
"induction","Endometriosis (Rahmioglu)","Nk0xbD","induction",95280,"rs66683298","-0.005",0.089,"0.957","Induction of labour"
"induction","Endometriosis (Rahmioglu)","Nk0xbD","induction",95280,"rs71575922","0.031",0.092,"0.733","Induction of labour"
"induction","Endometriosis (Rahmioglu)","Nk0xbD","induction",95280,"rs7214750","0.013",0.09,"0.886","Induction of labour"
"induction","Endometriosis (Rahmioglu)","Nk0xbD","induction",95280,"rs7907732","0.011",0.09,"0.906","Induction of labour"
"induction","Endometriosis (Rahmioglu)","Nk0xbD","induction",95280,"rs7924571","0.011",0.09,"0.902","Induction of labour"
"induction","Endometriosis (Rahmioglu)","Nk0xbD","induction",95280,"All","0.005",0.088,"0.952","Induction of labour"
"induction","Endometriosis (Rahmioglu)","Nk0xbD","induction",95280,"rs2946160","-0.031",0.076,"0.687","Induction of labour"
"lbw_all","Endometriosis (Rahmioglu)","Nk0xbD","lbw_all",283193,"rs10122243","-0.146",0.094,"0.12","Low birthweight (<2500 g)"
"lbw_all","Endometriosis (Rahmioglu)","Nk0xbD","lbw_all",283193,"rs10860864","-0.136",0.093,"0.145","Low birthweight (<2500 g)"
"lbw_all","Endometriosis (Rahmioglu)","Nk0xbD","lbw_all",283193,"rs10917151","-0.074",0.092,"0.418","Low birthweight (<2500 g)"
"lbw_all","Endometriosis (Rahmioglu)","Nk0xbD","lbw_all",283193,"rs10983311","-0.134",0.093,"0.15","Low birthweight (<2500 g)"
"lbw_all","Endometriosis (Rahmioglu)","Nk0xbD","lbw_all",283193,"rs11674184","-0.146",0.095,"0.127","Low birthweight (<2500 g)"
"lbw_all","Endometriosis (Rahmioglu)","Nk0xbD","lbw_all",283193,"rs11756073","-0.14",0.093,"0.134","Low birthweight (<2500 g)"
"lbw_all","Endometriosis (Rahmioglu)","Nk0xbD","lbw_all",283193,"rs12030576","-0.131",0.094,"0.162","Low birthweight (<2500 g)"
"lbw_all","Endometriosis (Rahmioglu)","Nk0xbD","lbw_all",283193,"rs12441483","-0.135",0.094,"0.15","Low birthweight (<2500 g)"
"lbw_all","Endometriosis (Rahmioglu)","Nk0xbD","lbw_all",283193,"rs12549438","-0.128",0.093,"0.169","Low birthweight (<2500 g)"
"lbw_all","Endometriosis (Rahmioglu)","Nk0xbD","lbw_all",283193,"rs1352889","-0.147",0.092,"0.109","Low birthweight (<2500 g)"
"lbw_all","Endometriosis (Rahmioglu)","Nk0xbD","lbw_all",283193,"rs1430787","-0.13",0.093,"0.161","Low birthweight (<2500 g)"
"lbw_all","Endometriosis (Rahmioglu)","Nk0xbD","lbw_all",283193,"rs1451383","-0.154",0.091,"0.093","Low birthweight (<2500 g)"
"lbw_all","Endometriosis (Rahmioglu)","Nk0xbD","lbw_all",283193,"rs10090060","-0.171",0.088,"0.051","Low birthweight (<2500 g)"
"lbw_all","Endometriosis (Rahmioglu)","Nk0xbD","lbw_all",283193,"rs1903068","-0.12",0.095,"0.206","Low birthweight (<2500 g)"
"lbw_all","Endometriosis (Rahmioglu)","Nk0xbD","lbw_all",283193,"rs2036754","-0.139",0.093,"0.137","Low birthweight (<2500 g)"
"lbw_all","Endometriosis (Rahmioglu)","Nk0xbD","lbw_all",283193,"rs2226158","-0.127",0.093,"0.171","Low birthweight (<2500 g)"
"lbw_all","Endometriosis (Rahmioglu)","Nk0xbD","lbw_all",283193,"rs2421985","-0.132",0.094,"0.159","Low birthweight (<2500 g)"
"lbw_all","Endometriosis (Rahmioglu)","Nk0xbD","lbw_all",283193,"rs2510770","-0.121",0.091,"0.187","Low birthweight (<2500 g)"
"lbw_all","Endometriosis (Rahmioglu)","Nk0xbD","lbw_all",283193,"rs2946160","-0.092",0.075,"0.216","Low birthweight (<2500 g)"
"lbw_all","Endometriosis (Rahmioglu)","Nk0xbD","lbw_all",283193,"rs3803042","-0.144",0.093,"0.12","Low birthweight (<2500 g)"
"lbw_all","Endometriosis (Rahmioglu)","Nk0xbD","lbw_all",283193,"rs4540228","-0.132",0.094,"0.159","Low birthweight (<2500 g)"
"lbw_all","Endometriosis (Rahmioglu)","Nk0xbD","lbw_all",283193,"rs507666","-0.147",0.092,"0.109","Low birthweight (<2500 g)"
"lbw_all","Endometriosis (Rahmioglu)","Nk0xbD","lbw_all",283193,"rs55909142","-0.141",0.093,"0.131","Low birthweight (<2500 g)"
"lbw_all","Endometriosis (Rahmioglu)","Nk0xbD","lbw_all",283193,"rs56090796","-0.142",0.093,"0.126","Low birthweight (<2500 g)"
"lbw_all","Endometriosis (Rahmioglu)","Nk0xbD","lbw_all",283193,"rs57281976","-0.127",0.093,"0.171","Low birthweight (<2500 g)"
"lbw_all","Endometriosis (Rahmioglu)","Nk0xbD","lbw_all",283193,"rs17053711","-0.153",0.091,"0.093","Low birthweight (<2500 g)"
"lbw_all","Endometriosis (Rahmioglu)","Nk0xbD","lbw_all",283193,"rs6456259","-0.138",0.094,"0.143","Low birthweight (<2500 g)"
"lbw_all","Endometriosis (Rahmioglu)","Nk0xbD","lbw_all",283193,"rs66683298","-0.13",0.093,"0.164","Low birthweight (<2500 g)"
"lbw_all","Endometriosis (Rahmioglu)","Nk0xbD","lbw_all",283193,"rs71575922","-0.165",0.095,"0.082","Low birthweight (<2500 g)"
"lbw_all","Endometriosis (Rahmioglu)","Nk0xbD","lbw_all",283193,"rs7214750","-0.147",0.092,"0.111","Low birthweight (<2500 g)"
"lbw_all","Endometriosis (Rahmioglu)","Nk0xbD","lbw_all",283193,"rs7334326","-0.129",0.093,"0.164","Low birthweight (<2500 g)"
"lbw_all","Endometriosis (Rahmioglu)","Nk0xbD","lbw_all",283193,"rs7907732","-0.131",0.093,"0.16","Low birthweight (<2500 g)"
"lbw_all","Endometriosis (Rahmioglu)","Nk0xbD","lbw_all",283193,"rs7924571","-0.15",0.092,"0.102","Low birthweight (<2500 g)"
"lbw_all","Endometriosis (Rahmioglu)","Nk0xbD","lbw_all",283193,"All","-0.136",0.091,"0.136","Low birthweight (<2500 g)"
"lbw_all","Endometriosis (Rahmioglu)","Nk0xbD","lbw_all",283193,"rs6435157","-0.128",0.093,"0.167","Low birthweight (<2500 g)"
"lga","Endometriosis (Rahmioglu)","Nk0xbD","lga",96347,"rs10090060","0.112",0.08,"0.16","Large for gestational age"
"lga","Endometriosis (Rahmioglu)","Nk0xbD","lga",96347,"rs10860864","0.095",0.081,"0.24","Large for gestational age"
"lga","Endometriosis (Rahmioglu)","Nk0xbD","lga",96347,"rs10917151","0.088",0.085,"0.297","Large for gestational age"
"lga","Endometriosis (Rahmioglu)","Nk0xbD","lga",96347,"rs10983311","0.08",0.078,"0.304","Large for gestational age"
"lga","Endometriosis (Rahmioglu)","Nk0xbD","lga",96347,"rs10122243","0.119",0.079,"0.13","Large for gestational age"
"lga","Endometriosis (Rahmioglu)","Nk0xbD","lga",96347,"rs11756073","0.073",0.075,"0.329","Large for gestational age"
"lga","Endometriosis (Rahmioglu)","Nk0xbD","lga",96347,"rs12030576","0.107",0.08,"0.185","Large for gestational age"
"lga","Endometriosis (Rahmioglu)","Nk0xbD","lga",96347,"rs12441483","0.086",0.081,"0.288","Large for gestational age"
"lga","Endometriosis (Rahmioglu)","Nk0xbD","lga",96347,"rs12549438","0.092",0.081,"0.256","Large for gestational age"
"lga","Endometriosis (Rahmioglu)","Nk0xbD","lga",96347,"rs1352889","0.095",0.081,"0.238","Large for gestational age"
"lga","Endometriosis (Rahmioglu)","Nk0xbD","lga",96347,"rs1430787","0.097",0.081,"0.229","Large for gestational age"
"lga","Endometriosis (Rahmioglu)","Nk0xbD","lga",96347,"rs1451383","0.113",0.079,"0.15","Large for gestational age"
"lga","Endometriosis (Rahmioglu)","Nk0xbD","lga",96347,"rs17053711","0.087",0.08,"0.277","Large for gestational age"
"lga","Endometriosis (Rahmioglu)","Nk0xbD","lga",96347,"rs1903068","0.087",0.082,"0.288","Large for gestational age"
"lga","Endometriosis (Rahmioglu)","Nk0xbD","lga",96347,"rs2036754","0.081",0.078,"0.301","Large for gestational age"
"lga","Endometriosis (Rahmioglu)","Nk0xbD","lga",96347,"rs2226158","0.111",0.079,"0.16","Large for gestational age"
"lga","Endometriosis (Rahmioglu)","Nk0xbD","lga",96347,"rs2421985","0.083",0.08,"0.299","Large for gestational age"
"lga","Endometriosis (Rahmioglu)","Nk0xbD","lga",96347,"rs11674184","0.081",0.082,"0.321","Large for gestational age"
"lga","Endometriosis (Rahmioglu)","Nk0xbD","lga",96347,"rs2946160","0.082",0.078,"0.298","Large for gestational age"
"lga","Endometriosis (Rahmioglu)","Nk0xbD","lga",96347,"rs3803042","0.118",0.075,"0.117","Large for gestational age"
"lga","Endometriosis (Rahmioglu)","Nk0xbD","lga",96347,"rs4540228","0.102",0.081,"0.205","Large for gestational age"
"lga","Endometriosis (Rahmioglu)","Nk0xbD","lga",96347,"rs507666","0.081",0.078,"0.3","Large for gestational age"
"lga","Endometriosis (Rahmioglu)","Nk0xbD","lga",96347,"rs55909142","0.096",0.081,"0.234","Large for gestational age"
"lga","Endometriosis (Rahmioglu)","Nk0xbD","lga",96347,"rs56090796","0.098",0.081,"0.224","Large for gestational age"
"lga","Endometriosis (Rahmioglu)","Nk0xbD","lga",96347,"rs57281976","0.105",0.08,"0.188","Large for gestational age"
"lga","Endometriosis (Rahmioglu)","Nk0xbD","lga",96347,"rs6435157","0.079",0.078,"0.308","Large for gestational age"
"lga","Endometriosis (Rahmioglu)","Nk0xbD","lga",96347,"rs6456259","0.104",0.081,"0.201","Large for gestational age"
"lga","Endometriosis (Rahmioglu)","Nk0xbD","lga",96347,"rs66683298","0.095",0.081,"0.241","Large for gestational age"
"lga","Endometriosis (Rahmioglu)","Nk0xbD","lga",96347,"rs71575922","0.103",0.083,"0.217","Large for gestational age"
"lga","Endometriosis (Rahmioglu)","Nk0xbD","lga",96347,"rs7214750","0.102",0.08,"0.204","Large for gestational age"
"lga","Endometriosis (Rahmioglu)","Nk0xbD","lga",96347,"rs2510770","0.086",0.08,"0.28","Large for gestational age"
"lga","Endometriosis (Rahmioglu)","Nk0xbD","lga",96347,"rs7924571","0.098",0.081,"0.225","Large for gestational age"
"lga","Endometriosis (Rahmioglu)","Nk0xbD","lga",96347,"All","0.096",0.079,"0.225","Large for gestational age"
"lga","Endometriosis (Rahmioglu)","Nk0xbD","lga",96347,"rs7907732","0.109",0.079,"0.167","Large for gestational age"
"lga","Endometriosis (Rahmioglu)","Nk0xbD","lga",96347,"rs7334326","0.103",0.08,"0.196","Large for gestational age"
"lowapgar1","Endometriosis (Rahmioglu)","Nk0xbD","lowapgar1",86709,"rs10122243","0.173",0.095,"0.068","Low Apgar score at 1 min"
"lowapgar1","Endometriosis (Rahmioglu)","Nk0xbD","lowapgar1",86709,"rs10860864","0.151",0.093,"0.104","Low Apgar score at 1 min"
"lowapgar1","Endometriosis (Rahmioglu)","Nk0xbD","lowapgar1",86709,"rs10983311","0.171",0.094,"0.068","Low Apgar score at 1 min"
"lowapgar1","Endometriosis (Rahmioglu)","Nk0xbD","lowapgar1",86709,"rs11756073","0.151",0.092,"0.102","Low Apgar score at 1 min"
"lowapgar1","Endometriosis (Rahmioglu)","Nk0xbD","lowapgar1",86709,"rs12030576","0.141",0.092,"0.124","Low Apgar score at 1 min"
"lowapgar1","Endometriosis (Rahmioglu)","Nk0xbD","lowapgar1",86709,"rs12441483","0.135",0.09,"0.136","Low Apgar score at 1 min"
"lowapgar1","Endometriosis (Rahmioglu)","Nk0xbD","lowapgar1",86709,"rs11674184","0.215",0.091,"0.018","Low Apgar score at 1 min"
"lowapgar1","Endometriosis (Rahmioglu)","Nk0xbD","lowapgar1",86709,"rs1430787","0.163",0.094,"0.083","Low Apgar score at 1 min"
"lowapgar1","Endometriosis (Rahmioglu)","Nk0xbD","lowapgar1",86709,"rs1451383","0.177",0.093,"0.057","Low Apgar score at 1 min"
"lowapgar1","Endometriosis (Rahmioglu)","Nk0xbD","lowapgar1",86709,"rs17053711","0.153",0.093,"0.101","Low Apgar score at 1 min"
"lowapgar1","Endometriosis (Rahmioglu)","Nk0xbD","lowapgar1",86709,"rs12549438","0.167",0.094,"0.075","Low Apgar score at 1 min"
"lowapgar1","Endometriosis (Rahmioglu)","Nk0xbD","lowapgar1",86709,"rs10090060","0.165",0.095,"0.083","Low Apgar score at 1 min"
"lowapgar1","Endometriosis (Rahmioglu)","Nk0xbD","lowapgar1",86709,"rs2421985","0.2",0.088,"0.023","Low Apgar score at 1 min"
"lowapgar1","Endometriosis (Rahmioglu)","Nk0xbD","lowapgar1",86709,"rs2510770","0.169",0.094,"0.071","Low Apgar score at 1 min"
"lowapgar1","Endometriosis (Rahmioglu)","Nk0xbD","lowapgar1",86709,"rs2946160","0.17",0.094,"0.07","Low Apgar score at 1 min"
"lowapgar1","Endometriosis (Rahmioglu)","Nk0xbD","lowapgar1",86709,"rs3803042","0.171",0.094,"0.067","Low Apgar score at 1 min"
"lowapgar1","Endometriosis (Rahmioglu)","Nk0xbD","lowapgar1",86709,"rs4540228","0.15",0.093,"0.108","Low Apgar score at 1 min"
"lowapgar1","Endometriosis (Rahmioglu)","Nk0xbD","lowapgar1",86709,"rs507666","0.164",0.094,"0.08","Low Apgar score at 1 min"
"lowapgar1","Endometriosis (Rahmioglu)","Nk0xbD","lowapgar1",86709,"rs55909142","0.164",0.094,"0.082","Low Apgar score at 1 min"
"lowapgar1","Endometriosis (Rahmioglu)","Nk0xbD","lowapgar1",86709,"rs57281976","0.178",0.093,"0.055","Low Apgar score at 1 min"
"lowapgar1","Endometriosis (Rahmioglu)","Nk0xbD","lowapgar1",86709,"rs6435157","0.165",0.094,"0.08","Low Apgar score at 1 min"
"lowapgar1","Endometriosis (Rahmioglu)","Nk0xbD","lowapgar1",86709,"rs6456259","0.164",0.095,"0.084","Low Apgar score at 1 min"
"lowapgar1","Endometriosis (Rahmioglu)","Nk0xbD","lowapgar1",86709,"rs66683298","0.155",0.094,"0.098","Low Apgar score at 1 min"
"lowapgar1","Endometriosis (Rahmioglu)","Nk0xbD","lowapgar1",86709,"rs1903068","0.14",0.095,"0.141","Low Apgar score at 1 min"
"lowapgar1","Endometriosis (Rahmioglu)","Nk0xbD","lowapgar1",86709,"rs2226158","0.173",0.094,"0.065","Low Apgar score at 1 min"
"lowapgar1","Endometriosis (Rahmioglu)","Nk0xbD","lowapgar1",86709,"rs7334326","0.174",0.093,"0.061","Low Apgar score at 1 min"
"lowapgar1","Endometriosis (Rahmioglu)","Nk0xbD","lowapgar1",86709,"rs7907732","0.193",0.088,"0.029","Low Apgar score at 1 min"
"lowapgar1","Endometriosis (Rahmioglu)","Nk0xbD","lowapgar1",86709,"rs7924571","0.145",0.092,"0.115","Low Apgar score at 1 min"
"lowapgar1","Endometriosis (Rahmioglu)","Nk0xbD","lowapgar1",86709,"All","0.164",0.091,"0.073","Low Apgar score at 1 min"
"lowapgar1","Endometriosis (Rahmioglu)","Nk0xbD","lowapgar1",86709,"rs7214750","0.176",0.093,"0.059","Low Apgar score at 1 min"
"lowapgar1","Endometriosis (Rahmioglu)","Nk0xbD","lowapgar1",86709,"rs71575922","0.099",0.089,"0.27","Low Apgar score at 1 min"
"lowapgar5","Endometriosis (Rahmioglu)","Nk0xbD","lowapgar5",74409,"rs10122243","0.06",0.213,"0.779","Low Apgar score at 5 min"
"lowapgar5","Endometriosis (Rahmioglu)","Nk0xbD","lowapgar5",74409,"rs10860864","0.066",0.207,"0.749","Low Apgar score at 5 min"
"lowapgar5","Endometriosis (Rahmioglu)","Nk0xbD","lowapgar5",74409,"rs10090060","0.144",0.216,"0.504","Low Apgar score at 5 min"
"lowapgar5","Endometriosis (Rahmioglu)","Nk0xbD","lowapgar5",74409,"rs11674184","0.174",0.217,"0.422","Low Apgar score at 5 min"
"lowapgar5","Endometriosis (Rahmioglu)","Nk0xbD","lowapgar5",74409,"rs11756073","0.125",0.215,"0.563","Low Apgar score at 5 min"
"lowapgar5","Endometriosis (Rahmioglu)","Nk0xbD","lowapgar5",74409,"rs10917151","0.053",0.226,"0.815","Low Apgar score at 5 min"
"lowapgar5","Endometriosis (Rahmioglu)","Nk0xbD","lowapgar5",74409,"rs10983311","0.114",0.216,"0.599","Low Apgar score at 5 min"
"lowapgar5","Endometriosis (Rahmioglu)","Nk0xbD","lowapgar5",74409,"rs12549438","0.057",0.205,"0.781","Low Apgar score at 5 min"
"lowapgar5","Endometriosis (Rahmioglu)","Nk0xbD","lowapgar5",74409,"rs1352889","0.053",0.201,"0.791","Low Apgar score at 5 min"
"lowapgar5","Endometriosis (Rahmioglu)","Nk0xbD","lowapgar5",74409,"rs1430787","0.137",0.214,"0.521","Low Apgar score at 5 min"
"lowapgar5","Endometriosis (Rahmioglu)","Nk0xbD","lowapgar5",74409,"rs1451383","0.166",0.209,"0.429","Low Apgar score at 5 min"
"lowapgar5","Endometriosis (Rahmioglu)","Nk0xbD","lowapgar5",74409,"rs17053711","0.108",0.216,"0.618","Low Apgar score at 5 min"
"lowapgar5","Endometriosis (Rahmioglu)","Nk0xbD","lowapgar5",74409,"rs1903068","0.096",0.22,"0.662","Low Apgar score at 5 min"
"lowapgar5","Endometriosis (Rahmioglu)","Nk0xbD","lowapgar5",74409,"rs2036754","0.101",0.215,"0.64","Low Apgar score at 5 min"
"lowapgar5","Endometriosis (Rahmioglu)","Nk0xbD","lowapgar5",74409,"rs2226158","0.109",0.216,"0.613","Low Apgar score at 5 min"
"lowapgar5","Endometriosis (Rahmioglu)","Nk0xbD","lowapgar5",74409,"rs2421985","0.181",0.207,"0.383","Low Apgar score at 5 min"
"lowapgar5","Endometriosis (Rahmioglu)","Nk0xbD","lowapgar5",74409,"rs2510770","0.12",0.216,"0.579","Low Apgar score at 5 min"
"lowapgar5","Endometriosis (Rahmioglu)","Nk0xbD","lowapgar5",74409,"rs2946160","0.124",0.215,"0.565","Low Apgar score at 5 min"
"lowapgar5","Endometriosis (Rahmioglu)","Nk0xbD","lowapgar5",74409,"rs3803042","0.141",0.213,"0.509","Low Apgar score at 5 min"
"lowapgar5","Endometriosis (Rahmioglu)","Nk0xbD","lowapgar5",74409,"rs4540228","0.101",0.216,"0.64","Low Apgar score at 5 min"
"lowapgar5","Endometriosis (Rahmioglu)","Nk0xbD","lowapgar5",74409,"rs507666","0.101",0.215,"0.639","Low Apgar score at 5 min"
"lowapgar5","Endometriosis (Rahmioglu)","Nk0xbD","lowapgar5",74409,"rs55909142","0.124",0.216,"0.564","Low Apgar score at 5 min"
"lowapgar5","Endometriosis (Rahmioglu)","Nk0xbD","lowapgar5",74409,"rs56090796","0.154",0.21,"0.463","Low Apgar score at 5 min"
"lowapgar5","Endometriosis (Rahmioglu)","Nk0xbD","lowapgar5",74409,"rs57281976","0.134",0.215,"0.534","Low Apgar score at 5 min"
"lowapgar5","Endometriosis (Rahmioglu)","Nk0xbD","lowapgar5",74409,"rs6435157","0.127",0.215,"0.556","Low Apgar score at 5 min"
"lowapgar5","Endometriosis (Rahmioglu)","Nk0xbD","lowapgar5",74409,"rs6456259","0.11",0.218,"0.615","Low Apgar score at 5 min"
"lowapgar5","Endometriosis (Rahmioglu)","Nk0xbD","lowapgar5",74409,"rs66683298","0.08",0.212,"0.707","Low Apgar score at 5 min"
"lowapgar5","Endometriosis (Rahmioglu)","Nk0xbD","lowapgar5",74409,"rs71575922","0.073",0.222,"0.741","Low Apgar score at 5 min"
"lowapgar5","Endometriosis (Rahmioglu)","Nk0xbD","lowapgar5",74409,"rs7214750","0.136",0.215,"0.529","Low Apgar score at 5 min"
"lowapgar5","Endometriosis (Rahmioglu)","Nk0xbD","lowapgar5",74409,"rs7334326","0.152",0.209,"0.465","Low Apgar score at 5 min"
"lowapgar5","Endometriosis (Rahmioglu)","Nk0xbD","lowapgar5",74409,"rs7907732","0.176",0.204,"0.389","Low Apgar score at 5 min"
"lowapgar5","Endometriosis (Rahmioglu)","Nk0xbD","lowapgar5",74409,"rs7924571","0.088",0.214,"0.681","Low Apgar score at 5 min"
"lowapgar5","Endometriosis (Rahmioglu)","Nk0xbD","lowapgar5",74409,"All","0.115",0.211,"0.586","Low Apgar score at 5 min"
"lowapgar5","Endometriosis (Rahmioglu)","Nk0xbD","lowapgar5",74409,"rs12441483","0.121",0.217,"0.578","Low Apgar score at 5 min"
"lowapgar5","Endometriosis (Rahmioglu)","Nk0xbD","lowapgar5",74409,"rs12030576","0.087",0.215,"0.685","Low Apgar score at 5 min"
"misc_subsamp","Endometriosis (Rahmioglu)","Nk0xbD","misc_subsamp",486258,"rs10122243","0.006",0.02,"0.781","Miscarriage (subsample)"
"misc_subsamp","Endometriosis (Rahmioglu)","Nk0xbD","misc_subsamp",486258,"rs10860864","0.01",0.02,"0.62","Miscarriage (subsample)"
"misc_subsamp","Endometriosis (Rahmioglu)","Nk0xbD","misc_subsamp",486258,"rs10917151","0.007",0.021,"0.723","Miscarriage (subsample)"
"misc_subsamp","Endometriosis (Rahmioglu)","Nk0xbD","misc_subsamp",486258,"rs11674184","0.013",0.02,"0.529","Miscarriage (subsample)"
"misc_subsamp","Endometriosis (Rahmioglu)","Nk0xbD","misc_subsamp",486258,"rs11756073","0.006",0.02,"0.769","Miscarriage (subsample)"
"misc_subsamp","Endometriosis (Rahmioglu)","Nk0xbD","misc_subsamp",486258,"rs12030576","0.008",0.02,"0.697","Miscarriage (subsample)"
"misc_subsamp","Endometriosis (Rahmioglu)","Nk0xbD","misc_subsamp",486258,"rs10983311","0.008",0.02,"0.689","Miscarriage (subsample)"
"misc_subsamp","Endometriosis (Rahmioglu)","Nk0xbD","misc_subsamp",486258,"rs12549438","0.004",0.02,"0.835","Miscarriage (subsample)"
"misc_subsamp","Endometriosis (Rahmioglu)","Nk0xbD","misc_subsamp",486258,"rs1352889","0.009",0.02,"0.645","Miscarriage (subsample)"
"misc_subsamp","Endometriosis (Rahmioglu)","Nk0xbD","misc_subsamp",486258,"rs1430787","0.007",0.02,"0.731","Miscarriage (subsample)"
"misc_subsamp","Endometriosis (Rahmioglu)","Nk0xbD","misc_subsamp",486258,"rs12441483","0.006",0.02,"0.752","Miscarriage (subsample)"
"misc_subsamp","Endometriosis (Rahmioglu)","Nk0xbD","misc_subsamp",486258,"rs10090060","0.01",0.02,"0.598","Miscarriage (subsample)"
"misc_subsamp","Endometriosis (Rahmioglu)","Nk0xbD","misc_subsamp",486258,"rs1903068","-0.006",0.019,"0.759","Miscarriage (subsample)"
"misc_subsamp","Endometriosis (Rahmioglu)","Nk0xbD","misc_subsamp",486258,"rs2036754","0.01",0.02,"0.6","Miscarriage (subsample)"
"misc_subsamp","Endometriosis (Rahmioglu)","Nk0xbD","misc_subsamp",486258,"rs2226158","0.009",0.02,"0.659","Miscarriage (subsample)"
"misc_subsamp","Endometriosis (Rahmioglu)","Nk0xbD","misc_subsamp",486258,"rs2421985","0.014",0.019,"0.468","Miscarriage (subsample)"
"misc_subsamp","Endometriosis (Rahmioglu)","Nk0xbD","misc_subsamp",486258,"rs2510770","0.006",0.02,"0.775","Miscarriage (subsample)"
"misc_subsamp","Endometriosis (Rahmioglu)","Nk0xbD","misc_subsamp",486258,"rs2946160","0.009",0.02,"0.66","Miscarriage (subsample)"
"misc_subsamp","Endometriosis (Rahmioglu)","Nk0xbD","misc_subsamp",486258,"rs3803042","0.006",0.02,"0.75","Miscarriage (subsample)"
"misc_subsamp","Endometriosis (Rahmioglu)","Nk0xbD","misc_subsamp",486258,"rs4540228","0.006",0.02,"0.765","Miscarriage (subsample)"
"misc_subsamp","Endometriosis (Rahmioglu)","Nk0xbD","misc_subsamp",486258,"rs507666","0.01",0.02,"0.623","Miscarriage (subsample)"
"misc_subsamp","Endometriosis (Rahmioglu)","Nk0xbD","misc_subsamp",486258,"rs55909142","0.002",0.019,"0.924","Miscarriage (subsample)"
"misc_subsamp","Endometriosis (Rahmioglu)","Nk0xbD","misc_subsamp",486258,"rs56090796","0.01",0.02,"0.617","Miscarriage (subsample)"
"misc_subsamp","Endometriosis (Rahmioglu)","Nk0xbD","misc_subsamp",486258,"rs57281976","0.008",0.02,"0.688","Miscarriage (subsample)"
"misc_subsamp","Endometriosis (Rahmioglu)","Nk0xbD","misc_subsamp",486258,"rs6435157","0.008",0.02,"0.683","Miscarriage (subsample)"
"misc_subsamp","Endometriosis (Rahmioglu)","Nk0xbD","misc_subsamp",486258,"rs6456259","0.012",0.02,"0.555","Miscarriage (subsample)"
"misc_subsamp","Endometriosis (Rahmioglu)","Nk0xbD","misc_subsamp",486258,"rs66683298","0.003",0.019,"0.873","Miscarriage (subsample)"
"misc_subsamp","Endometriosis (Rahmioglu)","Nk0xbD","misc_subsamp",486258,"rs71575922","0.001",0.02,"0.959","Miscarriage (subsample)"
"misc_subsamp","Endometriosis (Rahmioglu)","Nk0xbD","misc_subsamp",486258,"rs7214750","0.004",0.02,"0.834","Miscarriage (subsample)"
"misc_subsamp","Endometriosis (Rahmioglu)","Nk0xbD","misc_subsamp",486258,"rs7334326","0.01",0.02,"0.603","Miscarriage (subsample)"
"misc_subsamp","Endometriosis (Rahmioglu)","Nk0xbD","misc_subsamp",486258,"rs7907732","0.009",0.02,"0.64","Miscarriage (subsample)"
"misc_subsamp","Endometriosis (Rahmioglu)","Nk0xbD","misc_subsamp",486258,"rs7924571","0.008",0.02,"0.698","Miscarriage (subsample)"
"misc_subsamp","Endometriosis (Rahmioglu)","Nk0xbD","misc_subsamp",486258,"All","0.007",0.019,"0.706","Miscarriage (subsample)"
"misc_subsamp","Endometriosis (Rahmioglu)","Nk0xbD","misc_subsamp",486258,"rs1451383","0.006",0.02,"0.766","Miscarriage (subsample)"
"misc_subsamp","Endometriosis (Rahmioglu)","Nk0xbD","misc_subsamp",486258,"rs17053711","0.011",0.019,"0.561","Miscarriage (subsample)"
"nicu","Endometriosis (Rahmioglu)","Nk0xbD","nicu",77325,"rs10860864","-0.04",0.066,"0.541","NICU admission"
"nicu","Endometriosis (Rahmioglu)","Nk0xbD","nicu",77325,"rs10983311","-0.054",0.066,"0.415","NICU admission"
"nicu","Endometriosis (Rahmioglu)","Nk0xbD","nicu",77325,"rs10090060","-0.054",0.067,"0.421","NICU admission"
"nicu","Endometriosis (Rahmioglu)","Nk0xbD","nicu",77325,"rs10122243","-0.046",0.067,"0.488","NICU admission"
"nicu","Endometriosis (Rahmioglu)","Nk0xbD","nicu",77325,"rs12030576","-0.044",0.066,"0.508","NICU admission"
"nicu","Endometriosis (Rahmioglu)","Nk0xbD","nicu",77325,"rs12441483","-0.023",0.066,"0.724","NICU admission"
"nicu","Endometriosis (Rahmioglu)","Nk0xbD","nicu",77325,"rs12549438","-0.048",0.066,"0.466","NICU admission"
"nicu","Endometriosis (Rahmioglu)","Nk0xbD","nicu",77325,"rs1352889","-0.037",0.066,"0.57","NICU admission"
"nicu","Endometriosis (Rahmioglu)","Nk0xbD","nicu",77325,"rs1430787","-0.03",0.066,"0.653","NICU admission"
"nicu","Endometriosis (Rahmioglu)","Nk0xbD","nicu",77325,"rs1451383","-0.031",0.066,"0.641","NICU admission"
"nicu","Endometriosis (Rahmioglu)","Nk0xbD","nicu",77325,"rs17053711","-0.044",0.066,"0.509","NICU admission"
"nicu","Endometriosis (Rahmioglu)","Nk0xbD","nicu",77325,"rs1903068","-0.015",0.068,"0.823","NICU admission"
"nicu","Endometriosis (Rahmioglu)","Nk0xbD","nicu",77325,"rs2036754","-0.048",0.066,"0.472","NICU admission"
"nicu","Endometriosis (Rahmioglu)","Nk0xbD","nicu",77325,"rs2226158","-0.043",0.066,"0.514","NICU admission"
"nicu","Endometriosis (Rahmioglu)","Nk0xbD","nicu",77325,"rs2421985","-0.023",0.067,"0.734","NICU admission"
"nicu","Endometriosis (Rahmioglu)","Nk0xbD","nicu",77325,"rs11674184","-0.038",0.068,"0.574","NICU admission"
"nicu","Endometriosis (Rahmioglu)","Nk0xbD","nicu",77325,"rs11756073","-0.043",0.066,"0.512","NICU admission"
"nicu","Endometriosis (Rahmioglu)","Nk0xbD","nicu",77325,"rs3803042","-0.03",0.066,"0.65","NICU admission"
"nicu","Endometriosis (Rahmioglu)","Nk0xbD","nicu",77325,"rs4540228","-0.043",0.066,"0.514","NICU admission"
"nicu","Endometriosis (Rahmioglu)","Nk0xbD","nicu",77325,"rs507666","-0.033",0.066,"0.617","NICU admission"
"nicu","Endometriosis (Rahmioglu)","Nk0xbD","nicu",77325,"rs55909142","-0.052",0.066,"0.428","NICU admission"
"nicu","Endometriosis (Rahmioglu)","Nk0xbD","nicu",77325,"rs56090796","-0.03",0.066,"0.653","NICU admission"
"nicu","Endometriosis (Rahmioglu)","Nk0xbD","nicu",77325,"rs57281976","-0.028",0.066,"0.667","NICU admission"
"nicu","Endometriosis (Rahmioglu)","Nk0xbD","nicu",77325,"rs6435157","-0.045",0.066,"0.493","NICU admission"
"nicu","Endometriosis (Rahmioglu)","Nk0xbD","nicu",77325,"rs6456259","-0.037",0.067,"0.578","NICU admission"
"nicu","Endometriosis (Rahmioglu)","Nk0xbD","nicu",77325,"rs66683298","-0.016",0.066,"0.803","NICU admission"
"nicu","Endometriosis (Rahmioglu)","Nk0xbD","nicu",77325,"rs71575922","-0.067",0.069,"0.325","NICU admission"
"nicu","Endometriosis (Rahmioglu)","Nk0xbD","nicu",77325,"rs7214750","-0.031",0.066,"0.642","NICU admission"
"nicu","Endometriosis (Rahmioglu)","Nk0xbD","nicu",77325,"rs7334326","-0.037",0.066,"0.571","NICU admission"
"nicu","Endometriosis (Rahmioglu)","Nk0xbD","nicu",77325,"rs7907732","-0.026",0.066,"0.694","NICU admission"
"nicu","Endometriosis (Rahmioglu)","Nk0xbD","nicu",77325,"rs7924571","-0.049",0.066,"0.462","NICU admission"
"nicu","Endometriosis (Rahmioglu)","Nk0xbD","nicu",77325,"All","-0.039",0.065,"0.555","NICU admission"
"nicu","Endometriosis (Rahmioglu)","Nk0xbD","nicu",77325,"rs2946160","-0.041",0.066,"0.531","NICU admission"
"nicu","Endometriosis (Rahmioglu)","Nk0xbD","nicu",77325,"rs2510770","-0.044",0.066,"0.506","NICU admission"
"nvp_sev_all","Endometriosis (Rahmioglu)","Nk0xbD","nvp_sev_all",75842,"rs10122243","0.019",0.018,"0.289","Severe nausea/vomiting (all)"
"nvp_sev_all","Endometriosis (Rahmioglu)","Nk0xbD","nvp_sev_all",75842,"rs10860864","0.018",0.018,"0.311","Severe nausea/vomiting (all)"
"nvp_sev_all","Endometriosis (Rahmioglu)","Nk0xbD","nvp_sev_all",75842,"rs10090060","0.021",0.018,"0.245","Severe nausea/vomiting (all)"
"nvp_sev_all","Endometriosis (Rahmioglu)","Nk0xbD","nvp_sev_all",75842,"rs11674184","0.021",0.018,"0.262","Severe nausea/vomiting (all)"
"nvp_sev_all","Endometriosis (Rahmioglu)","Nk0xbD","nvp_sev_all",75842,"rs11756073","0.017",0.018,"0.33","Severe nausea/vomiting (all)"
"nvp_sev_all","Endometriosis (Rahmioglu)","Nk0xbD","nvp_sev_all",75842,"rs10917151","0.02",0.019,"0.292","Severe nausea/vomiting (all)"
"nvp_sev_all","Endometriosis (Rahmioglu)","Nk0xbD","nvp_sev_all",75842,"rs10983311","0.02",0.018,"0.267","Severe nausea/vomiting (all)"
"nvp_sev_all","Endometriosis (Rahmioglu)","Nk0xbD","nvp_sev_all",75842,"rs12549438","0.022",0.018,"0.211","Severe nausea/vomiting (all)"
"nvp_sev_all","Endometriosis (Rahmioglu)","Nk0xbD","nvp_sev_all",75842,"rs1352889","0.015",0.017,"0.381","Severe nausea/vomiting (all)"
"nvp_sev_all","Endometriosis (Rahmioglu)","Nk0xbD","nvp_sev_all",75842,"rs12030576","0.024",0.018,"0.181","Severe nausea/vomiting (all)"
"nvp_sev_all","Endometriosis (Rahmioglu)","Nk0xbD","nvp_sev_all",75842,"rs12441483","0.018",0.018,"0.324","Severe nausea/vomiting (all)"
"nvp_sev_all","Endometriosis (Rahmioglu)","Nk0xbD","nvp_sev_all",75842,"rs17053711","0.019",0.018,"0.289","Severe nausea/vomiting (all)"
"nvp_sev_all","Endometriosis (Rahmioglu)","Nk0xbD","nvp_sev_all",75842,"rs1903068","0.016",0.018,"0.394","Severe nausea/vomiting (all)"
"nvp_sev_all","Endometriosis (Rahmioglu)","Nk0xbD","nvp_sev_all",75842,"rs2036754","0.021",0.018,"0.24","Severe nausea/vomiting (all)"
"nvp_sev_all","Endometriosis (Rahmioglu)","Nk0xbD","nvp_sev_all",75842,"rs2226158","0.019",0.018,"0.301","Severe nausea/vomiting (all)"
"nvp_sev_all","Endometriosis (Rahmioglu)","Nk0xbD","nvp_sev_all",75842,"rs2421985","0.021",0.018,"0.249","Severe nausea/vomiting (all)"
"nvp_sev_all","Endometriosis (Rahmioglu)","Nk0xbD","nvp_sev_all",75842,"rs2510770","0.018",0.018,"0.313","Severe nausea/vomiting (all)"
"nvp_sev_all","Endometriosis (Rahmioglu)","Nk0xbD","nvp_sev_all",75842,"rs2946160","0.02",0.018,"0.257","Severe nausea/vomiting (all)"
"nvp_sev_all","Endometriosis (Rahmioglu)","Nk0xbD","nvp_sev_all",75842,"rs3803042","0.021",0.018,"0.233","Severe nausea/vomiting (all)"
"nvp_sev_all","Endometriosis (Rahmioglu)","Nk0xbD","nvp_sev_all",75842,"rs4540228","0.02",0.018,"0.28","Severe nausea/vomiting (all)"
"nvp_sev_all","Endometriosis (Rahmioglu)","Nk0xbD","nvp_sev_all",75842,"rs507666","0.014",0.017,"0.396","Severe nausea/vomiting (all)"
"nvp_sev_all","Endometriosis (Rahmioglu)","Nk0xbD","nvp_sev_all",75842,"rs55909142","0.022",0.018,"0.222","Severe nausea/vomiting (all)"
"nvp_sev_all","Endometriosis (Rahmioglu)","Nk0xbD","nvp_sev_all",75842,"rs1430787","0.021",0.018,"0.254","Severe nausea/vomiting (all)"
"nvp_sev_all","Endometriosis (Rahmioglu)","Nk0xbD","nvp_sev_all",75842,"rs1451383","0.015",0.018,"0.377","Severe nausea/vomiting (all)"
"nvp_sev_all","Endometriosis (Rahmioglu)","Nk0xbD","nvp_sev_all",75842,"rs6435157","0.019",0.018,"0.297","Severe nausea/vomiting (all)"
"nvp_sev_all","Endometriosis (Rahmioglu)","Nk0xbD","nvp_sev_all",75842,"rs6456259","0.015",0.018,"0.407","Severe nausea/vomiting (all)"
"nvp_sev_all","Endometriosis (Rahmioglu)","Nk0xbD","nvp_sev_all",75842,"rs66683298","0.014",0.017,"0.409","Severe nausea/vomiting (all)"
"nvp_sev_all","Endometriosis (Rahmioglu)","Nk0xbD","nvp_sev_all",75842,"rs71575922","0.033",0.017,"0.05","Severe nausea/vomiting (all)"
"nvp_sev_all","Endometriosis (Rahmioglu)","Nk0xbD","nvp_sev_all",75842,"rs7214750","0.017",0.018,"0.343","Severe nausea/vomiting (all)"
"nvp_sev_all","Endometriosis (Rahmioglu)","Nk0xbD","nvp_sev_all",75842,"rs7334326","0.02",0.018,"0.256","Severe nausea/vomiting (all)"
"nvp_sev_all","Endometriosis (Rahmioglu)","Nk0xbD","nvp_sev_all",75842,"rs7907732","0.019",0.018,"0.292","Severe nausea/vomiting (all)"
"nvp_sev_all","Endometriosis (Rahmioglu)","Nk0xbD","nvp_sev_all",75842,"rs7924571","0.022",0.018,"0.23","Severe nausea/vomiting (all)"
"nvp_sev_all","Endometriosis (Rahmioglu)","Nk0xbD","nvp_sev_all",75842,"All","0.019",0.018,"0.269","Severe nausea/vomiting (all)"
"nvp_sev_all","Endometriosis (Rahmioglu)","Nk0xbD","nvp_sev_all",75842,"rs57281976","0.022",0.018,"0.22","Severe nausea/vomiting (all)"
"nvp_sev_all","Endometriosis (Rahmioglu)","Nk0xbD","nvp_sev_all",75842,"rs56090796","0.02",0.018,"0.26","Severe nausea/vomiting (all)"
"nvp_sev_subsamp","Endometriosis (Rahmioglu)","Nk0xbD","nvp_sev_subsamp",61955,"rs10122243","0.022",0.019,"0.253","Severe nausea/vomiting (subsample)"
"nvp_sev_subsamp","Endometriosis (Rahmioglu)","Nk0xbD","nvp_sev_subsamp",61955,"rs10860864","0.021",0.019,"0.273","Severe nausea/vomiting (subsample)"
"nvp_sev_subsamp","Endometriosis (Rahmioglu)","Nk0xbD","nvp_sev_subsamp",61955,"rs10090060","0.024",0.019,"0.211","Severe nausea/vomiting (subsample)"
"nvp_sev_subsamp","Endometriosis (Rahmioglu)","Nk0xbD","nvp_sev_subsamp",61955,"rs11674184","0.023",0.02,"0.241","Severe nausea/vomiting (subsample)"
"nvp_sev_subsamp","Endometriosis (Rahmioglu)","Nk0xbD","nvp_sev_subsamp",61955,"rs11756073","0.021",0.019,"0.277","Severe nausea/vomiting (subsample)"
"nvp_sev_subsamp","Endometriosis (Rahmioglu)","Nk0xbD","nvp_sev_subsamp",61955,"rs12030576","0.026",0.019,"0.163","Severe nausea/vomiting (subsample)"
"nvp_sev_subsamp","Endometriosis (Rahmioglu)","Nk0xbD","nvp_sev_subsamp",61955,"rs12441483","0.021",0.019,"0.266","Severe nausea/vomiting (subsample)"
"nvp_sev_subsamp","Endometriosis (Rahmioglu)","Nk0xbD","nvp_sev_subsamp",61955,"rs12549438","0.024",0.019,"0.199","Severe nausea/vomiting (subsample)"
"nvp_sev_subsamp","Endometriosis (Rahmioglu)","Nk0xbD","nvp_sev_subsamp",61955,"rs1352889","0.016",0.018,"0.35","Severe nausea/vomiting (subsample)"
"nvp_sev_subsamp","Endometriosis (Rahmioglu)","Nk0xbD","nvp_sev_subsamp",61955,"rs1430787","0.023",0.019,"0.234","Severe nausea/vomiting (subsample)"
"nvp_sev_subsamp","Endometriosis (Rahmioglu)","Nk0xbD","nvp_sev_subsamp",61955,"rs1451383","0.018",0.019,"0.327","Severe nausea/vomiting (subsample)"
"nvp_sev_subsamp","Endometriosis (Rahmioglu)","Nk0xbD","nvp_sev_subsamp",61955,"rs17053711","0.022",0.019,"0.247","Severe nausea/vomiting (subsample)"
"nvp_sev_subsamp","Endometriosis (Rahmioglu)","Nk0xbD","nvp_sev_subsamp",61955,"rs1903068","0.021",0.02,"0.29","Severe nausea/vomiting (subsample)"
"nvp_sev_subsamp","Endometriosis (Rahmioglu)","Nk0xbD","nvp_sev_subsamp",61955,"rs2036754","0.023",0.019,"0.229","Severe nausea/vomiting (subsample)"
"nvp_sev_subsamp","Endometriosis (Rahmioglu)","Nk0xbD","nvp_sev_subsamp",61955,"rs10917151","0.026",0.02,"0.187","Severe nausea/vomiting (subsample)"
"nvp_sev_subsamp","Endometriosis (Rahmioglu)","Nk0xbD","nvp_sev_subsamp",61955,"rs10983311","0.021",0.019,"0.274","Severe nausea/vomiting (subsample)"
"nvp_sev_subsamp","Endometriosis (Rahmioglu)","Nk0xbD","nvp_sev_subsamp",61955,"rs2510770","0.02",0.019,"0.298","Severe nausea/vomiting (subsample)"
"nvp_sev_subsamp","Endometriosis (Rahmioglu)","Nk0xbD","nvp_sev_subsamp",61955,"rs2946160","0.023",0.019,"0.221","Severe nausea/vomiting (subsample)"
"nvp_sev_subsamp","Endometriosis (Rahmioglu)","Nk0xbD","nvp_sev_subsamp",61955,"rs3803042","0.026",0.018,"0.156","Severe nausea/vomiting (subsample)"
"nvp_sev_subsamp","Endometriosis (Rahmioglu)","Nk0xbD","nvp_sev_subsamp",61955,"rs4540228","0.022",0.019,"0.251","Severe nausea/vomiting (subsample)"
"nvp_sev_subsamp","Endometriosis (Rahmioglu)","Nk0xbD","nvp_sev_subsamp",61955,"rs507666","0.016",0.018,"0.36","Severe nausea/vomiting (subsample)"
"nvp_sev_subsamp","Endometriosis (Rahmioglu)","Nk0xbD","nvp_sev_subsamp",61955,"rs55909142","0.023",0.019,"0.22","Severe nausea/vomiting (subsample)"
"nvp_sev_subsamp","Endometriosis (Rahmioglu)","Nk0xbD","nvp_sev_subsamp",61955,"rs56090796","0.023",0.019,"0.238","Severe nausea/vomiting (subsample)"
"nvp_sev_subsamp","Endometriosis (Rahmioglu)","Nk0xbD","nvp_sev_subsamp",61955,"rs57281976","0.023",0.019,"0.238","Severe nausea/vomiting (subsample)"
"nvp_sev_subsamp","Endometriosis (Rahmioglu)","Nk0xbD","nvp_sev_subsamp",61955,"rs6435157","0.022",0.019,"0.241","Severe nausea/vomiting (subsample)"
"nvp_sev_subsamp","Endometriosis (Rahmioglu)","Nk0xbD","nvp_sev_subsamp",61955,"rs6456259","0.016",0.019,"0.382","Severe nausea/vomiting (subsample)"
"nvp_sev_subsamp","Endometriosis (Rahmioglu)","Nk0xbD","nvp_sev_subsamp",61955,"rs66683298","0.017",0.018,"0.348","Severe nausea/vomiting (subsample)"
"nvp_sev_subsamp","Endometriosis (Rahmioglu)","Nk0xbD","nvp_sev_subsamp",61955,"rs2226158","0.021",0.019,"0.263","Severe nausea/vomiting (subsample)"
"nvp_sev_subsamp","Endometriosis (Rahmioglu)","Nk0xbD","nvp_sev_subsamp",61955,"rs2421985","0.023",0.019,"0.244","Severe nausea/vomiting (subsample)"
"nvp_sev_subsamp","Endometriosis (Rahmioglu)","Nk0xbD","nvp_sev_subsamp",61955,"rs7334326","0.023",0.019,"0.226","Severe nausea/vomiting (subsample)"
"nvp_sev_subsamp","Endometriosis (Rahmioglu)","Nk0xbD","nvp_sev_subsamp",61955,"rs7907732","0.023",0.019,"0.23","Severe nausea/vomiting (subsample)"
"nvp_sev_subsamp","Endometriosis (Rahmioglu)","Nk0xbD","nvp_sev_subsamp",61955,"rs7924571","0.023",0.019,"0.228","Severe nausea/vomiting (subsample)"
"nvp_sev_subsamp","Endometriosis (Rahmioglu)","Nk0xbD","nvp_sev_subsamp",61955,"All","0.022",0.019,"0.238","Severe nausea/vomiting (subsample)"
"nvp_sev_subsamp","Endometriosis (Rahmioglu)","Nk0xbD","nvp_sev_subsamp",61955,"rs71575922","0.035",0.018,"0.049","Severe nausea/vomiting (subsample)"
"nvp_sev_subsamp","Endometriosis (Rahmioglu)","Nk0xbD","nvp_sev_subsamp",61955,"rs7214750","0.018",0.019,"0.341","Severe nausea/vomiting (subsample)"
"pe_subsamp","Endometriosis (Rahmioglu)","Nk0xbD","pe_subsamp",672032,"rs10860864","-0.068",0.04,"0.091","Preeclampsia (subsample)"
"pe_subsamp","Endometriosis (Rahmioglu)","Nk0xbD","pe_subsamp",672032,"rs10917151","-0.067",0.042,"0.11","Preeclampsia (subsample)"
"pe_subsamp","Endometriosis (Rahmioglu)","Nk0xbD","pe_subsamp",672032,"rs10090060","-0.057",0.04,"0.156","Preeclampsia (subsample)"
"pe_subsamp","Endometriosis (Rahmioglu)","Nk0xbD","pe_subsamp",672032,"rs10122243","-0.057",0.041,"0.156","Preeclampsia (subsample)"
"pe_subsamp","Endometriosis (Rahmioglu)","Nk0xbD","pe_subsamp",672032,"rs11756073","-0.06",0.04,"0.135","Preeclampsia (subsample)"
"pe_subsamp","Endometriosis (Rahmioglu)","Nk0xbD","pe_subsamp",672032,"rs12030576","-0.055",0.04,"0.175","Preeclampsia (subsample)"
"pe_subsamp","Endometriosis (Rahmioglu)","Nk0xbD","pe_subsamp",672032,"rs10983311","-0.052",0.04,"0.19","Preeclampsia (subsample)"
"pe_subsamp","Endometriosis (Rahmioglu)","Nk0xbD","pe_subsamp",672032,"rs11674184","-0.065",0.041,"0.109","Preeclampsia (subsample)"
"pe_subsamp","Endometriosis (Rahmioglu)","Nk0xbD","pe_subsamp",672032,"rs1352889","-0.066",0.04,"0.099","Preeclampsia (subsample)"
"pe_subsamp","Endometriosis (Rahmioglu)","Nk0xbD","pe_subsamp",672032,"rs1430787","-0.064",0.04,"0.109","Preeclampsia (subsample)"
"pe_subsamp","Endometriosis (Rahmioglu)","Nk0xbD","pe_subsamp",672032,"rs1451383","-0.048",0.04,"0.236","Preeclampsia (subsample)"
"pe_subsamp","Endometriosis (Rahmioglu)","Nk0xbD","pe_subsamp",672032,"rs17053711","-0.059",0.04,"0.139","Preeclampsia (subsample)"
"pe_subsamp","Endometriosis (Rahmioglu)","Nk0xbD","pe_subsamp",672032,"rs1903068","-0.049",0.041,"0.232","Preeclampsia (subsample)"
"pe_subsamp","Endometriosis (Rahmioglu)","Nk0xbD","pe_subsamp",672032,"rs2036754","-0.069",0.04,"0.083","Preeclampsia (subsample)"
"pe_subsamp","Endometriosis (Rahmioglu)","Nk0xbD","pe_subsamp",672032,"rs2226158","-0.058",0.04,"0.152","Preeclampsia (subsample)"
"pe_subsamp","Endometriosis (Rahmioglu)","Nk0xbD","pe_subsamp",672032,"rs2421985","-0.061",0.04,"0.129","Preeclampsia (subsample)"
"pe_subsamp","Endometriosis (Rahmioglu)","Nk0xbD","pe_subsamp",672032,"rs2510770","-0.055",0.04,"0.172","Preeclampsia (subsample)"
"pe_subsamp","Endometriosis (Rahmioglu)","Nk0xbD","pe_subsamp",672032,"rs2946160","-0.053",0.04,"0.186","Preeclampsia (subsample)"
"pe_subsamp","Endometriosis (Rahmioglu)","Nk0xbD","pe_subsamp",672032,"rs3803042","-0.056",0.04,"0.159","Preeclampsia (subsample)"
"pe_subsamp","Endometriosis (Rahmioglu)","Nk0xbD","pe_subsamp",672032,"rs12441483","-0.064",0.04,"0.113","Preeclampsia (subsample)"
"pe_subsamp","Endometriosis (Rahmioglu)","Nk0xbD","pe_subsamp",672032,"rs12549438","-0.058",0.04,"0.145","Preeclampsia (subsample)"
"pe_subsamp","Endometriosis (Rahmioglu)","Nk0xbD","pe_subsamp",672032,"rs56090796","-0.064",0.04,"0.111","Preeclampsia (subsample)"
"pe_subsamp","Endometriosis (Rahmioglu)","Nk0xbD","pe_subsamp",672032,"rs57281976","-0.055",0.04,"0.173","Preeclampsia (subsample)"
"pe_subsamp","Endometriosis (Rahmioglu)","Nk0xbD","pe_subsamp",672032,"rs6435157","-0.049",0.04,"0.225","Preeclampsia (subsample)"
"pe_subsamp","Endometriosis (Rahmioglu)","Nk0xbD","pe_subsamp",672032,"rs6456259","-0.061",0.04,"0.134","Preeclampsia (subsample)"
"pe_subsamp","Endometriosis (Rahmioglu)","Nk0xbD","pe_subsamp",672032,"rs66683298","-0.067",0.04,"0.094","Preeclampsia (subsample)"
"pe_subsamp","Endometriosis (Rahmioglu)","Nk0xbD","pe_subsamp",672032,"rs71575922","-0.073",0.042,"0.08","Preeclampsia (subsample)"
"pe_subsamp","Endometriosis (Rahmioglu)","Nk0xbD","pe_subsamp",672032,"rs7214750","-0.062",0.04,"0.123","Preeclampsia (subsample)"
"pe_subsamp","Endometriosis (Rahmioglu)","Nk0xbD","pe_subsamp",672032,"rs7334326","-0.064",0.04,"0.111","Preeclampsia (subsample)"
"pe_subsamp","Endometriosis (Rahmioglu)","Nk0xbD","pe_subsamp",672032,"rs7907732","-0.054",0.04,"0.176","Preeclampsia (subsample)"
"pe_subsamp","Endometriosis (Rahmioglu)","Nk0xbD","pe_subsamp",672032,"rs7924571","-0.062",0.04,"0.123","Preeclampsia (subsample)"
"pe_subsamp","Endometriosis (Rahmioglu)","Nk0xbD","pe_subsamp",672032,"All","-0.06",0.04,"0.132","Preeclampsia (subsample)"
"pe_subsamp","Endometriosis (Rahmioglu)","Nk0xbD","pe_subsamp",672032,"rs4540228","-0.063",0.04,"0.114","Preeclampsia (subsample)"
"pe_subsamp","Endometriosis (Rahmioglu)","Nk0xbD","pe_subsamp",672032,"rs55909142","-0.058",0.04,"0.148","Preeclampsia (subsample)"
"Postpartum_hemorrhage","Endometriosis (Rahmioglu)","Nk0xbD","Postpartum_hemorrhage",NA,"rs10983311","-0.061",0.058,"0.297","Postpartum_hemorrhage"
"Postpartum_hemorrhage","Endometriosis (Rahmioglu)","Nk0xbD","Postpartum_hemorrhage",NA,"rs11674184","-0.062",0.06,"0.301","Postpartum_hemorrhage"
"Postpartum_hemorrhage","Endometriosis (Rahmioglu)","Nk0xbD","Postpartum_hemorrhage",NA,"rs11756073","-0.069",0.057,"0.227","Postpartum_hemorrhage"
"Postpartum_hemorrhage","Endometriosis (Rahmioglu)","Nk0xbD","Postpartum_hemorrhage",NA,"rs12030576","-0.062",0.059,"0.292","Postpartum_hemorrhage"
"Postpartum_hemorrhage","Endometriosis (Rahmioglu)","Nk0xbD","Postpartum_hemorrhage",NA,"rs12320196","-0.06",0.059,"0.309","Postpartum_hemorrhage"
"Postpartum_hemorrhage","Endometriosis (Rahmioglu)","Nk0xbD","Postpartum_hemorrhage",NA,"rs12441483","-0.065",0.058,"0.262","Postpartum_hemorrhage"
"Postpartum_hemorrhage","Endometriosis (Rahmioglu)","Nk0xbD","Postpartum_hemorrhage",NA,"rs12549438","-0.07",0.056,"0.215","Postpartum_hemorrhage"
"Postpartum_hemorrhage","Endometriosis (Rahmioglu)","Nk0xbD","Postpartum_hemorrhage",NA,"rs1352889","-0.052",0.058,"0.369","Postpartum_hemorrhage"
"Postpartum_hemorrhage","Endometriosis (Rahmioglu)","Nk0xbD","Postpartum_hemorrhage",NA,"rs1430787","-0.06",0.058,"0.3","Postpartum_hemorrhage"
"Postpartum_hemorrhage","Endometriosis (Rahmioglu)","Nk0xbD","Postpartum_hemorrhage",NA,"rs1451383","-0.058",0.059,"0.321","Postpartum_hemorrhage"
"Postpartum_hemorrhage","Endometriosis (Rahmioglu)","Nk0xbD","Postpartum_hemorrhage",NA,"rs17053711","-0.071",0.056,"0.205","Postpartum_hemorrhage"
"Postpartum_hemorrhage","Endometriosis (Rahmioglu)","Nk0xbD","Postpartum_hemorrhage",NA,"rs1903068","-0.079",0.057,"0.166","Postpartum_hemorrhage"
"Postpartum_hemorrhage","Endometriosis (Rahmioglu)","Nk0xbD","Postpartum_hemorrhage",NA,"rs1971256","-0.071",0.058,"0.22","Postpartum_hemorrhage"
"Postpartum_hemorrhage","Endometriosis (Rahmioglu)","Nk0xbD","Postpartum_hemorrhage",NA,"rs2036754","-0.058",0.058,"0.322","Postpartum_hemorrhage"
"Postpartum_hemorrhage","Endometriosis (Rahmioglu)","Nk0xbD","Postpartum_hemorrhage",NA,"rs2226158","-0.059",0.059,"0.313","Postpartum_hemorrhage"
"Postpartum_hemorrhage","Endometriosis (Rahmioglu)","Nk0xbD","Postpartum_hemorrhage",NA,"rs2421985","-0.054",0.059,"0.355","Postpartum_hemorrhage"
"Postpartum_hemorrhage","Endometriosis (Rahmioglu)","Nk0xbD","Postpartum_hemorrhage",NA,"rs2510770","-0.056",0.058,"0.337","Postpartum_hemorrhage"
"Postpartum_hemorrhage","Endometriosis (Rahmioglu)","Nk0xbD","Postpartum_hemorrhage",NA,"rs2946160","-0.07",0.056,"0.209","Postpartum_hemorrhage"
"Postpartum_hemorrhage","Endometriosis (Rahmioglu)","Nk0xbD","Postpartum_hemorrhage",NA,"rs2967684","-0.061",0.058,"0.298","Postpartum_hemorrhage"
"Postpartum_hemorrhage","Endometriosis (Rahmioglu)","Nk0xbD","Postpartum_hemorrhage",NA,"rs3803042","-0.061",0.058,"0.3","Postpartum_hemorrhage"
"Postpartum_hemorrhage","Endometriosis (Rahmioglu)","Nk0xbD","Postpartum_hemorrhage",NA,"rs3858429","-0.056",0.06,"0.355","Postpartum_hemorrhage"
"Postpartum_hemorrhage","Endometriosis (Rahmioglu)","Nk0xbD","Postpartum_hemorrhage",NA,"rs4540228","-0.052",0.058,"0.369","Postpartum_hemorrhage"
"Postpartum_hemorrhage","Endometriosis (Rahmioglu)","Nk0xbD","Postpartum_hemorrhage",NA,"rs55909142","-0.05",0.057,"0.388","Postpartum_hemorrhage"
"Postpartum_hemorrhage","Endometriosis (Rahmioglu)","Nk0xbD","Postpartum_hemorrhage",NA,"rs56090796","-0.06",0.058,"0.302","Postpartum_hemorrhage"
"Postpartum_hemorrhage","Endometriosis (Rahmioglu)","Nk0xbD","Postpartum_hemorrhage",NA,"rs57281976","-0.056",0.059,"0.342","Postpartum_hemorrhage"
"Postpartum_hemorrhage","Endometriosis (Rahmioglu)","Nk0xbD","Postpartum_hemorrhage",NA,"rs6435157","-0.062",0.058,"0.285","Postpartum_hemorrhage"
"Postpartum_hemorrhage","Endometriosis (Rahmioglu)","Nk0xbD","Postpartum_hemorrhage",NA,"rs6456259","-0.059",0.059,"0.318","Postpartum_hemorrhage"
"Postpartum_hemorrhage","Endometriosis (Rahmioglu)","Nk0xbD","Postpartum_hemorrhage",NA,"rs66683298","-0.053",0.058,"0.359","Postpartum_hemorrhage"
"Postpartum_hemorrhage","Endometriosis (Rahmioglu)","Nk0xbD","Postpartum_hemorrhage",NA,"rs71575922","-0.038",0.059,"0.516","Postpartum_hemorrhage"
"Postpartum_hemorrhage","Endometriosis (Rahmioglu)","Nk0xbD","Postpartum_hemorrhage",NA,"rs7214750","-0.051",0.058,"0.377","Postpartum_hemorrhage"
"Postpartum_hemorrhage","Endometriosis (Rahmioglu)","Nk0xbD","Postpartum_hemorrhage",NA,"rs7334326","-0.058",0.058,"0.32","Postpartum_hemorrhage"
"Postpartum_hemorrhage","Endometriosis (Rahmioglu)","Nk0xbD","Postpartum_hemorrhage",NA,"rs73633307","-0.053",0.059,"0.361","Postpartum_hemorrhage"
"Postpartum_hemorrhage","Endometriosis (Rahmioglu)","Nk0xbD","Postpartum_hemorrhage",NA,"rs7907732","-0.065",0.058,"0.263","Postpartum_hemorrhage"
"Postpartum_hemorrhage","Endometriosis (Rahmioglu)","Nk0xbD","Postpartum_hemorrhage",NA,"rs7924571","-0.044",0.056,"0.438","Postpartum_hemorrhage"
"Postpartum_hemorrhage","Endometriosis (Rahmioglu)","Nk0xbD","Postpartum_hemorrhage",NA,"All","-0.058",0.057,"0.314","Postpartum_hemorrhage"
"Postpartum_hemorrhage","Endometriosis (Rahmioglu)","Nk0xbD","Postpartum_hemorrhage",NA,"rs10090060","-0.061",0.059,"0.299","Postpartum_hemorrhage"
"Postpartum_hemorrhage","Endometriosis (Rahmioglu)","Nk0xbD","Postpartum_hemorrhage",NA,"rs10122243","-0.048",0.058,"0.414","Postpartum_hemorrhage"
"Postpartum_hemorrhage","Endometriosis (Rahmioglu)","Nk0xbD","Postpartum_hemorrhage",NA,"rs10757277","-0.063",0.058,"0.281","Postpartum_hemorrhage"
"Postpartum_hemorrhage","Endometriosis (Rahmioglu)","Nk0xbD","Postpartum_hemorrhage",NA,"rs10828249","-0.046",0.057,"0.425","Postpartum_hemorrhage"
"Postpartum_hemorrhage","Endometriosis (Rahmioglu)","Nk0xbD","Postpartum_hemorrhage",NA,"rs10860864","-0.064",0.058,"0.273","Postpartum_hemorrhage"
"Postpartum_hemorrhage","Endometriosis (Rahmioglu)","Nk0xbD","Postpartum_hemorrhage",NA,"rs10917151","-0.006",0.054,"0.913","Postpartum_hemorrhage"
"Postpartum_hemorrhage_due_to_atony","Endometriosis (Rahmioglu)","Nk0xbD","Postpartum_hemorrhage_due_to_atony",NA,"rs10090060","-0.028",0.06,"0.638","Postpartum_hemorrhage_due_to_atony"
"Postpartum_hemorrhage_due_to_atony","Endometriosis (Rahmioglu)","Nk0xbD","Postpartum_hemorrhage_due_to_atony",NA,"rs10122243","-0.035",0.061,"0.564","Postpartum_hemorrhage_due_to_atony"
"Postpartum_hemorrhage_due_to_atony","Endometriosis (Rahmioglu)","Nk0xbD","Postpartum_hemorrhage_due_to_atony",NA,"rs10757277","-0.041",0.06,"0.494","Postpartum_hemorrhage_due_to_atony"
"Postpartum_hemorrhage_due_to_atony","Endometriosis (Rahmioglu)","Nk0xbD","Postpartum_hemorrhage_due_to_atony",NA,"rs10828249","-0.028",0.06,"0.635","Postpartum_hemorrhage_due_to_atony"
"Postpartum_hemorrhage_due_to_atony","Endometriosis (Rahmioglu)","Nk0xbD","Postpartum_hemorrhage_due_to_atony",NA,"rs10860864","-0.042",0.06,"0.483","Postpartum_hemorrhage_due_to_atony"
"Postpartum_hemorrhage_due_to_atony","Endometriosis (Rahmioglu)","Nk0xbD","Postpartum_hemorrhage_due_to_atony",NA,"rs10917151","0.006",0.059,"0.915","Postpartum_hemorrhage_due_to_atony"
"Postpartum_hemorrhage_due_to_atony","Endometriosis (Rahmioglu)","Nk0xbD","Postpartum_hemorrhage_due_to_atony",NA,"rs10983311","-0.033",0.06,"0.58","Postpartum_hemorrhage_due_to_atony"
"Postpartum_hemorrhage_due_to_atony","Endometriosis (Rahmioglu)","Nk0xbD","Postpartum_hemorrhage_due_to_atony",NA,"rs11674184","-0.022",0.061,"0.712","Postpartum_hemorrhage_due_to_atony"
"Postpartum_hemorrhage_due_to_atony","Endometriosis (Rahmioglu)","Nk0xbD","Postpartum_hemorrhage_due_to_atony",NA,"rs11756073","-0.041",0.06,"0.495","Postpartum_hemorrhage_due_to_atony"
"Postpartum_hemorrhage_due_to_atony","Endometriosis (Rahmioglu)","Nk0xbD","Postpartum_hemorrhage_due_to_atony",NA,"rs12030576","-0.044",0.06,"0.463","Postpartum_hemorrhage_due_to_atony"
"Postpartum_hemorrhage_due_to_atony","Endometriosis (Rahmioglu)","Nk0xbD","Postpartum_hemorrhage_due_to_atony",NA,"rs12320196","-0.033",0.061,"0.582","Postpartum_hemorrhage_due_to_atony"
"Postpartum_hemorrhage_due_to_atony","Endometriosis (Rahmioglu)","Nk0xbD","Postpartum_hemorrhage_due_to_atony",NA,"rs12441483","-0.046",0.06,"0.449","Postpartum_hemorrhage_due_to_atony"
"Postpartum_hemorrhage_due_to_atony","Endometriosis (Rahmioglu)","Nk0xbD","Postpartum_hemorrhage_due_to_atony",NA,"rs12549438","-0.053",0.057,"0.355","Postpartum_hemorrhage_due_to_atony"
"Postpartum_hemorrhage_due_to_atony","Endometriosis (Rahmioglu)","Nk0xbD","Postpartum_hemorrhage_due_to_atony",NA,"rs1352889","-0.035",0.06,"0.564","Postpartum_hemorrhage_due_to_atony"
"Postpartum_hemorrhage_due_to_atony","Endometriosis (Rahmioglu)","Nk0xbD","Postpartum_hemorrhage_due_to_atony",NA,"rs1430787","-0.039",0.06,"0.519","Postpartum_hemorrhage_due_to_atony"
"Postpartum_hemorrhage_due_to_atony","Endometriosis (Rahmioglu)","Nk0xbD","Postpartum_hemorrhage_due_to_atony",NA,"rs1451383","-0.039",0.061,"0.524","Postpartum_hemorrhage_due_to_atony"
"Postpartum_hemorrhage_due_to_atony","Endometriosis (Rahmioglu)","Nk0xbD","Postpartum_hemorrhage_due_to_atony",NA,"rs17053711","-0.052",0.058,"0.369","Postpartum_hemorrhage_due_to_atony"
"Postpartum_hemorrhage_due_to_atony","Endometriosis (Rahmioglu)","Nk0xbD","Postpartum_hemorrhage_due_to_atony",NA,"rs1903068","-0.06",0.059,"0.31","Postpartum_hemorrhage_due_to_atony"
"Postpartum_hemorrhage_due_to_atony","Endometriosis (Rahmioglu)","Nk0xbD","Postpartum_hemorrhage_due_to_atony",NA,"rs1971256","-0.045",0.061,"0.453","Postpartum_hemorrhage_due_to_atony"
"Postpartum_hemorrhage_due_to_atony","Endometriosis (Rahmioglu)","Nk0xbD","Postpartum_hemorrhage_due_to_atony",NA,"rs2036754","-0.035",0.06,"0.564","Postpartum_hemorrhage_due_to_atony"
"Postpartum_hemorrhage_due_to_atony","Endometriosis (Rahmioglu)","Nk0xbD","Postpartum_hemorrhage_due_to_atony",NA,"rs2226158","-0.04",0.06,"0.509","Postpartum_hemorrhage_due_to_atony"
"Postpartum_hemorrhage_due_to_atony","Endometriosis (Rahmioglu)","Nk0xbD","Postpartum_hemorrhage_due_to_atony",NA,"rs2421985","-0.039",0.061,"0.52","Postpartum_hemorrhage_due_to_atony"
"Postpartum_hemorrhage_due_to_atony","Endometriosis (Rahmioglu)","Nk0xbD","Postpartum_hemorrhage_due_to_atony",NA,"rs2510770","-0.035",0.06,"0.567","Postpartum_hemorrhage_due_to_atony"
"Postpartum_hemorrhage_due_to_atony","Endometriosis (Rahmioglu)","Nk0xbD","Postpartum_hemorrhage_due_to_atony",NA,"rs2946160","-0.051",0.057,"0.374","Postpartum_hemorrhage_due_to_atony"
"Postpartum_hemorrhage_due_to_atony","Endometriosis (Rahmioglu)","Nk0xbD","Postpartum_hemorrhage_due_to_atony",NA,"rs2967684","-0.041",0.06,"0.493","Postpartum_hemorrhage_due_to_atony"
"Postpartum_hemorrhage_due_to_atony","Endometriosis (Rahmioglu)","Nk0xbD","Postpartum_hemorrhage_due_to_atony",NA,"rs3803042","-0.041",0.06,"0.497","Postpartum_hemorrhage_due_to_atony"
"Postpartum_hemorrhage_due_to_atony","Endometriosis (Rahmioglu)","Nk0xbD","Postpartum_hemorrhage_due_to_atony",NA,"rs3858429","-0.035",0.062,"0.576","Postpartum_hemorrhage_due_to_atony"
"Postpartum_hemorrhage_due_to_atony","Endometriosis (Rahmioglu)","Nk0xbD","Postpartum_hemorrhage_due_to_atony",NA,"rs4540228","-0.042",0.06,"0.492","Postpartum_hemorrhage_due_to_atony"
"Postpartum_hemorrhage_due_to_atony","Endometriosis (Rahmioglu)","Nk0xbD","Postpartum_hemorrhage_due_to_atony",NA,"rs55909142","-0.029",0.06,"0.624","Postpartum_hemorrhage_due_to_atony"
"Postpartum_hemorrhage_due_to_atony","Endometriosis (Rahmioglu)","Nk0xbD","Postpartum_hemorrhage_due_to_atony",NA,"rs56090796","-0.041",0.06,"0.501","Postpartum_hemorrhage_due_to_atony"
"Postpartum_hemorrhage_due_to_atony","Endometriosis (Rahmioglu)","Nk0xbD","Postpartum_hemorrhage_due_to_atony",NA,"rs57281976","-0.034",0.06,"0.569","Postpartum_hemorrhage_due_to_atony"
"Postpartum_hemorrhage_due_to_atony","Endometriosis (Rahmioglu)","Nk0xbD","Postpartum_hemorrhage_due_to_atony",NA,"rs6435157","-0.043",0.06,"0.476","Postpartum_hemorrhage_due_to_atony"
"Postpartum_hemorrhage_due_to_atony","Endometriosis (Rahmioglu)","Nk0xbD","Postpartum_hemorrhage_due_to_atony",NA,"rs6456259","-0.045",0.061,"0.461","Postpartum_hemorrhage_due_to_atony"
"Postpartum_hemorrhage_due_to_atony","Endometriosis (Rahmioglu)","Nk0xbD","Postpartum_hemorrhage_due_to_atony",NA,"rs66683298","-0.035",0.06,"0.558","Postpartum_hemorrhage_due_to_atony"
"Postpartum_hemorrhage_due_to_atony","Endometriosis (Rahmioglu)","Nk0xbD","Postpartum_hemorrhage_due_to_atony",NA,"rs71575922","-0.006",0.059,"0.912","Postpartum_hemorrhage_due_to_atony"
"Postpartum_hemorrhage_due_to_atony","Endometriosis (Rahmioglu)","Nk0xbD","Postpartum_hemorrhage_due_to_atony",NA,"rs7214750","-0.035",0.061,"0.562","Postpartum_hemorrhage_due_to_atony"
"Postpartum_hemorrhage_due_to_atony","Endometriosis (Rahmioglu)","Nk0xbD","Postpartum_hemorrhage_due_to_atony",NA,"rs7334326","-0.043",0.06,"0.478","Postpartum_hemorrhage_due_to_atony"
"Postpartum_hemorrhage_due_to_atony","Endometriosis (Rahmioglu)","Nk0xbD","Postpartum_hemorrhage_due_to_atony",NA,"rs73633307","-0.035",0.061,"0.566","Postpartum_hemorrhage_due_to_atony"
"Postpartum_hemorrhage_due_to_atony","Endometriosis (Rahmioglu)","Nk0xbD","Postpartum_hemorrhage_due_to_atony",NA,"rs7907732","-0.046",0.06,"0.437","Postpartum_hemorrhage_due_to_atony"
"Postpartum_hemorrhage_due_to_atony","Endometriosis (Rahmioglu)","Nk0xbD","Postpartum_hemorrhage_due_to_atony",NA,"rs7924571","-0.021",0.057,"0.717","Postpartum_hemorrhage_due_to_atony"
"Postpartum_hemorrhage_due_to_atony","Endometriosis (Rahmioglu)","Nk0xbD","Postpartum_hemorrhage_due_to_atony",NA,"All","-0.037",0.059,"0.53","Postpartum_hemorrhage_due_to_atony"
"Postpartum_hemorrhage_due_to_retained_placenta","Endometriosis (Rahmioglu)","Nk0xbD","Postpartum_hemorrhage_due_to_retained_placenta",NA,"rs10090060","-0.188",0.096,"0.051","Postpartum_hemorrhage_due_to_retained_placenta"
"Postpartum_hemorrhage_due_to_retained_placenta","Endometriosis (Rahmioglu)","Nk0xbD","Postpartum_hemorrhage_due_to_retained_placenta",NA,"rs10122243","-0.132",0.098,"0.18","Postpartum_hemorrhage_due_to_retained_placenta"
"Postpartum_hemorrhage_due_to_retained_placenta","Endometriosis (Rahmioglu)","Nk0xbD","Postpartum_hemorrhage_due_to_retained_placenta",NA,"rs10757277","-0.159",0.1,"0.113","Postpartum_hemorrhage_due_to_retained_placenta"
"Postpartum_hemorrhage_due_to_retained_placenta","Endometriosis (Rahmioglu)","Nk0xbD","Postpartum_hemorrhage_due_to_retained_placenta",NA,"rs10828249","-0.136",0.098,"0.163","Postpartum_hemorrhage_due_to_retained_placenta"
"Postpartum_hemorrhage_due_to_retained_placenta","Endometriosis (Rahmioglu)","Nk0xbD","Postpartum_hemorrhage_due_to_retained_placenta",NA,"rs10860864","-0.16",0.1,"0.11","Postpartum_hemorrhage_due_to_retained_placenta"
"Postpartum_hemorrhage_due_to_retained_placenta","Endometriosis (Rahmioglu)","Nk0xbD","Postpartum_hemorrhage_due_to_retained_placenta",NA,"rs10917151","-0.078",0.095,"0.412","Postpartum_hemorrhage_due_to_retained_placenta"
"Postpartum_hemorrhage_due_to_retained_placenta","Endometriosis (Rahmioglu)","Nk0xbD","Postpartum_hemorrhage_due_to_retained_placenta",NA,"rs10983311","-0.174",0.097,"0.072","Postpartum_hemorrhage_due_to_retained_placenta"
"Postpartum_hemorrhage_due_to_retained_placenta","Endometriosis (Rahmioglu)","Nk0xbD","Postpartum_hemorrhage_due_to_retained_placenta",NA,"rs11674184","-0.201",0.097,"0.038","Postpartum_hemorrhage_due_to_retained_placenta"
"Postpartum_hemorrhage_due_to_retained_placenta","Endometriosis (Rahmioglu)","Nk0xbD","Postpartum_hemorrhage_due_to_retained_placenta",NA,"rs11756073","-0.18",0.095,"0.06","Postpartum_hemorrhage_due_to_retained_placenta"
"Postpartum_hemorrhage_due_to_retained_placenta","Endometriosis (Rahmioglu)","Nk0xbD","Postpartum_hemorrhage_due_to_retained_placenta",NA,"rs12030576","-0.156",0.1,"0.119","Postpartum_hemorrhage_due_to_retained_placenta"
"Postpartum_hemorrhage_due_to_retained_placenta","Endometriosis (Rahmioglu)","Nk0xbD","Postpartum_hemorrhage_due_to_retained_placenta",NA,"rs12320196","-0.164",0.1,"0.1","Postpartum_hemorrhage_due_to_retained_placenta"
"Postpartum_hemorrhage_due_to_retained_placenta","Endometriosis (Rahmioglu)","Nk0xbD","Postpartum_hemorrhage_due_to_retained_placenta",NA,"rs12441483","-0.163",0.1,"0.103","Postpartum_hemorrhage_due_to_retained_placenta"
"Postpartum_hemorrhage_due_to_retained_placenta","Endometriosis (Rahmioglu)","Nk0xbD","Postpartum_hemorrhage_due_to_retained_placenta",NA,"rs12549438","-0.163",0.1,"0.102","Postpartum_hemorrhage_due_to_retained_placenta"
"Postpartum_hemorrhage_due_to_retained_placenta","Endometriosis (Rahmioglu)","Nk0xbD","Postpartum_hemorrhage_due_to_retained_placenta",NA,"rs1352889","-0.142",0.097,"0.144","Postpartum_hemorrhage_due_to_retained_placenta"
"Postpartum_hemorrhage_due_to_retained_placenta","Endometriosis (Rahmioglu)","Nk0xbD","Postpartum_hemorrhage_due_to_retained_placenta",NA,"rs1430787","-0.168",0.099,"0.088","Postpartum_hemorrhage_due_to_retained_placenta"
"Postpartum_hemorrhage_due_to_retained_placenta","Endometriosis (Rahmioglu)","Nk0xbD","Postpartum_hemorrhage_due_to_retained_placenta",NA,"rs1451383","-0.156",0.1,"0.119","Postpartum_hemorrhage_due_to_retained_placenta"
"Postpartum_hemorrhage_due_to_retained_placenta","Endometriosis (Rahmioglu)","Nk0xbD","Postpartum_hemorrhage_due_to_retained_placenta",NA,"rs17053711","-0.164",0.099,"0.1","Postpartum_hemorrhage_due_to_retained_placenta"
"Postpartum_hemorrhage_due_to_retained_placenta","Endometriosis (Rahmioglu)","Nk0xbD","Postpartum_hemorrhage_due_to_retained_placenta",NA,"rs1903068","-0.187",0.099,"0.059","Postpartum_hemorrhage_due_to_retained_placenta"
"Postpartum_hemorrhage_due_to_retained_placenta","Endometriosis (Rahmioglu)","Nk0xbD","Postpartum_hemorrhage_due_to_retained_placenta",NA,"rs1971256","-0.184",0.098,"0.061","Postpartum_hemorrhage_due_to_retained_placenta"
"Postpartum_hemorrhage_due_to_retained_placenta","Endometriosis (Rahmioglu)","Nk0xbD","Postpartum_hemorrhage_due_to_retained_placenta",NA,"rs2036754","-0.16",0.1,"0.109","Postpartum_hemorrhage_due_to_retained_placenta"
"Postpartum_hemorrhage_due_to_retained_placenta","Endometriosis (Rahmioglu)","Nk0xbD","Postpartum_hemorrhage_due_to_retained_placenta",NA,"rs2226158","-0.157",0.1,"0.116","Postpartum_hemorrhage_due_to_retained_placenta"
"Postpartum_hemorrhage_due_to_retained_placenta","Endometriosis (Rahmioglu)","Nk0xbD","Postpartum_hemorrhage_due_to_retained_placenta",NA,"rs2421985","-0.135",0.098,"0.168","Postpartum_hemorrhage_due_to_retained_placenta"
"Postpartum_hemorrhage_due_to_retained_placenta","Endometriosis (Rahmioglu)","Nk0xbD","Postpartum_hemorrhage_due_to_retained_placenta",NA,"rs2510770","-0.149",0.099,"0.134","Postpartum_hemorrhage_due_to_retained_placenta"
"Postpartum_hemorrhage_due_to_retained_placenta","Endometriosis (Rahmioglu)","Nk0xbD","Postpartum_hemorrhage_due_to_retained_placenta",NA,"rs2946160","-0.174",0.097,"0.072","Postpartum_hemorrhage_due_to_retained_placenta"
"Postpartum_hemorrhage_due_to_retained_placenta","Endometriosis (Rahmioglu)","Nk0xbD","Postpartum_hemorrhage_due_to_retained_placenta",NA,"rs2967684","-0.144",0.098,"0.144","Postpartum_hemorrhage_due_to_retained_placenta"
"Postpartum_hemorrhage_due_to_retained_placenta","Endometriosis (Rahmioglu)","Nk0xbD","Postpartum_hemorrhage_due_to_retained_placenta",NA,"rs3803042","-0.162",0.1,"0.104","Postpartum_hemorrhage_due_to_retained_placenta"
"Postpartum_hemorrhage_due_to_retained_placenta","Endometriosis (Rahmioglu)","Nk0xbD","Postpartum_hemorrhage_due_to_retained_placenta",NA,"rs3858429","-0.161",0.103,"0.118","Postpartum_hemorrhage_due_to_retained_placenta"
"Postpartum_hemorrhage_due_to_retained_placenta","Endometriosis (Rahmioglu)","Nk0xbD","Postpartum_hemorrhage_due_to_retained_placenta",NA,"rs4540228","-0.145",0.099,"0.143","Postpartum_hemorrhage_due_to_retained_placenta"
"Postpartum_hemorrhage_due_to_retained_placenta","Endometriosis (Rahmioglu)","Nk0xbD","Postpartum_hemorrhage_due_to_retained_placenta",NA,"rs55909142","-0.15",0.099,"0.13","Postpartum_hemorrhage_due_to_retained_placenta"
"Postpartum_hemorrhage_due_to_retained_placenta","Endometriosis (Rahmioglu)","Nk0xbD","Postpartum_hemorrhage_due_to_retained_placenta",NA,"rs56090796","-0.159",0.099,"0.109","Postpartum_hemorrhage_due_to_retained_placenta"
"Postpartum_hemorrhage_due_to_retained_placenta","Endometriosis (Rahmioglu)","Nk0xbD","Postpartum_hemorrhage_due_to_retained_placenta",NA,"rs57281976","-0.158",0.1,"0.113","Postpartum_hemorrhage_due_to_retained_placenta"
"Postpartum_hemorrhage_due_to_retained_placenta","Endometriosis (Rahmioglu)","Nk0xbD","Postpartum_hemorrhage_due_to_retained_placenta",NA,"rs6435157","-0.154",0.1,"0.122","Postpartum_hemorrhage_due_to_retained_placenta"
"Postpartum_hemorrhage_due_to_retained_placenta","Endometriosis (Rahmioglu)","Nk0xbD","Postpartum_hemorrhage_due_to_retained_placenta",NA,"rs6456259","-0.15",0.1,"0.135","Postpartum_hemorrhage_due_to_retained_placenta"
"Postpartum_hemorrhage_due_to_retained_placenta","Endometriosis (Rahmioglu)","Nk0xbD","Postpartum_hemorrhage_due_to_retained_placenta",NA,"rs66683298","-0.15",0.099,"0.13","Postpartum_hemorrhage_due_to_retained_placenta"
"Postpartum_hemorrhage_due_to_retained_placenta","Endometriosis (Rahmioglu)","Nk0xbD","Postpartum_hemorrhage_due_to_retained_placenta",NA,"rs71575922","-0.14",0.102,"0.17","Postpartum_hemorrhage_due_to_retained_placenta"
"Postpartum_hemorrhage_due_to_retained_placenta","Endometriosis (Rahmioglu)","Nk0xbD","Postpartum_hemorrhage_due_to_retained_placenta",NA,"rs7214750","-0.148",0.1,"0.137","Postpartum_hemorrhage_due_to_retained_placenta"
"Postpartum_hemorrhage_due_to_retained_placenta","Endometriosis (Rahmioglu)","Nk0xbD","Postpartum_hemorrhage_due_to_retained_placenta",NA,"rs7334326","-0.148",0.099,"0.136","Postpartum_hemorrhage_due_to_retained_placenta"
"Postpartum_hemorrhage_due_to_retained_placenta","Endometriosis (Rahmioglu)","Nk0xbD","Postpartum_hemorrhage_due_to_retained_placenta",NA,"rs73633307","-0.15",0.1,"0.134","Postpartum_hemorrhage_due_to_retained_placenta"
"Postpartum_hemorrhage_due_to_retained_placenta","Endometriosis (Rahmioglu)","Nk0xbD","Postpartum_hemorrhage_due_to_retained_placenta",NA,"rs7907732","-0.163",0.1,"0.102","Postpartum_hemorrhage_due_to_retained_placenta"
"Postpartum_hemorrhage_due_to_retained_placenta","Endometriosis (Rahmioglu)","Nk0xbD","Postpartum_hemorrhage_due_to_retained_placenta",NA,"All","-0.157",0.098,"0.109","Postpartum_hemorrhage_due_to_retained_placenta"
"Postpartum_hemorrhage_due_to_retained_placenta","Endometriosis (Rahmioglu)","Nk0xbD","Postpartum_hemorrhage_due_to_retained_placenta",NA,"rs7924571","-0.148",0.1,"0.137","Postpartum_hemorrhage_due_to_retained_placenta"
"posttb_all","Endometriosis (Rahmioglu)","Nk0xbD","posttb_all",414698,"rs10090060","0.076",0.078,"0.329","Post-term birth"
"posttb_all","Endometriosis (Rahmioglu)","Nk0xbD","posttb_all",414698,"rs10122243","0.03",0.086,"0.73","Post-term birth"
"posttb_all","Endometriosis (Rahmioglu)","Nk0xbD","posttb_all",414698,"rs10860864","0.032",0.085,"0.704","Post-term birth"
"posttb_all","Endometriosis (Rahmioglu)","Nk0xbD","posttb_all",414698,"rs10917151","-0.004",0.087,"0.964","Post-term birth"
"posttb_all","Endometriosis (Rahmioglu)","Nk0xbD","posttb_all",414698,"rs10983311","0.039",0.085,"0.645","Post-term birth"
"posttb_all","Endometriosis (Rahmioglu)","Nk0xbD","posttb_all",414698,"rs11674184","0.053",0.086,"0.54","Post-term birth"
"posttb_all","Endometriosis (Rahmioglu)","Nk0xbD","posttb_all",414698,"rs11756073","0.037",0.085,"0.661","Post-term birth"
"posttb_all","Endometriosis (Rahmioglu)","Nk0xbD","posttb_all",414698,"rs12030576","0.043",0.085,"0.617","Post-term birth"
"posttb_all","Endometriosis (Rahmioglu)","Nk0xbD","posttb_all",414698,"rs12441483","0.035",0.085,"0.685","Post-term birth"
"posttb_all","Endometriosis (Rahmioglu)","Nk0xbD","posttb_all",414698,"rs12549438","0.032",0.085,"0.704","Post-term birth"
"posttb_all","Endometriosis (Rahmioglu)","Nk0xbD","posttb_all",414698,"rs1352889","0.028",0.084,"0.741","Post-term birth"
"posttb_all","Endometriosis (Rahmioglu)","Nk0xbD","posttb_all",414698,"rs1430787","0.034",0.085,"0.691","Post-term birth"
"posttb_all","Endometriosis (Rahmioglu)","Nk0xbD","posttb_all",414698,"rs1451383","0.059",0.082,"0.468","Post-term birth"
"posttb_all","Endometriosis (Rahmioglu)","Nk0xbD","posttb_all",414698,"rs17053711","0.045",0.084,"0.59","Post-term birth"
"posttb_all","Endometriosis (Rahmioglu)","Nk0xbD","posttb_all",414698,"rs1903068","0.031",0.087,"0.718","Post-term birth"
"posttb_all","Endometriosis (Rahmioglu)","Nk0xbD","posttb_all",414698,"rs2036754","0.027",0.084,"0.744","Post-term birth"
"posttb_all","Endometriosis (Rahmioglu)","Nk0xbD","posttb_all",414698,"rs2226158","0.028",0.084,"0.743","Post-term birth"
"posttb_all","Endometriosis (Rahmioglu)","Nk0xbD","posttb_all",414698,"rs2421985","0.038",0.085,"0.655","Post-term birth"
"posttb_all","Endometriosis (Rahmioglu)","Nk0xbD","posttb_all",414698,"rs2510770","0.028",0.084,"0.737","Post-term birth"
"posttb_all","Endometriosis (Rahmioglu)","Nk0xbD","posttb_all",414698,"rs2946160","-5.96e-04",0.067,"0.993","Post-term birth"
"posttb_all","Endometriosis (Rahmioglu)","Nk0xbD","posttb_all",414698,"rs3803042","0.04",0.085,"0.64","Post-term birth"
"posttb_all","Endometriosis (Rahmioglu)","Nk0xbD","posttb_all",414698,"rs4540228","0.029",0.085,"0.734","Post-term birth"
"posttb_all","Endometriosis (Rahmioglu)","Nk0xbD","posttb_all",414698,"rs507666","0.037",0.085,"0.664","Post-term birth"
"posttb_all","Endometriosis (Rahmioglu)","Nk0xbD","posttb_all",414698,"rs55909142","0.055",0.081,"0.496","Post-term birth"
"posttb_all","Endometriosis (Rahmioglu)","Nk0xbD","posttb_all",414698,"rs56090796","0.039",0.085,"0.65","Post-term birth"
"posttb_all","Endometriosis (Rahmioglu)","Nk0xbD","posttb_all",414698,"rs57281976","0.03",0.085,"0.725","Post-term birth"
"posttb_all","Endometriosis (Rahmioglu)","Nk0xbD","posttb_all",414698,"rs6435157","0.047",0.084,"0.578","Post-term birth"
"posttb_all","Endometriosis (Rahmioglu)","Nk0xbD","posttb_all",414698,"rs6456259","0.033",0.086,"0.699","Post-term birth"
"posttb_all","Endometriosis (Rahmioglu)","Nk0xbD","posttb_all",414698,"rs66683298","0.032",0.084,"0.709","Post-term birth"
"posttb_all","Endometriosis (Rahmioglu)","Nk0xbD","posttb_all",414698,"rs71575922","0.056",0.086,"0.517","Post-term birth"
"posttb_all","Endometriosis (Rahmioglu)","Nk0xbD","posttb_all",414698,"rs7214750","0.05",0.084,"0.554","Post-term birth"
"posttb_all","Endometriosis (Rahmioglu)","Nk0xbD","posttb_all",414698,"rs7334326","0.037",0.085,"0.66","Post-term birth"
"posttb_all","Endometriosis (Rahmioglu)","Nk0xbD","posttb_all",414698,"rs7907732","0.034",0.085,"0.688","Post-term birth"
"posttb_all","Endometriosis (Rahmioglu)","Nk0xbD","posttb_all",414698,"rs7924571","0.049",0.084,"0.561","Post-term birth"
"posttb_all","Endometriosis (Rahmioglu)","Nk0xbD","posttb_all",414698,"All","0.037",0.083,"0.655","Post-term birth"
"pretb_all","Endometriosis (Rahmioglu)","Nk0xbD","pretb_all",512086,"rs10090060","-0.219",0.073,"0.003","Preterm birth (all)"
"pretb_all","Endometriosis (Rahmioglu)","Nk0xbD","pretb_all",512086,"rs10122243","-0.193",0.076,"0.011","Preterm birth (all)"
"pretb_all","Endometriosis (Rahmioglu)","Nk0xbD","pretb_all",512086,"rs10860864","-0.192",0.075,"0.01","Preterm birth (all)"
"pretb_all","Endometriosis (Rahmioglu)","Nk0xbD","pretb_all",512086,"rs10917151","-0.134",0.072,"0.062","Preterm birth (all)"
"pretb_all","Endometriosis (Rahmioglu)","Nk0xbD","pretb_all",512086,"rs10983311","-0.187",0.074,"0.012","Preterm birth (all)"
"pretb_all","Endometriosis (Rahmioglu)","Nk0xbD","pretb_all",512086,"rs11674184","-0.214",0.076,"0.005","Preterm birth (all)"
"pretb_all","Endometriosis (Rahmioglu)","Nk0xbD","pretb_all",512086,"rs11756073","-0.201",0.075,"0.007","Preterm birth (all)"
"pretb_all","Endometriosis (Rahmioglu)","Nk0xbD","pretb_all",512086,"rs12030576","-0.205",0.075,"0.006","Preterm birth (all)"
"pretb_all","Endometriosis (Rahmioglu)","Nk0xbD","pretb_all",512086,"rs12441483","-0.199",0.075,"0.008","Preterm birth (all)"
"pretb_all","Endometriosis (Rahmioglu)","Nk0xbD","pretb_all",512086,"rs12549438","-0.194",0.075,"0.01","Preterm birth (all)"
"pretb_all","Endometriosis (Rahmioglu)","Nk0xbD","pretb_all",512086,"rs1352889","-0.201",0.075,"0.007","Preterm birth (all)"
"pretb_all","Endometriosis (Rahmioglu)","Nk0xbD","pretb_all",512086,"rs1430787","-0.189",0.074,"0.011","Preterm birth (all)"
"pretb_all","Endometriosis (Rahmioglu)","Nk0xbD","pretb_all",512086,"rs1451383","-0.216",0.072,"0.003","Preterm birth (all)"
"pretb_all","Endometriosis (Rahmioglu)","Nk0xbD","pretb_all",512086,"rs17053711","-0.212",0.072,"0.003","Preterm birth (all)"
"pretb_all","Endometriosis (Rahmioglu)","Nk0xbD","pretb_all",512086,"rs1903068","-0.193",0.077,"0.012","Preterm birth (all)"
"pretb_all","Endometriosis (Rahmioglu)","Nk0xbD","pretb_all",512086,"rs2036754","-0.196",0.075,"0.009","Preterm birth (all)"
"pretb_all","Endometriosis (Rahmioglu)","Nk0xbD","pretb_all",512086,"rs2226158","-0.187",0.074,"0.012","Preterm birth (all)"
"pretb_all","Endometriosis (Rahmioglu)","Nk0xbD","pretb_all",512086,"rs2421985","-0.205",0.075,"0.006","Preterm birth (all)"
"pretb_all","Endometriosis (Rahmioglu)","Nk0xbD","pretb_all",512086,"rs2510770","-0.194",0.075,"0.01","Preterm birth (all)"
"pretb_all","Endometriosis (Rahmioglu)","Nk0xbD","pretb_all",512086,"rs2946160","-0.164",0.061,"0.007","Preterm birth (all)"
"pretb_all","Endometriosis (Rahmioglu)","Nk0xbD","pretb_all",512086,"rs3803042","-0.192",0.075,"0.01","Preterm birth (all)"
"pretb_all","Endometriosis (Rahmioglu)","Nk0xbD","pretb_all",512086,"rs4540228","-0.194",0.075,"0.01","Preterm birth (all)"
"pretb_all","Endometriosis (Rahmioglu)","Nk0xbD","pretb_all",512086,"rs507666","-0.206",0.073,"0.005","Preterm birth (all)"
"pretb_all","Endometriosis (Rahmioglu)","Nk0xbD","pretb_all",512086,"rs55909142","-0.201",0.075,"0.007","Preterm birth (all)"
"pretb_all","Endometriosis (Rahmioglu)","Nk0xbD","pretb_all",512086,"rs56090796","-0.195",0.075,"0.009","Preterm birth (all)"
"pretb_all","Endometriosis (Rahmioglu)","Nk0xbD","pretb_all",512086,"rs57281976","-0.184",0.074,"0.013","Preterm birth (all)"
"pretb_all","Endometriosis (Rahmioglu)","Nk0xbD","pretb_all",512086,"rs6435157","-0.198",0.075,"0.008","Preterm birth (all)"
"pretb_all","Endometriosis (Rahmioglu)","Nk0xbD","pretb_all",512086,"rs6456259","-0.196",0.076,"0.01","Preterm birth (all)"
"pretb_all","Endometriosis (Rahmioglu)","Nk0xbD","pretb_all",512086,"rs66683298","-0.201",0.074,"0.007","Preterm birth (all)"
"pretb_all","Endometriosis (Rahmioglu)","Nk0xbD","pretb_all",512086,"rs71575922","-0.218",0.077,"0.005","Preterm birth (all)"
"pretb_all","Endometriosis (Rahmioglu)","Nk0xbD","pretb_all",512086,"rs7214750","-0.204",0.075,"0.007","Preterm birth (all)"
"pretb_all","Endometriosis (Rahmioglu)","Nk0xbD","pretb_all",512086,"rs7334326","-0.194",0.075,"0.01","Preterm birth (all)"
"pretb_all","Endometriosis (Rahmioglu)","Nk0xbD","pretb_all",512086,"rs7907732","-0.2",0.075,"0.008","Preterm birth (all)"
"pretb_all","Endometriosis (Rahmioglu)","Nk0xbD","pretb_all",512086,"rs7924571","-0.196",0.075,"0.009","Preterm birth (all)"
"pretb_all","Endometriosis (Rahmioglu)","Nk0xbD","pretb_all",512086,"All","-0.196",0.073,"0.007","Preterm birth (all)"
"pretb_subsamp","Endometriosis (Rahmioglu)","Nk0xbD","pretb_subsamp",272967,"rs10090060","-0.201",0.08,"0.011","Preterm birth (subsample)"
"pretb_subsamp","Endometriosis (Rahmioglu)","Nk0xbD","pretb_subsamp",272967,"rs10122243","-0.167",0.083,"0.044","Preterm birth (subsample)"
"pretb_subsamp","Endometriosis (Rahmioglu)","Nk0xbD","pretb_subsamp",272967,"rs10860864","-0.172",0.082,"0.037","Preterm birth (subsample)"
"pretb_subsamp","Endometriosis (Rahmioglu)","Nk0xbD","pretb_subsamp",272967,"rs10917151","-0.1",0.077,"0.193","Preterm birth (subsample)"
"pretb_subsamp","Endometriosis (Rahmioglu)","Nk0xbD","pretb_subsamp",272967,"rs10983311","-0.169",0.082,"0.039","Preterm birth (subsample)"
"pretb_subsamp","Endometriosis (Rahmioglu)","Nk0xbD","pretb_subsamp",272967,"rs11674184","-0.185",0.084,"0.028","Preterm birth (subsample)"
"pretb_subsamp","Endometriosis (Rahmioglu)","Nk0xbD","pretb_subsamp",272967,"rs11756073","-0.178",0.082,"0.031","Preterm birth (subsample)"
"pretb_subsamp","Endometriosis (Rahmioglu)","Nk0xbD","pretb_subsamp",272967,"rs12030576","-0.182",0.083,"0.027","Preterm birth (subsample)"
"pretb_subsamp","Endometriosis (Rahmioglu)","Nk0xbD","pretb_subsamp",272967,"rs12441483","-0.174",0.083,"0.036","Preterm birth (subsample)"
"pretb_subsamp","Endometriosis (Rahmioglu)","Nk0xbD","pretb_subsamp",272967,"rs12549438","-0.178",0.082,"0.031","Preterm birth (subsample)"
"pretb_subsamp","Endometriosis (Rahmioglu)","Nk0xbD","pretb_subsamp",272967,"rs1352889","-0.182",0.082,"0.026","Preterm birth (subsample)"
"pretb_subsamp","Endometriosis (Rahmioglu)","Nk0xbD","pretb_subsamp",272967,"rs1430787","-0.169",0.082,"0.039","Preterm birth (subsample)"
"pretb_subsamp","Endometriosis (Rahmioglu)","Nk0xbD","pretb_subsamp",272967,"rs1451383","-0.198",0.079,"0.012","Preterm birth (subsample)"
"pretb_subsamp","Endometriosis (Rahmioglu)","Nk0xbD","pretb_subsamp",272967,"rs17053711","-0.194",0.079,"0.014","Preterm birth (subsample)"
"pretb_subsamp","Endometriosis (Rahmioglu)","Nk0xbD","pretb_subsamp",272967,"rs1903068","-0.174",0.084,"0.039","Preterm birth (subsample)"
"pretb_subsamp","Endometriosis (Rahmioglu)","Nk0xbD","pretb_subsamp",272967,"rs2036754","-0.173",0.082,"0.035","Preterm birth (subsample)"
"pretb_subsamp","Endometriosis (Rahmioglu)","Nk0xbD","pretb_subsamp",272967,"rs2226158","-0.169",0.082,"0.04","Preterm birth (subsample)"
"pretb_subsamp","Endometriosis (Rahmioglu)","Nk0xbD","pretb_subsamp",272967,"rs2421985","-0.185",0.083,"0.025","Preterm birth (subsample)"
"pretb_subsamp","Endometriosis (Rahmioglu)","Nk0xbD","pretb_subsamp",272967,"rs2510770","-0.174",0.082,"0.035","Preterm birth (subsample)"
"pretb_subsamp","Endometriosis (Rahmioglu)","Nk0xbD","pretb_subsamp",272967,"rs2946160","-0.142",0.068,"0.038","Preterm birth (subsample)"
"pretb_subsamp","Endometriosis (Rahmioglu)","Nk0xbD","pretb_subsamp",272967,"rs3803042","-0.173",0.082,"0.036","Preterm birth (subsample)"
"pretb_subsamp","Endometriosis (Rahmioglu)","Nk0xbD","pretb_subsamp",272967,"rs4540228","-0.183",0.082,"0.026","Preterm birth (subsample)"
"pretb_subsamp","Endometriosis (Rahmioglu)","Nk0xbD","pretb_subsamp",272967,"rs507666","-0.191",0.08,"0.017","Preterm birth (subsample)"
"pretb_subsamp","Endometriosis (Rahmioglu)","Nk0xbD","pretb_subsamp",272967,"rs55909142","-0.182",0.082,"0.027","Preterm birth (subsample)"
"pretb_subsamp","Endometriosis (Rahmioglu)","Nk0xbD","pretb_subsamp",272967,"rs56090796","-0.169",0.081,"0.038","Preterm birth (subsample)"
"pretb_subsamp","Endometriosis (Rahmioglu)","Nk0xbD","pretb_subsamp",272967,"rs57281976","-0.163",0.081,"0.045","Preterm birth (subsample)"
"pretb_subsamp","Endometriosis (Rahmioglu)","Nk0xbD","pretb_subsamp",272967,"rs6435157","-0.176",0.082,"0.033","Preterm birth (subsample)"
"pretb_subsamp","Endometriosis (Rahmioglu)","Nk0xbD","pretb_subsamp",272967,"rs6456259","-0.179",0.083,"0.031","Preterm birth (subsample)"
"pretb_subsamp","Endometriosis (Rahmioglu)","Nk0xbD","pretb_subsamp",272967,"rs71575922","-0.199",0.084,"0.018","Preterm birth (subsample)"
"pretb_subsamp","Endometriosis (Rahmioglu)","Nk0xbD","pretb_subsamp",272967,"rs7214750","-0.181",0.082,"0.028","Preterm birth (subsample)"
"pretb_subsamp","Endometriosis (Rahmioglu)","Nk0xbD","pretb_subsamp",272967,"rs7334326","-0.174",0.082,"0.035","Preterm birth (subsample)"
"pretb_subsamp","Endometriosis (Rahmioglu)","Nk0xbD","pretb_subsamp",272967,"rs7907732","-0.175",0.083,"0.034","Preterm birth (subsample)"
"pretb_subsamp","Endometriosis (Rahmioglu)","Nk0xbD","pretb_subsamp",272967,"rs7924571","-0.184",0.082,"0.025","Preterm birth (subsample)"
"pretb_subsamp","Endometriosis (Rahmioglu)","Nk0xbD","pretb_subsamp",272967,"All","-0.176",0.08,"0.029","Preterm birth (subsample)"
"r_misc_subsamp","Endometriosis (Rahmioglu)","Nk0xbD","r_misc_subsamp",321790,"rs10090060","0.055",0.082,"0.505","Recurrent miscarriage (subsample)"
"r_misc_subsamp","Endometriosis (Rahmioglu)","Nk0xbD","r_misc_subsamp",321790,"rs10122243","0.077",0.082,"0.348","Recurrent miscarriage (subsample)"
"r_misc_subsamp","Endometriosis (Rahmioglu)","Nk0xbD","r_misc_subsamp",321790,"rs10860864","0.067",0.082,"0.412","Recurrent miscarriage (subsample)"
"r_misc_subsamp","Endometriosis (Rahmioglu)","Nk0xbD","r_misc_subsamp",321790,"rs10917151","0.021",0.083,"0.798","Recurrent miscarriage (subsample)"
"r_misc_subsamp","Endometriosis (Rahmioglu)","Nk0xbD","r_misc_subsamp",321790,"rs10983311","0.072",0.081,"0.375","Recurrent miscarriage (subsample)"
"r_misc_subsamp","Endometriosis (Rahmioglu)","Nk0xbD","r_misc_subsamp",321790,"rs11674184","0.067",0.084,"0.425","Recurrent miscarriage (subsample)"
"r_misc_subsamp","Endometriosis (Rahmioglu)","Nk0xbD","r_misc_subsamp",321790,"rs11756073","0.047",0.079,"0.55","Recurrent miscarriage (subsample)"
"r_misc_subsamp","Endometriosis (Rahmioglu)","Nk0xbD","r_misc_subsamp",321790,"rs12030576","0.077",0.081,"0.346","Recurrent miscarriage (subsample)"
"r_misc_subsamp","Endometriosis (Rahmioglu)","Nk0xbD","r_misc_subsamp",321790,"rs12441483","0.071",0.082,"0.385","Recurrent miscarriage (subsample)"
"r_misc_subsamp","Endometriosis (Rahmioglu)","Nk0xbD","r_misc_subsamp",321790,"rs12549438","0.054",0.081,"0.507","Recurrent miscarriage (subsample)"
"r_misc_subsamp","Endometriosis (Rahmioglu)","Nk0xbD","r_misc_subsamp",321790,"rs1352889","0.061",0.082,"0.454","Recurrent miscarriage (subsample)"
"r_misc_subsamp","Endometriosis (Rahmioglu)","Nk0xbD","r_misc_subsamp",321790,"rs1430787","0.065",0.082,"0.425","Recurrent miscarriage (subsample)"
"r_misc_subsamp","Endometriosis (Rahmioglu)","Nk0xbD","r_misc_subsamp",321790,"rs1451383","0.082",0.08,"0.307","Recurrent miscarriage (subsample)"
"r_misc_subsamp","Endometriosis (Rahmioglu)","Nk0xbD","r_misc_subsamp",321790,"rs17053711","0.074",0.081,"0.359","Recurrent miscarriage (subsample)"
"r_misc_subsamp","Endometriosis (Rahmioglu)","Nk0xbD","r_misc_subsamp",321790,"rs1903068","0.053",0.083,"0.524","Recurrent miscarriage (subsample)"
"r_misc_subsamp","Endometriosis (Rahmioglu)","Nk0xbD","r_misc_subsamp",321790,"rs2036754","0.075",0.081,"0.352","Recurrent miscarriage (subsample)"
"r_misc_subsamp","Endometriosis (Rahmioglu)","Nk0xbD","r_misc_subsamp",321790,"rs2226158","0.078",0.081,"0.335","Recurrent miscarriage (subsample)"
"r_misc_subsamp","Endometriosis (Rahmioglu)","Nk0xbD","r_misc_subsamp",321790,"rs2421985","0.051",0.082,"0.534","Recurrent miscarriage (subsample)"
"r_misc_subsamp","Endometriosis (Rahmioglu)","Nk0xbD","r_misc_subsamp",321790,"rs2510770","0.058",0.082,"0.477","Recurrent miscarriage (subsample)"
"r_misc_subsamp","Endometriosis (Rahmioglu)","Nk0xbD","r_misc_subsamp",321790,"rs2946160","0.069",0.082,"0.399","Recurrent miscarriage (subsample)"
"r_misc_subsamp","Endometriosis (Rahmioglu)","Nk0xbD","r_misc_subsamp",321790,"rs3803042","0.046",0.079,"0.559","Recurrent miscarriage (subsample)"
"r_misc_subsamp","Endometriosis (Rahmioglu)","Nk0xbD","r_misc_subsamp",321790,"rs4540228","0.066",0.082,"0.424","Recurrent miscarriage (subsample)"
"r_misc_subsamp","Endometriosis (Rahmioglu)","Nk0xbD","r_misc_subsamp",321790,"rs507666","0.066",0.082,"0.417","Recurrent miscarriage (subsample)"
"r_misc_subsamp","Endometriosis (Rahmioglu)","Nk0xbD","r_misc_subsamp",321790,"rs55909142","0.051",0.08,"0.524","Recurrent miscarriage (subsample)"
"r_misc_subsamp","Endometriosis (Rahmioglu)","Nk0xbD","r_misc_subsamp",321790,"rs56090796","0.062",0.082,"0.453","Recurrent miscarriage (subsample)"
"r_misc_subsamp","Endometriosis (Rahmioglu)","Nk0xbD","r_misc_subsamp",321790,"rs57281976","0.065",0.082,"0.428","Recurrent miscarriage (subsample)"
"r_misc_subsamp","Endometriosis (Rahmioglu)","Nk0xbD","r_misc_subsamp",321790,"rs6435157","0.07",0.082,"0.393","Recurrent miscarriage (subsample)"
"r_misc_subsamp","Endometriosis (Rahmioglu)","Nk0xbD","r_misc_subsamp",321790,"rs6456259","0.086",0.08,"0.281","Recurrent miscarriage (subsample)"
"r_misc_subsamp","Endometriosis (Rahmioglu)","Nk0xbD","r_misc_subsamp",321790,"rs66683298","0.051",0.081,"0.528","Recurrent miscarriage (subsample)"
"r_misc_subsamp","Endometriosis (Rahmioglu)","Nk0xbD","r_misc_subsamp",321790,"rs71575922","0.023",0.081,"0.772","Recurrent miscarriage (subsample)"
"r_misc_subsamp","Endometriosis (Rahmioglu)","Nk0xbD","r_misc_subsamp",321790,"rs7214750","0.058",0.082,"0.481","Recurrent miscarriage (subsample)"
"r_misc_subsamp","Endometriosis (Rahmioglu)","Nk0xbD","r_misc_subsamp",321790,"rs7334326","0.083",0.078,"0.282","Recurrent miscarriage (subsample)"
"r_misc_subsamp","Endometriosis (Rahmioglu)","Nk0xbD","r_misc_subsamp",321790,"rs7907732","0.083",0.079,"0.295","Recurrent miscarriage (subsample)"
"r_misc_subsamp","Endometriosis (Rahmioglu)","Nk0xbD","r_misc_subsamp",321790,"rs7924571","0.084",0.079,"0.283","Recurrent miscarriage (subsample)"
"r_misc_subsamp","Endometriosis (Rahmioglu)","Nk0xbD","r_misc_subsamp",321790,"All","0.064",0.08,"0.424","Recurrent miscarriage (subsample)"
"rup_memb","Endometriosis (Rahmioglu)","Nk0xbD","rup_memb",310663,"rs10090060","0.134",0.048,"0.005","Premature rupture of membranes"
"rup_memb","Endometriosis (Rahmioglu)","Nk0xbD","rup_memb",310663,"rs10122243","0.099",0.051,"0.052","Premature rupture of membranes"
"rup_memb","Endometriosis (Rahmioglu)","Nk0xbD","rup_memb",310663,"rs10860864","0.121",0.051,"0.017","Premature rupture of membranes"
"rup_memb","Endometriosis (Rahmioglu)","Nk0xbD","rup_memb",310663,"rs10917151","0.088",0.053,"0.095","Premature rupture of membranes"
"rup_memb","Endometriosis (Rahmioglu)","Nk0xbD","rup_memb",310663,"rs10983311","0.125",0.049,"0.011","Premature rupture of membranes"
"rup_memb","Endometriosis (Rahmioglu)","Nk0xbD","rup_memb",310663,"rs11674184","0.099",0.052,"0.056","Premature rupture of membranes"
"rup_memb","Endometriosis (Rahmioglu)","Nk0xbD","rup_memb",310663,"rs11756073","0.126",0.049,"0.009","Premature rupture of membranes"
"rup_memb","Endometriosis (Rahmioglu)","Nk0xbD","rup_memb",310663,"rs12030576","0.106",0.051,"0.039","Premature rupture of membranes"
"rup_memb","Endometriosis (Rahmioglu)","Nk0xbD","rup_memb",310663,"rs12441483","0.102",0.051,"0.045","Premature rupture of membranes"
"rup_memb","Endometriosis (Rahmioglu)","Nk0xbD","rup_memb",310663,"rs12549438","0.115",0.051,"0.026","Premature rupture of membranes"
"rup_memb","Endometriosis (Rahmioglu)","Nk0xbD","rup_memb",310663,"rs1352889","0.11",0.051,"0.031","Premature rupture of membranes"
"rup_memb","Endometriosis (Rahmioglu)","Nk0xbD","rup_memb",310663,"rs1430787","0.105",0.051,"0.038","Premature rupture of membranes"
"rup_memb","Endometriosis (Rahmioglu)","Nk0xbD","rup_memb",310663,"rs1451383","0.124",0.05,"0.013","Premature rupture of membranes"
"rup_memb","Endometriosis (Rahmioglu)","Nk0xbD","rup_memb",310663,"rs17053711","0.099",0.049,"0.043","Premature rupture of membranes"
"rup_memb","Endometriosis (Rahmioglu)","Nk0xbD","rup_memb",310663,"rs1903068","0.11",0.052,"0.033","Premature rupture of membranes"
"rup_memb","Endometriosis (Rahmioglu)","Nk0xbD","rup_memb",310663,"rs2036754","0.106",0.051,"0.037","Premature rupture of membranes"
"rup_memb","Endometriosis (Rahmioglu)","Nk0xbD","rup_memb",310663,"rs2226158","0.115",0.052,"0.026","Premature rupture of membranes"
"rup_memb","Endometriosis (Rahmioglu)","Nk0xbD","rup_memb",310663,"rs2421985","0.107",0.051,"0.035","Premature rupture of membranes"
"rup_memb","Endometriosis (Rahmioglu)","Nk0xbD","rup_memb",310663,"rs2510770","0.115",0.051,"0.025","Premature rupture of membranes"
"rup_memb","Endometriosis (Rahmioglu)","Nk0xbD","rup_memb",310663,"rs2946160","0.12",0.05,"0.018","Premature rupture of membranes"
"rup_memb","Endometriosis (Rahmioglu)","Nk0xbD","rup_memb",310663,"rs3803042","0.111",0.051,"0.032","Premature rupture of membranes"
"rup_memb","Endometriosis (Rahmioglu)","Nk0xbD","rup_memb",310663,"rs4540228","0.123",0.05,"0.014","Premature rupture of membranes"
"rup_memb","Endometriosis (Rahmioglu)","Nk0xbD","rup_memb",310663,"rs507666","0.113",0.051,"0.028","Premature rupture of membranes"
"rup_memb","Endometriosis (Rahmioglu)","Nk0xbD","rup_memb",310663,"rs55909142","0.113",0.051,"0.029","Premature rupture of membranes"
"rup_memb","Endometriosis (Rahmioglu)","Nk0xbD","rup_memb",310663,"rs56090796","0.115",0.051,"0.025","Premature rupture of membranes"
"rup_memb","Endometriosis (Rahmioglu)","Nk0xbD","rup_memb",310663,"rs57281976","0.114",0.052,"0.027","Premature rupture of membranes"
"rup_memb","Endometriosis (Rahmioglu)","Nk0xbD","rup_memb",310663,"rs6435157","0.114",0.051,"0.026","Premature rupture of membranes"
"rup_memb","Endometriosis (Rahmioglu)","Nk0xbD","rup_memb",310663,"rs6456259","0.119",0.052,"0.022","Premature rupture of membranes"
"rup_memb","Endometriosis (Rahmioglu)","Nk0xbD","rup_memb",310663,"rs66683298","0.103",0.05,"0.041","Premature rupture of membranes"
"rup_memb","Endometriosis (Rahmioglu)","Nk0xbD","rup_memb",310663,"rs71575922","0.12",0.053,"0.025","Premature rupture of membranes"
"rup_memb","Endometriosis (Rahmioglu)","Nk0xbD","rup_memb",310663,"rs7214750","0.11",0.052,"0.033","Premature rupture of membranes"
"rup_memb","Endometriosis (Rahmioglu)","Nk0xbD","rup_memb",310663,"rs7334326","0.113",0.051,"0.028","Premature rupture of membranes"
"rup_memb","Endometriosis (Rahmioglu)","Nk0xbD","rup_memb",310663,"rs7907732","0.116",0.051,"0.025","Premature rupture of membranes"
"rup_memb","Endometriosis (Rahmioglu)","Nk0xbD","rup_memb",310663,"rs7924571","0.103",0.051,"0.042","Premature rupture of membranes"
"rup_memb","Endometriosis (Rahmioglu)","Nk0xbD","rup_memb",310663,"All","0.112",0.05,"0.025","Premature rupture of membranes"
"s_misc_subsamp","Endometriosis (Rahmioglu)","Nk0xbD","s_misc_subsamp",241200,"rs10090060","0.008",0.024,"0.754","Single miscarriage (subsample)"
"s_misc_subsamp","Endometriosis (Rahmioglu)","Nk0xbD","s_misc_subsamp",241200,"rs10122243","0.005",0.024,"0.846","Single miscarriage (subsample)"
"s_misc_subsamp","Endometriosis (Rahmioglu)","Nk0xbD","s_misc_subsamp",241200,"rs10860864","0.005",0.024,"0.845","Single miscarriage (subsample)"
"s_misc_subsamp","Endometriosis (Rahmioglu)","Nk0xbD","s_misc_subsamp",241200,"rs10917151","0.002",0.025,"0.925","Single miscarriage (subsample)"
"s_misc_subsamp","Endometriosis (Rahmioglu)","Nk0xbD","s_misc_subsamp",241200,"rs10983311","0.003",0.024,"0.917","Single miscarriage (subsample)"
"s_misc_subsamp","Endometriosis (Rahmioglu)","Nk0xbD","s_misc_subsamp",241200,"rs11674184","0.011",0.025,"0.652","Single miscarriage (subsample)"
"s_misc_subsamp","Endometriosis (Rahmioglu)","Nk0xbD","s_misc_subsamp",241200,"rs11756073","0.005",0.024,"0.82","Single miscarriage (subsample)"
"s_misc_subsamp","Endometriosis (Rahmioglu)","Nk0xbD","s_misc_subsamp",241200,"rs12030576","0.01",0.024,"0.683","Single miscarriage (subsample)"
"s_misc_subsamp","Endometriosis (Rahmioglu)","Nk0xbD","s_misc_subsamp",241200,"rs12441483","0.002",0.024,"0.934","Single miscarriage (subsample)"
"s_misc_subsamp","Endometriosis (Rahmioglu)","Nk0xbD","s_misc_subsamp",241200,"rs12549438","0.003",0.024,"0.912","Single miscarriage (subsample)"
"s_misc_subsamp","Endometriosis (Rahmioglu)","Nk0xbD","s_misc_subsamp",241200,"rs1352889","0.011",0.024,"0.662","Single miscarriage (subsample)"
"s_misc_subsamp","Endometriosis (Rahmioglu)","Nk0xbD","s_misc_subsamp",241200,"rs1430787","0.008",0.024,"0.73","Single miscarriage (subsample)"
"s_misc_subsamp","Endometriosis (Rahmioglu)","Nk0xbD","s_misc_subsamp",241200,"rs1451383","0.002",0.024,"0.928","Single miscarriage (subsample)"
"s_misc_subsamp","Endometriosis (Rahmioglu)","Nk0xbD","s_misc_subsamp",241200,"rs17053711","0.009",0.024,"0.704","Single miscarriage (subsample)"
"s_misc_subsamp","Endometriosis (Rahmioglu)","Nk0xbD","s_misc_subsamp",241200,"rs1903068","-0.002",0.025,"0.93","Single miscarriage (subsample)"
"s_misc_subsamp","Endometriosis (Rahmioglu)","Nk0xbD","s_misc_subsamp",241200,"rs2036754","0.003",0.024,"0.889","Single miscarriage (subsample)"
"s_misc_subsamp","Endometriosis (Rahmioglu)","Nk0xbD","s_misc_subsamp",241200,"rs2226158","0.006",0.024,"0.819","Single miscarriage (subsample)"
"s_misc_subsamp","Endometriosis (Rahmioglu)","Nk0xbD","s_misc_subsamp",241200,"rs2421985","0.014",0.024,"0.554","Single miscarriage (subsample)"
"s_misc_subsamp","Endometriosis (Rahmioglu)","Nk0xbD","s_misc_subsamp",241200,"rs2510770","0.006",0.024,"0.792","Single miscarriage (subsample)"
"s_misc_subsamp","Endometriosis (Rahmioglu)","Nk0xbD","s_misc_subsamp",241200,"rs2946160","0.006",0.024,"0.797","Single miscarriage (subsample)"
"s_misc_subsamp","Endometriosis (Rahmioglu)","Nk0xbD","s_misc_subsamp",241200,"rs3803042","0.004",0.024,"0.877","Single miscarriage (subsample)"
"s_misc_subsamp","Endometriosis (Rahmioglu)","Nk0xbD","s_misc_subsamp",241200,"rs4540228","0.008",0.024,"0.744","Single miscarriage (subsample)"
"s_misc_subsamp","Endometriosis (Rahmioglu)","Nk0xbD","s_misc_subsamp",241200,"rs507666","0.01",0.024,"0.67","Single miscarriage (subsample)"
"s_misc_subsamp","Endometriosis (Rahmioglu)","Nk0xbD","s_misc_subsamp",241200,"rs55909142","-2.77e-04",0.024,"0.991","Single miscarriage (subsample)"
"s_misc_subsamp","Endometriosis (Rahmioglu)","Nk0xbD","s_misc_subsamp",241200,"rs56090796","0.007",0.024,"0.762","Single miscarriage (subsample)"
"s_misc_subsamp","Endometriosis (Rahmioglu)","Nk0xbD","s_misc_subsamp",241200,"rs57281976","0.01",0.024,"0.688","Single miscarriage (subsample)"
"s_misc_subsamp","Endometriosis (Rahmioglu)","Nk0xbD","s_misc_subsamp",241200,"rs6435157","0.003",0.024,"0.906","Single miscarriage (subsample)"
"s_misc_subsamp","Endometriosis (Rahmioglu)","Nk0xbD","s_misc_subsamp",241200,"rs6456259","0.01",0.024,"0.673","Single miscarriage (subsample)"
"s_misc_subsamp","Endometriosis (Rahmioglu)","Nk0xbD","s_misc_subsamp",241200,"rs66683298","-2.98e-04",0.024,"0.99","Single miscarriage (subsample)"
"s_misc_subsamp","Endometriosis (Rahmioglu)","Nk0xbD","s_misc_subsamp",241200,"rs71575922","2.98e-04",0.025,"0.99","Single miscarriage (subsample)"
"s_misc_subsamp","Endometriosis (Rahmioglu)","Nk0xbD","s_misc_subsamp",241200,"rs7214750","0.001",0.024,"0.957","Single miscarriage (subsample)"
"s_misc_subsamp","Endometriosis (Rahmioglu)","Nk0xbD","s_misc_subsamp",241200,"rs7334326","0.008",0.024,"0.727","Single miscarriage (subsample)"
"s_misc_subsamp","Endometriosis (Rahmioglu)","Nk0xbD","s_misc_subsamp",241200,"rs7907732","0.006",0.024,"0.797","Single miscarriage (subsample)"
"s_misc_subsamp","Endometriosis (Rahmioglu)","Nk0xbD","s_misc_subsamp",241200,"rs7924571","0.004",0.024,"0.877","Single miscarriage (subsample)"
"s_misc_subsamp","Endometriosis (Rahmioglu)","Nk0xbD","s_misc_subsamp",241200,"All","0.006",0.024,"0.816","Single miscarriage (subsample)"
"sb_subsamp","Endometriosis (Rahmioglu)","Nk0xbD","sb_subsamp",207704,"rs10090060","-0.054",0.066,"0.42","Stillbirth (subsample)"
"sb_subsamp","Endometriosis (Rahmioglu)","Nk0xbD","sb_subsamp",207704,"rs10122243","-0.065",0.068,"0.34","Stillbirth (subsample)"
"sb_subsamp","Endometriosis (Rahmioglu)","Nk0xbD","sb_subsamp",207704,"rs10860864","-0.059",0.067,"0.374","Stillbirth (subsample)"
"sb_subsamp","Endometriosis (Rahmioglu)","Nk0xbD","sb_subsamp",207704,"rs10917151","-0.067",0.07,"0.344","Stillbirth (subsample)"
"sb_subsamp","Endometriosis (Rahmioglu)","Nk0xbD","sb_subsamp",207704,"rs10983311","-0.055",0.065,"0.4","Stillbirth (subsample)"
"sb_subsamp","Endometriosis (Rahmioglu)","Nk0xbD","sb_subsamp",207704,"rs11674184","-0.128",0.065,"0.049","Stillbirth (subsample)"
"sb_subsamp","Endometriosis (Rahmioglu)","Nk0xbD","sb_subsamp",207704,"rs11756073","-0.074",0.067,"0.264","Stillbirth (subsample)"
"sb_subsamp","Endometriosis (Rahmioglu)","Nk0xbD","sb_subsamp",207704,"rs12030576","-0.052",0.066,"0.428","Stillbirth (subsample)"
"sb_subsamp","Endometriosis (Rahmioglu)","Nk0xbD","sb_subsamp",207704,"rs12441483","-0.08",0.067,"0.23","Stillbirth (subsample)"
"sb_subsamp","Endometriosis (Rahmioglu)","Nk0xbD","sb_subsamp",207704,"rs12549438","-0.063",0.067,"0.349","Stillbirth (subsample)"
"sb_subsamp","Endometriosis (Rahmioglu)","Nk0xbD","sb_subsamp",207704,"rs1352889","-0.072",0.067,"0.279","Stillbirth (subsample)"
"sb_subsamp","Endometriosis (Rahmioglu)","Nk0xbD","sb_subsamp",207704,"rs1430787","-0.067",0.067,"0.321","Stillbirth (subsample)"
"sb_subsamp","Endometriosis (Rahmioglu)","Nk0xbD","sb_subsamp",207704,"rs1451383","-0.066",0.067,"0.324","Stillbirth (subsample)"
"sb_subsamp","Endometriosis (Rahmioglu)","Nk0xbD","sb_subsamp",207704,"rs17053711","-0.065",0.067,"0.335","Stillbirth (subsample)"
"sb_subsamp","Endometriosis (Rahmioglu)","Nk0xbD","sb_subsamp",207704,"rs1903068","-0.069",0.069,"0.317","Stillbirth (subsample)"
"sb_subsamp","Endometriosis (Rahmioglu)","Nk0xbD","sb_subsamp",207704,"rs2036754","-0.063",0.067,"0.345","Stillbirth (subsample)"
"sb_subsamp","Endometriosis (Rahmioglu)","Nk0xbD","sb_subsamp",207704,"rs2226158","-0.072",0.067,"0.284","Stillbirth (subsample)"
"sb_subsamp","Endometriosis (Rahmioglu)","Nk0xbD","sb_subsamp",207704,"rs2421985","-0.051",0.066,"0.437","Stillbirth (subsample)"
"sb_subsamp","Endometriosis (Rahmioglu)","Nk0xbD","sb_subsamp",207704,"rs2510770","-0.068",0.067,"0.314","Stillbirth (subsample)"
"sb_subsamp","Endometriosis (Rahmioglu)","Nk0xbD","sb_subsamp",207704,"rs2946160","-0.056",0.065,"0.392","Stillbirth (subsample)"
"sb_subsamp","Endometriosis (Rahmioglu)","Nk0xbD","sb_subsamp",207704,"rs3803042","-0.062",0.067,"0.352","Stillbirth (subsample)"
"sb_subsamp","Endometriosis (Rahmioglu)","Nk0xbD","sb_subsamp",207704,"rs4540228","-0.073",0.067,"0.278","Stillbirth (subsample)"
"sb_subsamp","Endometriosis (Rahmioglu)","Nk0xbD","sb_subsamp",207704,"rs507666","-0.074",0.067,"0.265","Stillbirth (subsample)"
"sb_subsamp","Endometriosis (Rahmioglu)","Nk0xbD","sb_subsamp",207704,"rs55909142","-0.073",0.067,"0.275","Stillbirth (subsample)"
"sb_subsamp","Endometriosis (Rahmioglu)","Nk0xbD","sb_subsamp",207704,"rs56090796","-0.059",0.066,"0.377","Stillbirth (subsample)"
"sb_subsamp","Endometriosis (Rahmioglu)","Nk0xbD","sb_subsamp",207704,"rs57281976","-0.078",0.066,"0.237","Stillbirth (subsample)"
"sb_subsamp","Endometriosis (Rahmioglu)","Nk0xbD","sb_subsamp",207704,"rs6435157","-0.07",0.067,"0.299","Stillbirth (subsample)"
"sb_subsamp","Endometriosis (Rahmioglu)","Nk0xbD","sb_subsamp",207704,"rs6456259","-0.078",0.067,"0.247","Stillbirth (subsample)"
"sb_subsamp","Endometriosis (Rahmioglu)","Nk0xbD","sb_subsamp",207704,"rs66683298","-0.084",0.064,"0.193","Stillbirth (subsample)"
"sb_subsamp","Endometriosis (Rahmioglu)","Nk0xbD","sb_subsamp",207704,"rs71575922","-0.053",0.069,"0.438","Stillbirth (subsample)"
"sb_subsamp","Endometriosis (Rahmioglu)","Nk0xbD","sb_subsamp",207704,"rs7214750","-0.062",0.067,"0.358","Stillbirth (subsample)"
"sb_subsamp","Endometriosis (Rahmioglu)","Nk0xbD","sb_subsamp",207704,"rs7334326","-0.061",0.067,"0.361","Stillbirth (subsample)"
"sb_subsamp","Endometriosis (Rahmioglu)","Nk0xbD","sb_subsamp",207704,"rs7907732","-0.058",0.066,"0.385","Stillbirth (subsample)"
"sb_subsamp","Endometriosis (Rahmioglu)","Nk0xbD","sb_subsamp",207704,"rs7924571","-0.072",0.067,"0.283","Stillbirth (subsample)"
"sb_subsamp","Endometriosis (Rahmioglu)","Nk0xbD","sb_subsamp",207704,"All","-0.068",0.066,"0.302","Stillbirth (subsample)"
"sga","Endometriosis (Rahmioglu)","Nk0xbD","sga",96347,"rs10090060","0.025",0.067,"0.706","Small for gestational age"
"sga","Endometriosis (Rahmioglu)","Nk0xbD","sga",96347,"rs10122243","-0.005",0.068,"0.945","Small for gestational age"
"sga","Endometriosis (Rahmioglu)","Nk0xbD","sga",96347,"rs10860864","0.002",0.068,"0.98","Small for gestational age"
"sga","Endometriosis (Rahmioglu)","Nk0xbD","sga",96347,"rs10917151","-0.028",0.07,"0.686","Small for gestational age"
"sga","Endometriosis (Rahmioglu)","Nk0xbD","sga",96347,"rs10983311","0.016",0.067,"0.809","Small for gestational age"
"sga","Endometriosis (Rahmioglu)","Nk0xbD","sga",96347,"rs11674184","0.013",0.07,"0.855","Small for gestational age"
"sga","Endometriosis (Rahmioglu)","Nk0xbD","sga",96347,"rs11756073","0.022",0.065,"0.733","Small for gestational age"
"sga","Endometriosis (Rahmioglu)","Nk0xbD","sga",96347,"rs12030576","0.002",0.069,"0.98","Small for gestational age"
"sga","Endometriosis (Rahmioglu)","Nk0xbD","sga",96347,"rs12441483","0.012",0.069,"0.857","Small for gestational age"
"sga","Endometriosis (Rahmioglu)","Nk0xbD","sga",96347,"rs12549438","-0.005",0.067,"0.942","Small for gestational age"
"sga","Endometriosis (Rahmioglu)","Nk0xbD","sga",96347,"rs1352889","0.005",0.068,"0.939","Small for gestational age"
"sga","Endometriosis (Rahmioglu)","Nk0xbD","sga",96347,"rs1430787","-0.001",0.068,"0.984","Small for gestational age"
"sga","Endometriosis (Rahmioglu)","Nk0xbD","sga",96347,"rs1451383","0.009",0.069,"0.895","Small for gestational age"
"sga","Endometriosis (Rahmioglu)","Nk0xbD","sga",96347,"rs17053711","-0.004",0.067,"0.956","Small for gestational age"
"sga","Endometriosis (Rahmioglu)","Nk0xbD","sga",96347,"rs1903068","0.012",0.07,"0.858","Small for gestational age"
"sga","Endometriosis (Rahmioglu)","Nk0xbD","sga",96347,"rs2036754","0.011",0.068,"0.867","Small for gestational age"
"sga","Endometriosis (Rahmioglu)","Nk0xbD","sga",96347,"rs2226158","0.016",0.068,"0.811","Small for gestational age"
"sga","Endometriosis (Rahmioglu)","Nk0xbD","sga",96347,"rs2421985","0.012",0.069,"0.866","Small for gestational age"
"sga","Endometriosis (Rahmioglu)","Nk0xbD","sga",96347,"rs2510770","0.019",0.067,"0.781","Small for gestational age"
"sga","Endometriosis (Rahmioglu)","Nk0xbD","sga",96347,"rs2946160","0.01",0.068,"0.879","Small for gestational age"
"sga","Endometriosis (Rahmioglu)","Nk0xbD","sga",96347,"rs3803042","-0.005",0.067,"0.943","Small for gestational age"
"sga","Endometriosis (Rahmioglu)","Nk0xbD","sga",96347,"rs4540228","0.017",0.068,"0.798","Small for gestational age"
"sga","Endometriosis (Rahmioglu)","Nk0xbD","sga",96347,"rs507666","0.004",0.068,"0.957","Small for gestational age"
"sga","Endometriosis (Rahmioglu)","Nk0xbD","sga",96347,"rs55909142","-0.013",0.063,"0.843","Small for gestational age"
"sga","Endometriosis (Rahmioglu)","Nk0xbD","sga",96347,"rs56090796","0.008",0.069,"0.906","Small for gestational age"
"sga","Endometriosis (Rahmioglu)","Nk0xbD","sga",96347,"rs6435157","0.014",0.068,"0.834","Small for gestational age"
"sga","Endometriosis (Rahmioglu)","Nk0xbD","sga",96347,"rs6456259","0.014",0.069,"0.843","Small for gestational age"
"sga","Endometriosis (Rahmioglu)","Nk0xbD","sga",96347,"rs66683298","0.013",0.068,"0.846","Small for gestational age"
"sga","Endometriosis (Rahmioglu)","Nk0xbD","sga",96347,"rs71575922","-0.024",0.068,"0.724","Small for gestational age"
"sga","Endometriosis (Rahmioglu)","Nk0xbD","sga",96347,"rs7214750","0.028",0.064,"0.667","Small for gestational age"
"sga","Endometriosis (Rahmioglu)","Nk0xbD","sga",96347,"rs7334326","5.25e-05",0.068,"0.999","Small for gestational age"
"sga","Endometriosis (Rahmioglu)","Nk0xbD","sga",96347,"rs7907732","0.017",0.068,"0.797","Small for gestational age"
"sga","Endometriosis (Rahmioglu)","Nk0xbD","sga",96347,"rs7924571","0.007",0.069,"0.919","Small for gestational age"
"sga","Endometriosis (Rahmioglu)","Nk0xbD","sga",96347,"All","0.007",0.067,"0.917","Small for gestational age"
"vpretb_all","Endometriosis (Rahmioglu)","Nk0xbD","vpretb_all",77720,"rs10090060","-0.365",0.173,"0.035","Very preterm birth (all)"
"vpretb_all","Endometriosis (Rahmioglu)","Nk0xbD","vpretb_all",77720,"rs10122243","-0.318",0.175,"0.07","Very preterm birth (all)"
"vpretb_all","Endometriosis (Rahmioglu)","Nk0xbD","vpretb_all",77720,"rs10860864","-0.361",0.171,"0.035","Very preterm birth (all)"
"vpretb_all","Endometriosis (Rahmioglu)","Nk0xbD","vpretb_all",77720,"rs10917151","-0.208",0.17,"0.22","Very preterm birth (all)"
"vpretb_all","Endometriosis (Rahmioglu)","Nk0xbD","vpretb_all",77720,"rs10983311","-0.299",0.167,"0.074","Very preterm birth (all)"
"vpretb_all","Endometriosis (Rahmioglu)","Nk0xbD","vpretb_all",77720,"rs11756073","-0.339",0.174,"0.051","Very preterm birth (all)"
"vpretb_all","Endometriosis (Rahmioglu)","Nk0xbD","vpretb_all",77720,"rs12030576","-0.338",0.175,"0.053","Very preterm birth (all)"
"vpretb_all","Endometriosis (Rahmioglu)","Nk0xbD","vpretb_all",77720,"rs12441483","-0.313",0.174,"0.071","Very preterm birth (all)"
"vpretb_all","Endometriosis (Rahmioglu)","Nk0xbD","vpretb_all",77720,"rs12549438","-0.377",0.167,"0.024","Very preterm birth (all)"
"vpretb_all","Endometriosis (Rahmioglu)","Nk0xbD","vpretb_all",77720,"rs1352889","-0.34",0.174,"0.05","Very preterm birth (all)"
"vpretb_all","Endometriosis (Rahmioglu)","Nk0xbD","vpretb_all",77720,"rs1430787","-0.305",0.169,"0.071","Very preterm birth (all)"
"vpretb_all","Endometriosis (Rahmioglu)","Nk0xbD","vpretb_all",77720,"rs1451383","-0.314",0.173,"0.07","Very preterm birth (all)"
"vpretb_all","Endometriosis (Rahmioglu)","Nk0xbD","vpretb_all",77720,"rs17053711","-0.368",0.169,"0.03","Very preterm birth (all)"
"vpretb_all","Endometriosis (Rahmioglu)","Nk0xbD","vpretb_all",77720,"rs1903068","-0.311",0.177,"0.079","Very preterm birth (all)"
"vpretb_all","Endometriosis (Rahmioglu)","Nk0xbD","vpretb_all",77720,"rs2036754","-0.333",0.174,"0.055","Very preterm birth (all)"
"vpretb_all","Endometriosis (Rahmioglu)","Nk0xbD","vpretb_all",77720,"rs2226158","-0.341",0.174,"0.05","Very preterm birth (all)"
"vpretb_all","Endometriosis (Rahmioglu)","Nk0xbD","vpretb_all",77720,"rs2421985","-0.251",0.155,"0.105","Very preterm birth (all)"
"vpretb_all","Endometriosis (Rahmioglu)","Nk0xbD","vpretb_all",77720,"rs2510770","-0.33",0.174,"0.057","Very preterm birth (all)"
"vpretb_all","Endometriosis (Rahmioglu)","Nk0xbD","vpretb_all",77720,"rs2946160","-0.33",0.174,"0.057","Very preterm birth (all)"
"vpretb_all","Endometriosis (Rahmioglu)","Nk0xbD","vpretb_all",77720,"rs3803042","-0.366",0.169,"0.031","Very preterm birth (all)"
"vpretb_all","Endometriosis (Rahmioglu)","Nk0xbD","vpretb_all",77720,"rs4540228","-0.349",0.174,"0.044","Very preterm birth (all)"
"vpretb_all","Endometriosis (Rahmioglu)","Nk0xbD","vpretb_all",77720,"rs507666","-0.375",0.167,"0.024","Very preterm birth (all)"
"vpretb_all","Endometriosis (Rahmioglu)","Nk0xbD","vpretb_all",77720,"rs55909142","-0.366",0.169,"0.031","Very preterm birth (all)"
"vpretb_all","Endometriosis (Rahmioglu)","Nk0xbD","vpretb_all",77720,"rs56090796","-0.342",0.174,"0.049","Very preterm birth (all)"
"vpretb_all","Endometriosis (Rahmioglu)","Nk0xbD","vpretb_all",77720,"rs57281976","-0.333",0.174,"0.056","Very preterm birth (all)"
"vpretb_all","Endometriosis (Rahmioglu)","Nk0xbD","vpretb_all",77720,"rs6435157","-0.317",0.172,"0.066","Very preterm birth (all)"
"vpretb_all","Endometriosis (Rahmioglu)","Nk0xbD","vpretb_all",77720,"rs6456259","-0.335",0.176,"0.056","Very preterm birth (all)"
"vpretb_all","Endometriosis (Rahmioglu)","Nk0xbD","vpretb_all",77720,"rs66683298","-0.35",0.173,"0.043","Very preterm birth (all)"
"vpretb_all","Endometriosis (Rahmioglu)","Nk0xbD","vpretb_all",77720,"rs71575922","-0.377",0.178,"0.035","Very preterm birth (all)"
"vpretb_all","Endometriosis (Rahmioglu)","Nk0xbD","vpretb_all",77720,"rs7214750","-0.342",0.174,"0.05","Very preterm birth (all)"
"vpretb_all","Endometriosis (Rahmioglu)","Nk0xbD","vpretb_all",77720,"rs7334326","-0.35",0.172,"0.042","Very preterm birth (all)"
"vpretb_all","Endometriosis (Rahmioglu)","Nk0xbD","vpretb_all",77720,"rs7907732","-0.33",0.174,"0.058","Very preterm birth (all)"
"vpretb_all","Endometriosis (Rahmioglu)","Nk0xbD","vpretb_all",77720,"rs7924571","-0.367",0.17,"0.031","Very preterm birth (all)"
"vpretb_all","Endometriosis (Rahmioglu)","Nk0xbD","vpretb_all",77720,"All","-0.335",0.169,"0.048","Very preterm birth (all)"
"zbw_all","Endometriosis (Rahmioglu)","Nk0xbD","zbw_all",289887,"rs10090060","0.049",0.032,"0.125","Z-score birthweight (all)"
"zbw_all","Endometriosis (Rahmioglu)","Nk0xbD","zbw_all",289887,"rs10122243","0.045",0.033,"0.177","Z-score birthweight (all)"
"zbw_all","Endometriosis (Rahmioglu)","Nk0xbD","zbw_all",289887,"rs10860864","0.035",0.033,"0.284","Z-score birthweight (all)"
"zbw_all","Endometriosis (Rahmioglu)","Nk0xbD","zbw_all",289887,"rs10917151","0.024",0.034,"0.484","Z-score birthweight (all)"
"zbw_all","Endometriosis (Rahmioglu)","Nk0xbD","zbw_all",289887,"rs10983311","0.039",0.033,"0.243","Z-score birthweight (all)"
"zbw_all","Endometriosis (Rahmioglu)","Nk0xbD","zbw_all",289887,"rs11674184","0.039",0.034,"0.253","Z-score birthweight (all)"
"zbw_all","Endometriosis (Rahmioglu)","Nk0xbD","zbw_all",289887,"rs11756073","0.04",0.033,"0.234","Z-score birthweight (all)"
"zbw_all","Endometriosis (Rahmioglu)","Nk0xbD","zbw_all",289887,"rs12030576","0.039",0.033,"0.242","Z-score birthweight (all)"
"zbw_all","Endometriosis (Rahmioglu)","Nk0xbD","zbw_all",289887,"rs12441483","0.038",0.033,"0.261","Z-score birthweight (all)"
"zbw_all","Endometriosis (Rahmioglu)","Nk0xbD","zbw_all",289887,"rs12549438","0.035",0.033,"0.287","Z-score birthweight (all)"
"zbw_all","Endometriosis (Rahmioglu)","Nk0xbD","zbw_all",289887,"rs1352889","0.039",0.033,"0.235","Z-score birthweight (all)"
"zbw_all","Endometriosis (Rahmioglu)","Nk0xbD","zbw_all",289887,"rs1430787","0.037",0.033,"0.261","Z-score birthweight (all)"
"zbw_all","Endometriosis (Rahmioglu)","Nk0xbD","zbw_all",289887,"rs1451383","0.047",0.032,"0.146","Z-score birthweight (all)"
"zbw_all","Endometriosis (Rahmioglu)","Nk0xbD","zbw_all",289887,"rs17053711","0.042",0.033,"0.198","Z-score birthweight (all)"
"zbw_all","Endometriosis (Rahmioglu)","Nk0xbD","zbw_all",289887,"rs1903068","0.033",0.034,"0.331","Z-score birthweight (all)"
"zbw_all","Endometriosis (Rahmioglu)","Nk0xbD","zbw_all",289887,"rs2036754","0.037",0.033,"0.258","Z-score birthweight (all)"
"zbw_all","Endometriosis (Rahmioglu)","Nk0xbD","zbw_all",289887,"rs2226158","0.037",0.033,"0.266","Z-score birthweight (all)"
"zbw_all","Endometriosis (Rahmioglu)","Nk0xbD","zbw_all",289887,"rs2421985","0.037",0.033,"0.268","Z-score birthweight (all)"
"zbw_all","Endometriosis (Rahmioglu)","Nk0xbD","zbw_all",289887,"rs2510770","0.035",0.033,"0.282","Z-score birthweight (all)"
"zbw_all","Endometriosis (Rahmioglu)","Nk0xbD","zbw_all",289887,"rs2946160","0.022",0.025,"0.365","Z-score birthweight (all)"
"zbw_all","Endometriosis (Rahmioglu)","Nk0xbD","zbw_all",289887,"rs3803042","0.045",0.033,"0.169","Z-score birthweight (all)"
"zbw_all","Endometriosis (Rahmioglu)","Nk0xbD","zbw_all",289887,"rs4540228","0.038",0.033,"0.249","Z-score birthweight (all)"
"zbw_all","Endometriosis (Rahmioglu)","Nk0xbD","zbw_all",289887,"rs507666","0.039",0.033,"0.237","Z-score birthweight (all)"
"zbw_all","Endometriosis (Rahmioglu)","Nk0xbD","zbw_all",289887,"rs55909142","0.042",0.033,"0.208","Z-score birthweight (all)"
"zbw_all","Endometriosis (Rahmioglu)","Nk0xbD","zbw_all",289887,"rs56090796","0.04",0.033,"0.226","Z-score birthweight (all)"
"zbw_all","Endometriosis (Rahmioglu)","Nk0xbD","zbw_all",289887,"rs57281976","0.036",0.033,"0.278","Z-score birthweight (all)"
"zbw_all","Endometriosis (Rahmioglu)","Nk0xbD","zbw_all",289887,"rs6435157","0.037",0.033,"0.266","Z-score birthweight (all)"
"zbw_all","Endometriosis (Rahmioglu)","Nk0xbD","zbw_all",289887,"rs6456259","0.042",0.033,"0.208","Z-score birthweight (all)"
"zbw_all","Endometriosis (Rahmioglu)","Nk0xbD","zbw_all",289887,"rs66683298","0.036",0.033,"0.273","Z-score birthweight (all)"
"zbw_all","Endometriosis (Rahmioglu)","Nk0xbD","zbw_all",289887,"rs71575922","0.052",0.033,"0.119","Z-score birthweight (all)"
"zbw_all","Endometriosis (Rahmioglu)","Nk0xbD","zbw_all",289887,"rs7214750","0.043",0.033,"0.197","Z-score birthweight (all)"
"zbw_all","Endometriosis (Rahmioglu)","Nk0xbD","zbw_all",289887,"rs7334326","0.041",0.033,"0.214","Z-score birthweight (all)"
"zbw_all","Endometriosis (Rahmioglu)","Nk0xbD","zbw_all",289887,"rs7907732","0.041",0.033,"0.22","Z-score birthweight (all)"
"zbw_all","Endometriosis (Rahmioglu)","Nk0xbD","zbw_all",289887,"rs7924571","0.046",0.032,"0.16","Z-score birthweight (all)"
"zbw_all","Endometriosis (Rahmioglu)","Nk0xbD","zbw_all",289887,"All","0.039",0.032,"0.228","Z-score birthweight (all)"
