"outcome","exposure","id.exposure","id.outcome","samplesize","SNP","b","se","p","outcome_full"
"anaemia_preg_all","Endometriosis (Rahmioglu)","Nk0xbD","anaemia_preg_all",86208,"rs10917151","-0.318",0.246,"0.196","Anaemia in pregnancy (all)"
"anaemia_preg_all","Endometriosis (Rahmioglu)","Nk0xbD","anaemia_preg_all",86208,"rs11674184","0.526",0.329,"0.11","Anaemia in pregnancy (all)"
"anaemia_preg_all","Endometriosis (Rahmioglu)","Nk0xbD","anaemia_preg_all",86208,"rs12030576","-0.56",0.485,"0.248","Anaemia in pregnancy (all)"
"anaemia_preg_all","Endometriosis (Rahmioglu)","Nk0xbD","anaemia_preg_all",86208,"rs10983311","0.404",0.621,"0.515","Anaemia in pregnancy (all)"
"anaemia_preg_all","Endometriosis (Rahmioglu)","Nk0xbD","anaemia_preg_all",86208,"rs12549438","0.343",0.588,"0.56","Anaemia in pregnancy (all)"
"anaemia_preg_all","Endometriosis (Rahmioglu)","Nk0xbD","anaemia_preg_all",86208,"rs11756073","-0.196",0.728,"0.788","Anaemia in pregnancy (all)"
"anaemia_preg_all","Endometriosis (Rahmioglu)","Nk0xbD","anaemia_preg_all",86208,"rs10860864","-0.365",0.566,"0.518","Anaemia in pregnancy (all)"
"anaemia_preg_all","Endometriosis (Rahmioglu)","Nk0xbD","anaemia_preg_all",86208,"rs12441483","0.107",0.475,"0.822","Anaemia in pregnancy (all)"
"anaemia_preg_all","Endometriosis (Rahmioglu)","Nk0xbD","anaemia_preg_all",86208,"rs10090060","-0.504",0.447,"0.26","Anaemia in pregnancy (all)"
"anaemia_preg_all","Endometriosis (Rahmioglu)","Nk0xbD","anaemia_preg_all",86208,"rs10122243","0e+00",0.48,"1","Anaemia in pregnancy (all)"
"anaemia_preg_all","Endometriosis (Rahmioglu)","Nk0xbD","anaemia_preg_all",86208,"rs2946160","-0.664",0.619,"0.284","Anaemia in pregnancy (all)"
"anaemia_preg_all","Endometriosis (Rahmioglu)","Nk0xbD","anaemia_preg_all",86208,"rs2226158","0.926",0.561,"0.099","Anaemia in pregnancy (all)"
"anaemia_preg_all","Endometriosis (Rahmioglu)","Nk0xbD","anaemia_preg_all",86208,"rs2421985","0.69",0.464,"0.137","Anaemia in pregnancy (all)"
"anaemia_preg_all","Endometriosis (Rahmioglu)","Nk0xbD","anaemia_preg_all",86208,"rs2510770","-0.624",0.633,"0.324","Anaemia in pregnancy (all)"
"anaemia_preg_all","Endometriosis (Rahmioglu)","Nk0xbD","anaemia_preg_all",86208,"rs1352889","-1.025",0.661,"0.121","Anaemia in pregnancy (all)"
"anaemia_preg_all","Endometriosis (Rahmioglu)","Nk0xbD","anaemia_preg_all",86208,"rs3803042","-0.784",0.621,"0.207","Anaemia in pregnancy (all)"
"anaemia_preg_all","Endometriosis (Rahmioglu)","Nk0xbD","anaemia_preg_all",86208,"rs4540228","0.731",0.525,"0.164","Anaemia in pregnancy (all)"
"anaemia_preg_all","Endometriosis (Rahmioglu)","Nk0xbD","anaemia_preg_all",86208,"rs507666","2.042",0.699,"0.003","Anaemia in pregnancy (all)"
"anaemia_preg_all","Endometriosis (Rahmioglu)","Nk0xbD","anaemia_preg_all",86208,"rs1903068","0.202",0.345,"0.558","Anaemia in pregnancy (all)"
"anaemia_preg_all","Endometriosis (Rahmioglu)","Nk0xbD","anaemia_preg_all",86208,"rs2036754","0.566",0.651,"0.384","Anaemia in pregnancy (all)"
"anaemia_preg_all","Endometriosis (Rahmioglu)","Nk0xbD","anaemia_preg_all",86208,"rs71575922","0.167",0.31,"0.592","Anaemia in pregnancy (all)"
"anaemia_preg_all","Endometriosis (Rahmioglu)","Nk0xbD","anaemia_preg_all",86208,"rs17053711","0.617",0.619,"0.319","Anaemia in pregnancy (all)"
"anaemia_preg_all","Endometriosis (Rahmioglu)","Nk0xbD","anaemia_preg_all",86208,"rs7334326","0.606",0.609,"0.32","Anaemia in pregnancy (all)"
"anaemia_preg_all","Endometriosis (Rahmioglu)","Nk0xbD","anaemia_preg_all",86208,"rs7907732","-0.665",0.549,"0.226","Anaemia in pregnancy (all)"
"anaemia_preg_all","Endometriosis (Rahmioglu)","Nk0xbD","anaemia_preg_all",86208,"rs7924571","-0.815",0.546,"0.135","Anaemia in pregnancy (all)"
"anaemia_preg_all","Endometriosis (Rahmioglu)","Nk0xbD","anaemia_preg_all",86208,"rs7214750","-1.256",0.569,"0.027","Anaemia in pregnancy (all)"
"anaemia_preg_all","Endometriosis (Rahmioglu)","Nk0xbD","anaemia_preg_all",86208,"All - MR Egger","-0.229",0.345,"0.511","Anaemia in pregnancy (all)"
"anaemia_preg_all","Endometriosis (Rahmioglu)","Nk0xbD","anaemia_preg_all",86208,"rs55909142","0.268",0.638,"0.674","Anaemia in pregnancy (all)"
"anaemia_preg_all","Endometriosis (Rahmioglu)","Nk0xbD","anaemia_preg_all",86208,"rs1430787","0.096",0.631,"0.879","Anaemia in pregnancy (all)"
"anaemia_preg_all","Endometriosis (Rahmioglu)","Nk0xbD","anaemia_preg_all",86208,"All - Inverse variance weighted","-0.016",0.104,"0.879","Anaemia in pregnancy (all)"
"anaemia_preg_all","Endometriosis (Rahmioglu)","Nk0xbD","anaemia_preg_all",86208,"rs57281976","-1.054",0.573,"0.066","Anaemia in pregnancy (all)"
"anaemia_preg_all","Endometriosis (Rahmioglu)","Nk0xbD","anaemia_preg_all",86208,"rs6435157","0.943",0.653,"0.149","Anaemia in pregnancy (all)"
"anaemia_preg_all","Endometriosis (Rahmioglu)","Nk0xbD","anaemia_preg_all",86208,"rs6456259","-0.559",0.447,"0.212","Anaemia in pregnancy (all)"
"anaemia_preg_all","Endometriosis (Rahmioglu)","Nk0xbD","anaemia_preg_all",86208,"rs66683298","0.524",0.561,"0.351","Anaemia in pregnancy (all)"
"anaemia_preg_all","Endometriosis (Rahmioglu)","Nk0xbD","anaemia_preg_all",86208,"rs1451383","-0.306",0.51,"0.549","Anaemia in pregnancy (all)"
"anaemia_preg_all","Endometriosis (Rahmioglu)","Nk0xbD","anaemia_preg_all",86208,"rs56090796","-0.004",0.592,"0.994","Anaemia in pregnancy (all)"
"Antepartum_bleeding","Endometriosis (Rahmioglu)","Nk0xbD","Antepartum_bleeding",NA,"rs10090060","0.754",0.468,"0.107","Antepartum_bleeding"
"Antepartum_bleeding","Endometriosis (Rahmioglu)","Nk0xbD","Antepartum_bleeding",NA,"rs10122243","-0.692",0.429,"0.107","Antepartum_bleeding"
"Antepartum_bleeding","Endometriosis (Rahmioglu)","Nk0xbD","Antepartum_bleeding",NA,"rs10757277","0.895",0.558,"0.109","Antepartum_bleeding"
"Antepartum_bleeding","Endometriosis (Rahmioglu)","Nk0xbD","Antepartum_bleeding",NA,"rs10828249","-0.495",0.525,"0.346","Antepartum_bleeding"
"Antepartum_bleeding","Endometriosis (Rahmioglu)","Nk0xbD","Antepartum_bleeding",NA,"rs10860864","0.956",0.589,"0.105","Antepartum_bleeding"
"Antepartum_bleeding","Endometriosis (Rahmioglu)","Nk0xbD","Antepartum_bleeding",NA,"rs10917151","0.021",0.255,"0.934","Antepartum_bleeding"
"Antepartum_bleeding","Endometriosis (Rahmioglu)","Nk0xbD","Antepartum_bleeding",NA,"rs10983311","-0.606",0.654,"0.354","Antepartum_bleeding"
"Antepartum_bleeding","Endometriosis (Rahmioglu)","Nk0xbD","Antepartum_bleeding",NA,"rs11674184","0.254",0.339,"0.454","Antepartum_bleeding"
"Antepartum_bleeding","Endometriosis (Rahmioglu)","Nk0xbD","Antepartum_bleeding",NA,"rs11756073","-1.105",0.646,"0.087","Antepartum_bleeding"
"Antepartum_bleeding","Endometriosis (Rahmioglu)","Nk0xbD","Antepartum_bleeding",NA,"rs12030576","-0.059",0.514,"0.909","Antepartum_bleeding"
"Antepartum_bleeding","Endometriosis (Rahmioglu)","Nk0xbD","Antepartum_bleeding",NA,"rs12320196","0.344",0.502,"0.493","Antepartum_bleeding"
"Antepartum_bleeding","Endometriosis (Rahmioglu)","Nk0xbD","Antepartum_bleeding",NA,"rs12441483","0.067",0.497,"0.893","Antepartum_bleeding"
"Antepartum_bleeding","Endometriosis (Rahmioglu)","Nk0xbD","Antepartum_bleeding",NA,"rs12549438","-0.159",0.628,"0.8","Antepartum_bleeding"
"Antepartum_bleeding","Endometriosis (Rahmioglu)","Nk0xbD","Antepartum_bleeding",NA,"rs1352889","-0.098",0.66,"0.882","Antepartum_bleeding"
"Antepartum_bleeding","Endometriosis (Rahmioglu)","Nk0xbD","Antepartum_bleeding",NA,"rs1430787","-1.321",0.655,"0.044","Antepartum_bleeding"
"Antepartum_bleeding","Endometriosis (Rahmioglu)","Nk0xbD","Antepartum_bleeding",NA,"rs1451383","-1.269",0.546,"0.02","Antepartum_bleeding"
"Antepartum_bleeding","Endometriosis (Rahmioglu)","Nk0xbD","Antepartum_bleeding",NA,"rs17053711","0.128",0.632,"0.839","Antepartum_bleeding"
"Antepartum_bleeding","Endometriosis (Rahmioglu)","Nk0xbD","Antepartum_bleeding",NA,"rs1903068","-0.27",0.356,"0.448","Antepartum_bleeding"
"Antepartum_bleeding","Endometriosis (Rahmioglu)","Nk0xbD","Antepartum_bleeding",NA,"rs1971256","0.042",0.431,"0.923","Antepartum_bleeding"
"Antepartum_bleeding","Endometriosis (Rahmioglu)","Nk0xbD","Antepartum_bleeding",NA,"rs2036754","0.098",0.631,"0.877","Antepartum_bleeding"
"Antepartum_bleeding","Endometriosis (Rahmioglu)","Nk0xbD","Antepartum_bleeding",NA,"rs2226158","0.291",0.584,"0.618","Antepartum_bleeding"
"Antepartum_bleeding","Endometriosis (Rahmioglu)","Nk0xbD","Antepartum_bleeding",NA,"rs2421985","-0.019",0.469,"0.968","Antepartum_bleeding"
"Antepartum_bleeding","Endometriosis (Rahmioglu)","Nk0xbD","Antepartum_bleeding",NA,"rs2510770","0.929",0.627,"0.138","Antepartum_bleeding"
"Antepartum_bleeding","Endometriosis (Rahmioglu)","Nk0xbD","Antepartum_bleeding",NA,"rs2946160","0.236",0.663,"0.722","Antepartum_bleeding"
"Antepartum_bleeding","Endometriosis (Rahmioglu)","Nk0xbD","Antepartum_bleeding",NA,"rs2967684","1.068",0.661,"0.106","Antepartum_bleeding"
"Antepartum_bleeding","Endometriosis (Rahmioglu)","Nk0xbD","Antepartum_bleeding",NA,"rs3803042","0.11",0.63,"0.861","Antepartum_bleeding"
"Antepartum_bleeding","Endometriosis (Rahmioglu)","Nk0xbD","Antepartum_bleeding",NA,"rs3858429","0.169",0.304,"0.577","Antepartum_bleeding"
"Antepartum_bleeding","Endometriosis (Rahmioglu)","Nk0xbD","Antepartum_bleeding",NA,"rs4540228","0.133",0.555,"0.811","Antepartum_bleeding"
"Antepartum_bleeding","Endometriosis (Rahmioglu)","Nk0xbD","Antepartum_bleeding",NA,"rs55909142","-0.754",0.641,"0.24","Antepartum_bleeding"
"Antepartum_bleeding","Endometriosis (Rahmioglu)","Nk0xbD","Antepartum_bleeding",NA,"rs56090796","-1.352",0.635,"0.033","Antepartum_bleeding"
"Antepartum_bleeding","Endometriosis (Rahmioglu)","Nk0xbD","Antepartum_bleeding",NA,"rs57281976","0.206",0.601,"0.732","Antepartum_bleeding"
"Antepartum_bleeding","Endometriosis (Rahmioglu)","Nk0xbD","Antepartum_bleeding",NA,"rs6435157","0.389",0.655,"0.553","Antepartum_bleeding"
"Antepartum_bleeding","Endometriosis (Rahmioglu)","Nk0xbD","Antepartum_bleeding",NA,"rs6456259","0.861",0.437,"0.049","Antepartum_bleeding"
"Antepartum_bleeding","Endometriosis (Rahmioglu)","Nk0xbD","Antepartum_bleeding",NA,"rs66683298","0.05",0.619,"0.935","Antepartum_bleeding"
"Antepartum_bleeding","Endometriosis (Rahmioglu)","Nk0xbD","Antepartum_bleeding",NA,"rs71575922","0.526",0.307,"0.087","Antepartum_bleeding"
"Antepartum_bleeding","Endometriosis (Rahmioglu)","Nk0xbD","Antepartum_bleeding",NA,"rs7214750","-0.63",0.578,"0.276","Antepartum_bleeding"
"Antepartum_bleeding","Endometriosis (Rahmioglu)","Nk0xbD","Antepartum_bleeding",NA,"rs7334326","0.401",0.652,"0.538","Antepartum_bleeding"
"Antepartum_bleeding","Endometriosis (Rahmioglu)","Nk0xbD","Antepartum_bleeding",NA,"rs73633307","0.012",0.511,"0.982","Antepartum_bleeding"
"Antepartum_bleeding","Endometriosis (Rahmioglu)","Nk0xbD","Antepartum_bleeding",NA,"rs7907732","-0.737",0.575,"0.2","Antepartum_bleeding"
"Antepartum_bleeding","Endometriosis (Rahmioglu)","Nk0xbD","Antepartum_bleeding",NA,"rs7924571","0.898",0.592,"0.129","Antepartum_bleeding"
"Antepartum_bleeding","Endometriosis (Rahmioglu)","Nk0xbD","Antepartum_bleeding",NA,"All - Inverse variance weighted","0.053",0.089,"0.549","Antepartum_bleeding"
"Antepartum_bleeding","Endometriosis (Rahmioglu)","Nk0xbD","Antepartum_bleeding",NA,"All - MR Egger","0.317",0.276,"0.258","Antepartum_bleeding"
"apgar1","Endometriosis (Rahmioglu)","Nk0xbD","apgar1",86709,"rs12549438","-0.054",0.135,"0.687","Apgar score at 1 min"
"apgar1","Endometriosis (Rahmioglu)","Nk0xbD","apgar1",86709,"rs1352889","-0.456",0.149,"0.002","Apgar score at 1 min"
"apgar1","Endometriosis (Rahmioglu)","Nk0xbD","apgar1",86709,"rs12030576","-0.104",0.114,"0.358","Apgar score at 1 min"
"apgar1","Endometriosis (Rahmioglu)","Nk0xbD","apgar1",86709,"rs12441483","-0.126",0.111,"0.255","Apgar score at 1 min"
"apgar1","Endometriosis (Rahmioglu)","Nk0xbD","apgar1",86709,"rs17053711","-0.146",0.139,"0.295","Apgar score at 1 min"
"apgar1","Endometriosis (Rahmioglu)","Nk0xbD","apgar1",86709,"rs1903068","-0.072",0.08,"0.366","Apgar score at 1 min"
"apgar1","Endometriosis (Rahmioglu)","Nk0xbD","apgar1",86709,"rs1430787","-0.064",0.147,"0.662","Apgar score at 1 min"
"apgar1","Endometriosis (Rahmioglu)","Nk0xbD","apgar1",86709,"rs1451383","0.114",0.123,"0.354","Apgar score at 1 min"
"apgar1","Endometriosis (Rahmioglu)","Nk0xbD","apgar1",86709,"rs10983311","0.07",0.147,"0.632","Apgar score at 1 min"
"apgar1","Endometriosis (Rahmioglu)","Nk0xbD","apgar1",86709,"rs11674184","0.168",0.077,"0.028","Apgar score at 1 min"
"apgar1","Endometriosis (Rahmioglu)","Nk0xbD","apgar1",86709,"rs11756073","-0.212",0.151,"0.159","Apgar score at 1 min"
"apgar1","Endometriosis (Rahmioglu)","Nk0xbD","apgar1",86709,"rs10917151","-0.154",0.057,"0.007","Apgar score at 1 min"
"apgar1","Endometriosis (Rahmioglu)","Nk0xbD","apgar1",86709,"rs4540228","-0.067",0.125,"0.589","Apgar score at 1 min"
"apgar1","Endometriosis (Rahmioglu)","Nk0xbD","apgar1",86709,"rs507666","-0.07",0.145,"0.627","Apgar score at 1 min"
"apgar1","Endometriosis (Rahmioglu)","Nk0xbD","apgar1",86709,"rs55909142","-0.051",0.145,"0.726","Apgar score at 1 min"
"apgar1","Endometriosis (Rahmioglu)","Nk0xbD","apgar1",86709,"rs3803042","0.089",0.141,"0.531","Apgar score at 1 min"
"apgar1","Endometriosis (Rahmioglu)","Nk0xbD","apgar1",86709,"rs57281976","0.099",0.133,"0.458","Apgar score at 1 min"
"apgar1","Endometriosis (Rahmioglu)","Nk0xbD","apgar1",86709,"rs6435157","-0.011",0.146,"0.941","Apgar score at 1 min"
"apgar1","Endometriosis (Rahmioglu)","Nk0xbD","apgar1",86709,"rs6456259","0.04",0.1,"0.693","Apgar score at 1 min"
"apgar1","Endometriosis (Rahmioglu)","Nk0xbD","apgar1",86709,"rs56090796","-0.109",0.136,"0.422","Apgar score at 1 min"
"apgar1","Endometriosis (Rahmioglu)","Nk0xbD","apgar1",86709,"rs2226158","-0.018",0.13,"0.89","Apgar score at 1 min"
"apgar1","Endometriosis (Rahmioglu)","Nk0xbD","apgar1",86709,"rs2421985","0.19",0.109,"0.082","Apgar score at 1 min"
"apgar1","Endometriosis (Rahmioglu)","Nk0xbD","apgar1",86709,"rs2510770","0.014",0.146,"0.925","Apgar score at 1 min"
"apgar1","Endometriosis (Rahmioglu)","Nk0xbD","apgar1",86709,"rs2946160","-0.1",0.147,"0.495","Apgar score at 1 min"
"apgar1","Endometriosis (Rahmioglu)","Nk0xbD","apgar1",86709,"rs7924571","-0.11",0.127,"0.388","Apgar score at 1 min"
"apgar1","Endometriosis (Rahmioglu)","Nk0xbD","apgar1",86709,"All - Inverse variance weighted","-0.051",0.024,"0.029","Apgar score at 1 min"
"apgar1","Endometriosis (Rahmioglu)","Nk0xbD","apgar1",86709,"All - MR Egger","-0.149",0.076,"0.057","Apgar score at 1 min"
"apgar1","Endometriosis (Rahmioglu)","Nk0xbD","apgar1",86709,"rs10860864","-0.209",0.133,"0.116","Apgar score at 1 min"
"apgar1","Endometriosis (Rahmioglu)","Nk0xbD","apgar1",86709,"rs2036754","-0.237",0.149,"0.112","Apgar score at 1 min"
"apgar1","Endometriosis (Rahmioglu)","Nk0xbD","apgar1",86709,"rs10090060","-0.018",0.105,"0.865","Apgar score at 1 min"
"apgar1","Endometriosis (Rahmioglu)","Nk0xbD","apgar1",86709,"rs10122243","0.003",0.099,"0.974","Apgar score at 1 min"
"apgar1","Endometriosis (Rahmioglu)","Nk0xbD","apgar1",86709,"rs66683298","-0.178",0.129,"0.17","Apgar score at 1 min"
"apgar1","Endometriosis (Rahmioglu)","Nk0xbD","apgar1",86709,"rs7214750","0.044",0.127,"0.73","Apgar score at 1 min"
"apgar1","Endometriosis (Rahmioglu)","Nk0xbD","apgar1",86709,"rs7334326","0.078",0.151,"0.605","Apgar score at 1 min"
"apgar1","Endometriosis (Rahmioglu)","Nk0xbD","apgar1",86709,"rs7907732","0.247",0.129,"0.055","Apgar score at 1 min"
"apgar1","Endometriosis (Rahmioglu)","Nk0xbD","apgar1",86709,"rs71575922","-0.202",0.069,"0.003","Apgar score at 1 min"
"apgar5","Endometriosis (Rahmioglu)","Nk0xbD","apgar5",86705,"rs10090060","0.029",0.07,"0.682","Apgar score at 5 min"
"apgar5","Endometriosis (Rahmioglu)","Nk0xbD","apgar5",86705,"rs10860864","-0.053",0.089,"0.549","Apgar score at 5 min"
"apgar5","Endometriosis (Rahmioglu)","Nk0xbD","apgar5",86705,"rs10917151","-0.043",0.038,"0.254","Apgar score at 5 min"
"apgar5","Endometriosis (Rahmioglu)","Nk0xbD","apgar5",86705,"rs10983311","0.102",0.098,"0.297","Apgar score at 5 min"
"apgar5","Endometriosis (Rahmioglu)","Nk0xbD","apgar5",86705,"rs10122243","-0.052",0.068,"0.446","Apgar score at 5 min"
"apgar5","Endometriosis (Rahmioglu)","Nk0xbD","apgar5",86705,"rs17053711","-0.044",0.094,"0.642","Apgar score at 5 min"
"apgar5","Endometriosis (Rahmioglu)","Nk0xbD","apgar5",86705,"rs1903068","-0.057",0.053,"0.283","Apgar score at 5 min"
"apgar5","Endometriosis (Rahmioglu)","Nk0xbD","apgar5",86705,"rs1430787","-0.037",0.099,"0.71","Apgar score at 5 min"
"apgar5","Endometriosis (Rahmioglu)","Nk0xbD","apgar5",86705,"rs1451383","0.168",0.081,"0.039","Apgar score at 5 min"
"apgar5","Endometriosis (Rahmioglu)","Nk0xbD","apgar5",86705,"rs2421985","0.103",0.073,"0.158","Apgar score at 5 min"
"apgar5","Endometriosis (Rahmioglu)","Nk0xbD","apgar5",86705,"rs2510770","-0.134",0.098,"0.17","Apgar score at 5 min"
"apgar5","Endometriosis (Rahmioglu)","Nk0xbD","apgar5",86705,"rs2036754","-0.114",0.099,"0.25","Apgar score at 5 min"
"apgar5","Endometriosis (Rahmioglu)","Nk0xbD","apgar5",86705,"rs2226158","-0.007",0.087,"0.939","Apgar score at 5 min"
"apgar5","Endometriosis (Rahmioglu)","Nk0xbD","apgar5",86705,"rs12441483","-0.073",0.074,"0.33","Apgar score at 5 min"
"apgar5","Endometriosis (Rahmioglu)","Nk0xbD","apgar5",86705,"rs12549438","-0.152",0.09,"0.092","Apgar score at 5 min"
"apgar5","Endometriosis (Rahmioglu)","Nk0xbD","apgar5",86705,"rs1352889","-0.295",0.1,"0.003","Apgar score at 5 min"
"apgar5","Endometriosis (Rahmioglu)","Nk0xbD","apgar5",86705,"rs56090796","0.022",0.091,"0.807","Apgar score at 5 min"
"apgar5","Endometriosis (Rahmioglu)","Nk0xbD","apgar5",86705,"rs57281976","0.04",0.089,"0.649","Apgar score at 5 min"
"apgar5","Endometriosis (Rahmioglu)","Nk0xbD","apgar5",86705,"rs6435157","-0.055",0.098,"0.579","Apgar score at 5 min"
"apgar5","Endometriosis (Rahmioglu)","Nk0xbD","apgar5",86705,"rs6456259","-0.061",0.067,"0.364","Apgar score at 5 min"
"apgar5","Endometriosis (Rahmioglu)","Nk0xbD","apgar5",86705,"rs66683298","-0.105",0.088,"0.23","Apgar score at 5 min"
"apgar5","Endometriosis (Rahmioglu)","Nk0xbD","apgar5",86705,"rs71575922","-0.05",0.047,"0.291","Apgar score at 5 min"
"apgar5","Endometriosis (Rahmioglu)","Nk0xbD","apgar5",86705,"rs7214750","0.056",0.086,"0.514","Apgar score at 5 min"
"apgar5","Endometriosis (Rahmioglu)","Nk0xbD","apgar5",86705,"rs7334326","-0.011",0.099,"0.915","Apgar score at 5 min"
"apgar5","Endometriosis (Rahmioglu)","Nk0xbD","apgar5",86705,"rs2946160","-0.105",0.098,"0.285","Apgar score at 5 min"
"apgar5","Endometriosis (Rahmioglu)","Nk0xbD","apgar5",86705,"rs3803042","0.132",0.094,"0.158","Apgar score at 5 min"
"apgar5","Endometriosis (Rahmioglu)","Nk0xbD","apgar5",86705,"rs4540228","-0.05",0.083,"0.552","Apgar score at 5 min"
"apgar5","Endometriosis (Rahmioglu)","Nk0xbD","apgar5",86705,"rs507666","0.032",0.1,"0.749","Apgar score at 5 min"
"apgar5","Endometriosis (Rahmioglu)","Nk0xbD","apgar5",86705,"rs55909142","0.072",0.097,"0.453","Apgar score at 5 min"
"apgar5","Endometriosis (Rahmioglu)","Nk0xbD","apgar5",86705,"rs11674184","0.119",0.051,"0.02","Apgar score at 5 min"
"apgar5","Endometriosis (Rahmioglu)","Nk0xbD","apgar5",86705,"rs11756073","-0.096",0.103,"0.352","Apgar score at 5 min"
"apgar5","Endometriosis (Rahmioglu)","Nk0xbD","apgar5",86705,"rs12030576","-0.033",0.075,"0.661","Apgar score at 5 min"
"apgar5","Endometriosis (Rahmioglu)","Nk0xbD","apgar5",86705,"All - Inverse variance weighted","-0.014",0.016,"0.362","Apgar score at 5 min"
"apgar5","Endometriosis (Rahmioglu)","Nk0xbD","apgar5",86705,"All - MR Egger","-0.046",0.052,"0.388","Apgar score at 5 min"
"apgar5","Endometriosis (Rahmioglu)","Nk0xbD","apgar5",86705,"rs7907732","0.232",0.085,"0.007","Apgar score at 5 min"
"apgar5","Endometriosis (Rahmioglu)","Nk0xbD","apgar5",86705,"rs7924571","-0.079",0.085,"0.351","Apgar score at 5 min"
"bf_dur_4c","Endometriosis (Rahmioglu)","Nk0xbD","bf_dur_4c",82375,"rs10860864","0.027",0.105,"0.799","Breastfeeding ≥4 months"
"bf_dur_4c","Endometriosis (Rahmioglu)","Nk0xbD","bf_dur_4c",82375,"rs10122243","0.062",0.075,"0.409","Breastfeeding ≥4 months"
"bf_dur_4c","Endometriosis (Rahmioglu)","Nk0xbD","bf_dur_4c",82375,"rs11756073","0e+00",0.114,"1","Breastfeeding ≥4 months"
"bf_dur_4c","Endometriosis (Rahmioglu)","Nk0xbD","bf_dur_4c",82375,"rs10917151","0.071",0.045,"0.117","Breastfeeding ≥4 months"
"bf_dur_4c","Endometriosis (Rahmioglu)","Nk0xbD","bf_dur_4c",82375,"rs10983311","0.072",0.117,"0.536","Breastfeeding ≥4 months"
"bf_dur_4c","Endometriosis (Rahmioglu)","Nk0xbD","bf_dur_4c",82375,"rs11674184","0.019",0.06,"0.75","Breastfeeding ≥4 months"
"bf_dur_4c","Endometriosis (Rahmioglu)","Nk0xbD","bf_dur_4c",82375,"rs1903068","-0.091",0.063,"0.147","Breastfeeding ≥4 months"
"bf_dur_4c","Endometriosis (Rahmioglu)","Nk0xbD","bf_dur_4c",82375,"rs12030576","-0.115",0.09,"0.199","Breastfeeding ≥4 months"
"bf_dur_4c","Endometriosis (Rahmioglu)","Nk0xbD","bf_dur_4c",82375,"rs12441483","0.103",0.088,"0.24","Breastfeeding ≥4 months"
"bf_dur_4c","Endometriosis (Rahmioglu)","Nk0xbD","bf_dur_4c",82375,"rs2421985","0.092",0.086,"0.287","Breastfeeding ≥4 months"
"bf_dur_4c","Endometriosis (Rahmioglu)","Nk0xbD","bf_dur_4c",82375,"rs2510770","-0.157",0.114,"0.168","Breastfeeding ≥4 months"
"bf_dur_4c","Endometriosis (Rahmioglu)","Nk0xbD","bf_dur_4c",82375,"rs2036754","-0.099",0.116,"0.391","Breastfeeding ≥4 months"
"bf_dur_4c","Endometriosis (Rahmioglu)","Nk0xbD","bf_dur_4c",82375,"rs2226158","-0.025",0.103,"0.811","Breastfeeding ≥4 months"
"bf_dur_4c","Endometriosis (Rahmioglu)","Nk0xbD","bf_dur_4c",82375,"rs4540228","0.02",0.099,"0.841","Breastfeeding ≥4 months"
"bf_dur_4c","Endometriosis (Rahmioglu)","Nk0xbD","bf_dur_4c",82375,"rs507666","0.118",0.11,"0.283","Breastfeeding ≥4 months"
"bf_dur_4c","Endometriosis (Rahmioglu)","Nk0xbD","bf_dur_4c",82375,"rs2946160","-0.027",0.116,"0.817","Breastfeeding ≥4 months"
"bf_dur_4c","Endometriosis (Rahmioglu)","Nk0xbD","bf_dur_4c",82375,"rs3803042","0.175",0.11,"0.113","Breastfeeding ≥4 months"
"bf_dur_4c","Endometriosis (Rahmioglu)","Nk0xbD","bf_dur_4c",82375,"rs1451383","0.047",0.098,"0.63","Breastfeeding ≥4 months"
"bf_dur_4c","Endometriosis (Rahmioglu)","Nk0xbD","bf_dur_4c",82375,"rs17053711","0.087",0.109,"0.424","Breastfeeding ≥4 months"
"bf_dur_4c","Endometriosis (Rahmioglu)","Nk0xbD","bf_dur_4c",82375,"rs6456259","-0.151",0.078,"0.053","Breastfeeding ≥4 months"
"bf_dur_4c","Endometriosis (Rahmioglu)","Nk0xbD","bf_dur_4c",82375,"rs66683298","-0.022",0.103,"0.832","Breastfeeding ≥4 months"
"bf_dur_4c","Endometriosis (Rahmioglu)","Nk0xbD","bf_dur_4c",82375,"rs71575922","-0.003",0.054,"0.961","Breastfeeding ≥4 months"
"bf_dur_4c","Endometriosis (Rahmioglu)","Nk0xbD","bf_dur_4c",82375,"rs7214750","0.071",0.099,"0.471","Breastfeeding ≥4 months"
"bf_dur_4c","Endometriosis (Rahmioglu)","Nk0xbD","bf_dur_4c",82375,"rs7334326","-0.233",0.121,"0.054","Breastfeeding ≥4 months"
"bf_dur_4c","Endometriosis (Rahmioglu)","Nk0xbD","bf_dur_4c",82375,"rs7907732","-0.092",0.101,"0.361","Breastfeeding ≥4 months"
"bf_dur_4c","Endometriosis (Rahmioglu)","Nk0xbD","bf_dur_4c",82375,"rs7924571","-0.067",0.1,"0.501","Breastfeeding ≥4 months"
"bf_dur_4c","Endometriosis (Rahmioglu)","Nk0xbD","bf_dur_4c",82375,"All - Inverse variance weighted","-0.014",0.018,"0.46","Breastfeeding ≥4 months"
"bf_dur_4c","Endometriosis (Rahmioglu)","Nk0xbD","bf_dur_4c",82375,"All - MR Egger","0.028",0.061,"0.652","Breastfeeding ≥4 months"
"bf_dur_4c","Endometriosis (Rahmioglu)","Nk0xbD","bf_dur_4c",82375,"rs55909142","0.099",0.114,"0.383","Breastfeeding ≥4 months"
"bf_dur_4c","Endometriosis (Rahmioglu)","Nk0xbD","bf_dur_4c",82375,"rs56090796","-0.245",0.107,"0.022","Breastfeeding ≥4 months"
"bf_dur_4c","Endometriosis (Rahmioglu)","Nk0xbD","bf_dur_4c",82375,"rs57281976","0.099",0.105,"0.346","Breastfeeding ≥4 months"
"bf_dur_4c","Endometriosis (Rahmioglu)","Nk0xbD","bf_dur_4c",82375,"rs6435157","-0.146",0.114,"0.198","Breastfeeding ≥4 months"
"bf_dur_4c","Endometriosis (Rahmioglu)","Nk0xbD","bf_dur_4c",82375,"rs10090060","-0.153",0.082,"0.062","Breastfeeding ≥4 months"
"bf_dur_4c","Endometriosis (Rahmioglu)","Nk0xbD","bf_dur_4c",82375,"rs12549438","-0.184",0.107,"0.086","Breastfeeding ≥4 months"
"bf_dur_4c","Endometriosis (Rahmioglu)","Nk0xbD","bf_dur_4c",82375,"rs1352889","-0.292",0.115,"0.012","Breastfeeding ≥4 months"
"bf_dur_4c","Endometriosis (Rahmioglu)","Nk0xbD","bf_dur_4c",82375,"rs1430787","0.119",0.115,"0.298","Breastfeeding ≥4 months"
"bf_est","Endometriosis (Rahmioglu)","Nk0xbD","bf_est",81300,"rs12441483","0.191",0.233,"0.412","Exclusive breastfeeding"
"bf_est","Endometriosis (Rahmioglu)","Nk0xbD","bf_est",81300,"rs11674184","0.01",0.161,"0.949","Exclusive breastfeeding"
"bf_est","Endometriosis (Rahmioglu)","Nk0xbD","bf_est",81300,"rs11756073","0.005",0.305,"0.986","Exclusive breastfeeding"
"bf_est","Endometriosis (Rahmioglu)","Nk0xbD","bf_est",81300,"rs12030576","-0.176",0.236,"0.457","Exclusive breastfeeding"
"bf_est","Endometriosis (Rahmioglu)","Nk0xbD","bf_est",81300,"rs1451383","0.215",0.259,"0.405","Exclusive breastfeeding"
"bf_est","Endometriosis (Rahmioglu)","Nk0xbD","bf_est",81300,"rs12549438","-0.285",0.281,"0.311","Exclusive breastfeeding"
"bf_est","Endometriosis (Rahmioglu)","Nk0xbD","bf_est",81300,"rs1352889","-0.597",0.307,"0.052","Exclusive breastfeeding"
"bf_est","Endometriosis (Rahmioglu)","Nk0xbD","bf_est",81300,"rs1430787","0.349",0.305,"0.253","Exclusive breastfeeding"
"bf_est","Endometriosis (Rahmioglu)","Nk0xbD","bf_est",81300,"rs2421985","0.15",0.227,"0.509","Exclusive breastfeeding"
"bf_est","Endometriosis (Rahmioglu)","Nk0xbD","bf_est",81300,"rs2510770","-0.399",0.301,"0.185","Exclusive breastfeeding"
"bf_est","Endometriosis (Rahmioglu)","Nk0xbD","bf_est",81300,"rs2946160","-0.045",0.307,"0.885","Exclusive breastfeeding"
"bf_est","Endometriosis (Rahmioglu)","Nk0xbD","bf_est",81300,"rs3803042","0.422",0.293,"0.149","Exclusive breastfeeding"
"bf_est","Endometriosis (Rahmioglu)","Nk0xbD","bf_est",81300,"rs4540228","0.406",0.261,"0.12","Exclusive breastfeeding"
"bf_est","Endometriosis (Rahmioglu)","Nk0xbD","bf_est",81300,"rs507666","0.343",0.295,"0.245","Exclusive breastfeeding"
"bf_est","Endometriosis (Rahmioglu)","Nk0xbD","bf_est",81300,"rs55909142","0.234",0.302,"0.438","Exclusive breastfeeding"
"bf_est","Endometriosis (Rahmioglu)","Nk0xbD","bf_est",81300,"rs56090796","-0.677",0.283,"0.017","Exclusive breastfeeding"
"bf_est","Endometriosis (Rahmioglu)","Nk0xbD","bf_est",81300,"rs57281976","0.284",0.278,"0.307","Exclusive breastfeeding"
"bf_est","Endometriosis (Rahmioglu)","Nk0xbD","bf_est",81300,"rs6435157","-0.328",0.303,"0.281","Exclusive breastfeeding"
"bf_est","Endometriosis (Rahmioglu)","Nk0xbD","bf_est",81300,"rs6456259","-0.165",0.209,"0.431","Exclusive breastfeeding"
"bf_est","Endometriosis (Rahmioglu)","Nk0xbD","bf_est",81300,"rs71575922","-0.064",0.143,"0.656","Exclusive breastfeeding"
"bf_est","Endometriosis (Rahmioglu)","Nk0xbD","bf_est",81300,"rs7214750","0.21",0.263,"0.425","Exclusive breastfeeding"
"bf_est","Endometriosis (Rahmioglu)","Nk0xbD","bf_est",81300,"rs7334326","-0.494",0.318,"0.12","Exclusive breastfeeding"
"bf_est","Endometriosis (Rahmioglu)","Nk0xbD","bf_est",81300,"rs7907732","-0.151",0.269,"0.575","Exclusive breastfeeding"
"bf_est","Endometriosis (Rahmioglu)","Nk0xbD","bf_est",81300,"rs7924571","-0.133",0.267,"0.62","Exclusive breastfeeding"
"bf_est","Endometriosis (Rahmioglu)","Nk0xbD","bf_est",81300,"All - Inverse variance weighted","-0.015",0.044,"0.726","Exclusive breastfeeding"
"bf_est","Endometriosis (Rahmioglu)","Nk0xbD","bf_est",81300,"All - MR Egger","0.029",0.146,"0.842","Exclusive breastfeeding"
"bf_est","Endometriosis (Rahmioglu)","Nk0xbD","bf_est",81300,"rs10860864","0.044",0.28,"0.874","Exclusive breastfeeding"
"bf_est","Endometriosis (Rahmioglu)","Nk0xbD","bf_est",81300,"rs10917151","0.156",0.12,"0.192","Exclusive breastfeeding"
"bf_est","Endometriosis (Rahmioglu)","Nk0xbD","bf_est",81300,"rs10090060","-0.289",0.219,"0.188","Exclusive breastfeeding"
"bf_est","Endometriosis (Rahmioglu)","Nk0xbD","bf_est",81300,"rs10122243","0.096",0.2,"0.631","Exclusive breastfeeding"
"bf_est","Endometriosis (Rahmioglu)","Nk0xbD","bf_est",81300,"rs1903068","-0.238",0.167,"0.155","Exclusive breastfeeding"
"bf_est","Endometriosis (Rahmioglu)","Nk0xbD","bf_est",81300,"rs2036754","-0.369",0.306,"0.228","Exclusive breastfeeding"
"bf_est","Endometriosis (Rahmioglu)","Nk0xbD","bf_est",81300,"rs10983311","0.057",0.309,"0.852","Exclusive breastfeeding"
"bf_est","Endometriosis (Rahmioglu)","Nk0xbD","bf_est",81300,"rs17053711","0.305",0.288,"0.289","Exclusive breastfeeding"
"bf_est","Endometriosis (Rahmioglu)","Nk0xbD","bf_est",81300,"rs2226158","-0.09",0.274,"0.743","Exclusive breastfeeding"
"bf_ini","Endometriosis (Rahmioglu)","Nk0xbD","bf_ini",84710,"rs10090060","-0.365",0.234,"0.118","Breastfeeding initiation"
"bf_ini","Endometriosis (Rahmioglu)","Nk0xbD","bf_ini",84710,"rs10122243","0.134",0.217,"0.538","Breastfeeding initiation"
"bf_ini","Endometriosis (Rahmioglu)","Nk0xbD","bf_ini",84710,"rs10917151","0.232",0.129,"0.071","Breastfeeding initiation"
"bf_ini","Endometriosis (Rahmioglu)","Nk0xbD","bf_ini",84710,"rs10983311","0.043",0.33,"0.897","Breastfeeding initiation"
"bf_ini","Endometriosis (Rahmioglu)","Nk0xbD","bf_ini",84710,"rs11674184","0.009",0.171,"0.958","Breastfeeding initiation"
"bf_ini","Endometriosis (Rahmioglu)","Nk0xbD","bf_ini",84710,"rs10860864","0.213",0.298,"0.475","Breastfeeding initiation"
"bf_ini","Endometriosis (Rahmioglu)","Nk0xbD","bf_ini",84710,"rs1352889","-0.634",0.327,"0.052","Breastfeeding initiation"
"bf_ini","Endometriosis (Rahmioglu)","Nk0xbD","bf_ini",84710,"rs1430787","0.378",0.328,"0.249","Breastfeeding initiation"
"bf_ini","Endometriosis (Rahmioglu)","Nk0xbD","bf_ini",84710,"rs1451383","0.197",0.275,"0.473","Breastfeeding initiation"
"bf_ini","Endometriosis (Rahmioglu)","Nk0xbD","bf_ini",84710,"rs17053711","0.364",0.309,"0.24","Breastfeeding initiation"
"bf_ini","Endometriosis (Rahmioglu)","Nk0xbD","bf_ini",84710,"rs1903068","-0.418",0.179,"0.019","Breastfeeding initiation"
"bf_ini","Endometriosis (Rahmioglu)","Nk0xbD","bf_ini",84710,"rs2036754","-0.228",0.329,"0.488","Breastfeeding initiation"
"bf_ini","Endometriosis (Rahmioglu)","Nk0xbD","bf_ini",84710,"rs2226158","0.04",0.291,"0.89","Breastfeeding initiation"
"bf_ini","Endometriosis (Rahmioglu)","Nk0xbD","bf_ini",84710,"rs2421985","0.398",0.242,"0.1","Breastfeeding initiation"
"bf_ini","Endometriosis (Rahmioglu)","Nk0xbD","bf_ini",84710,"rs4540228","-0.036",0.277,"0.898","Breastfeeding initiation"
"bf_ini","Endometriosis (Rahmioglu)","Nk0xbD","bf_ini",84710,"rs507666","0.46",0.319,"0.15","Breastfeeding initiation"
"bf_ini","Endometriosis (Rahmioglu)","Nk0xbD","bf_ini",84710,"rs55909142","0.111",0.324,"0.731","Breastfeeding initiation"
"bf_ini","Endometriosis (Rahmioglu)","Nk0xbD","bf_ini",84710,"rs56090796","-0.579",0.303,"0.056","Breastfeeding initiation"
"bf_ini","Endometriosis (Rahmioglu)","Nk0xbD","bf_ini",84710,"rs57281976","0.169",0.298,"0.57","Breastfeeding initiation"
"bf_ini","Endometriosis (Rahmioglu)","Nk0xbD","bf_ini",84710,"rs6435157","-0.271",0.325,"0.405","Breastfeeding initiation"
"bf_ini","Endometriosis (Rahmioglu)","Nk0xbD","bf_ini",84710,"rs6456259","-0.305",0.223,"0.172","Breastfeeding initiation"
"bf_ini","Endometriosis (Rahmioglu)","Nk0xbD","bf_ini",84710,"rs71575922","-0.028",0.153,"0.856","Breastfeeding initiation"
"bf_ini","Endometriosis (Rahmioglu)","Nk0xbD","bf_ini",84710,"rs7214750","-0.084",0.283,"0.767","Breastfeeding initiation"
"bf_ini","Endometriosis (Rahmioglu)","Nk0xbD","bf_ini",84710,"rs7334326","-0.242",0.339,"0.476","Breastfeeding initiation"
"bf_ini","Endometriosis (Rahmioglu)","Nk0xbD","bf_ini",84710,"rs7907732","0.105",0.287,"0.714","Breastfeeding initiation"
"bf_ini","Endometriosis (Rahmioglu)","Nk0xbD","bf_ini",84710,"rs7924571","-0.204",0.287,"0.477","Breastfeeding initiation"
"bf_ini","Endometriosis (Rahmioglu)","Nk0xbD","bf_ini",84710,"All - Inverse variance weighted","-0.019",0.05,"0.709","Breastfeeding initiation"
"bf_ini","Endometriosis (Rahmioglu)","Nk0xbD","bf_ini",84710,"All - MR Egger","0.038",0.165,"0.819","Breastfeeding initiation"
"bf_ini","Endometriosis (Rahmioglu)","Nk0xbD","bf_ini",84710,"rs12441483","0.408",0.248,"0.1","Breastfeeding initiation"
"bf_ini","Endometriosis (Rahmioglu)","Nk0xbD","bf_ini",84710,"rs12549438","-0.567",0.3,"0.058","Breastfeeding initiation"
"bf_ini","Endometriosis (Rahmioglu)","Nk0xbD","bf_ini",84710,"rs2510770","-0.444",0.321,"0.167","Breastfeeding initiation"
"bf_ini","Endometriosis (Rahmioglu)","Nk0xbD","bf_ini",84710,"rs11756073","0.18",0.328,"0.584","Breastfeeding initiation"
"bf_ini","Endometriosis (Rahmioglu)","Nk0xbD","bf_ini",84710,"rs12030576","-0.234",0.253,"0.354","Breastfeeding initiation"
"bf_ini","Endometriosis (Rahmioglu)","Nk0xbD","bf_ini",84710,"rs3803042","-0.017",0.314,"0.957","Breastfeeding initiation"
"bf_ini","Endometriosis (Rahmioglu)","Nk0xbD","bf_ini",84710,"rs2946160","0.069",0.327,"0.833","Breastfeeding initiation"
"bf_sus","Endometriosis (Rahmioglu)","Nk0xbD","bf_sus",65221,"rs10860864","-0.234",0.307,"0.445","Breastfeeding cessation"
"bf_sus","Endometriosis (Rahmioglu)","Nk0xbD","bf_sus",65221,"rs10917151","-0.005",0.13,"0.968","Breastfeeding cessation"
"bf_sus","Endometriosis (Rahmioglu)","Nk0xbD","bf_sus",65221,"rs11674184","0.175",0.175,"0.317","Breastfeeding cessation"
"bf_sus","Endometriosis (Rahmioglu)","Nk0xbD","bf_sus",65221,"rs11756073","-0.016",0.332,"0.961","Breastfeeding cessation"
"bf_sus","Endometriosis (Rahmioglu)","Nk0xbD","bf_sus",65221,"rs12030576","-0.275",0.258,"0.287","Breastfeeding cessation"
"bf_sus","Endometriosis (Rahmioglu)","Nk0xbD","bf_sus",65221,"rs10983311","0.728",0.336,"0.03","Breastfeeding cessation"
"bf_sus","Endometriosis (Rahmioglu)","Nk0xbD","bf_sus",65221,"rs12549438","0e+00",0.307,"1","Breastfeeding cessation"
"bf_sus","Endometriosis (Rahmioglu)","Nk0xbD","bf_sus",65221,"rs10122243","0.119",0.218,"0.586","Breastfeeding cessation"
"bf_sus","Endometriosis (Rahmioglu)","Nk0xbD","bf_sus",65221,"rs2036754","-0.04",0.336,"0.906","Breastfeeding cessation"
"bf_sus","Endometriosis (Rahmioglu)","Nk0xbD","bf_sus",65221,"rs12441483","0.09",0.254,"0.724","Breastfeeding cessation"
"bf_sus","Endometriosis (Rahmioglu)","Nk0xbD","bf_sus",65221,"rs10090060","-0.207",0.239,"0.387","Breastfeeding cessation"
"bf_sus","Endometriosis (Rahmioglu)","Nk0xbD","bf_sus",65221,"rs2946160","-0.053",0.336,"0.874","Breastfeeding cessation"
"bf_sus","Endometriosis (Rahmioglu)","Nk0xbD","bf_sus",65221,"rs3803042","0.59",0.321,"0.066","Breastfeeding cessation"
"bf_sus","Endometriosis (Rahmioglu)","Nk0xbD","bf_sus",65221,"rs2226158","-0.303",0.296,"0.306","Breastfeeding cessation"
"bf_sus","Endometriosis (Rahmioglu)","Nk0xbD","bf_sus",65221,"rs2421985","0.122",0.248,"0.622","Breastfeeding cessation"
"bf_sus","Endometriosis (Rahmioglu)","Nk0xbD","bf_sus",65221,"rs55909142","0.029",0.329,"0.93","Breastfeeding cessation"
"bf_sus","Endometriosis (Rahmioglu)","Nk0xbD","bf_sus",65221,"rs1352889","-0.509",0.335,"0.128","Breastfeeding cessation"
"bf_sus","Endometriosis (Rahmioglu)","Nk0xbD","bf_sus",65221,"rs4540228","-0.147",0.285,"0.607","Breastfeeding cessation"
"bf_sus","Endometriosis (Rahmioglu)","Nk0xbD","bf_sus",65221,"rs507666","-0.209",0.321,"0.516","Breastfeeding cessation"
"bf_sus","Endometriosis (Rahmioglu)","Nk0xbD","bf_sus",65221,"rs6456259","-0.138",0.228,"0.546","Breastfeeding cessation"
"bf_sus","Endometriosis (Rahmioglu)","Nk0xbD","bf_sus",65221,"rs66683298","0.033",0.298,"0.912","Breastfeeding cessation"
"bf_sus","Endometriosis (Rahmioglu)","Nk0xbD","bf_sus",65221,"rs71575922","-0.128",0.156,"0.412","Breastfeeding cessation"
"bf_sus","Endometriosis (Rahmioglu)","Nk0xbD","bf_sus",65221,"rs7214750","0.166",0.288,"0.565","Breastfeeding cessation"
"bf_sus","Endometriosis (Rahmioglu)","Nk0xbD","bf_sus",65221,"rs7334326","-0.512",0.346,"0.14","Breastfeeding cessation"
"bf_sus","Endometriosis (Rahmioglu)","Nk0xbD","bf_sus",65221,"rs7907732","-0.453",0.293,"0.122","Breastfeeding cessation"
"bf_sus","Endometriosis (Rahmioglu)","Nk0xbD","bf_sus",65221,"rs7924571","-0.071",0.292,"0.808","Breastfeeding cessation"
"bf_sus","Endometriosis (Rahmioglu)","Nk0xbD","bf_sus",65221,"All - Inverse variance weighted","-0.021",0.045,"0.632","Breastfeeding cessation"
"bf_sus","Endometriosis (Rahmioglu)","Nk0xbD","bf_sus",65221,"All - MR Egger","0.024",0.146,"0.87","Breastfeeding cessation"
"bf_sus","Endometriosis (Rahmioglu)","Nk0xbD","bf_sus",65221,"rs1451383","-0.054",0.282,"0.848","Breastfeeding cessation"
"bf_sus","Endometriosis (Rahmioglu)","Nk0xbD","bf_sus",65221,"rs17053711","0.161",0.316,"0.61","Breastfeeding cessation"
"bf_sus","Endometriosis (Rahmioglu)","Nk0xbD","bf_sus",65221,"rs56090796","-0.345",0.31,"0.265","Breastfeeding cessation"
"bf_sus","Endometriosis (Rahmioglu)","Nk0xbD","bf_sus",65221,"rs1430787","-0.028",0.333,"0.934","Breastfeeding cessation"
"bf_sus","Endometriosis (Rahmioglu)","Nk0xbD","bf_sus",65221,"rs57281976","0.363",0.304,"0.233","Breastfeeding cessation"
"bf_sus","Endometriosis (Rahmioglu)","Nk0xbD","bf_sus",65221,"rs6435157","-0.33",0.33,"0.317","Breastfeeding cessation"
"bf_sus","Endometriosis (Rahmioglu)","Nk0xbD","bf_sus",65221,"rs1903068","0.215",0.181,"0.236","Breastfeeding cessation"
"cs","Endometriosis (Rahmioglu)","Nk0xbD","cs",234011,"rs12441483","0.29",0.172,"0.091","Caesarean section (all)"
"cs","Endometriosis (Rahmioglu)","Nk0xbD","cs",234011,"rs10090060","-0.658",0.162,"5.01e-05","Caesarean section (all)"
"cs","Endometriosis (Rahmioglu)","Nk0xbD","cs",234011,"rs10122243","0.137",0.151,"0.366","Caesarean section (all)"
"cs","Endometriosis (Rahmioglu)","Nk0xbD","cs",234011,"rs1430787","0.466",0.225,"0.038","Caesarean section (all)"
"cs","Endometriosis (Rahmioglu)","Nk0xbD","cs",234011,"rs1451383","-0.731",0.183,"6.33e-05","Caesarean section (all)"
"cs","Endometriosis (Rahmioglu)","Nk0xbD","cs",234011,"rs12549438","-0.251",0.21,"0.232","Caesarean section (all)"
"cs","Endometriosis (Rahmioglu)","Nk0xbD","cs",234011,"rs1352889","0.149",0.254,"0.559","Caesarean section (all)"
"cs","Endometriosis (Rahmioglu)","Nk0xbD","cs",234011,"rs2036754","0.548",0.237,"0.021","Caesarean section (all)"
"cs","Endometriosis (Rahmioglu)","Nk0xbD","cs",234011,"rs10860864","0.583",0.204,"0.004","Caesarean section (all)"
"cs","Endometriosis (Rahmioglu)","Nk0xbD","cs",234011,"rs17053711","0.098",0.214,"0.646","Caesarean section (all)"
"cs","Endometriosis (Rahmioglu)","Nk0xbD","cs",234011,"rs1903068","0.154",0.127,"0.225","Caesarean section (all)"
"cs","Endometriosis (Rahmioglu)","Nk0xbD","cs",234011,"rs11756073","-0.229",0.269,"0.395","Caesarean section (all)"
"cs","Endometriosis (Rahmioglu)","Nk0xbD","cs",234011,"rs12030576","-0.042",0.176,"0.811","Caesarean section (all)"
"cs","Endometriosis (Rahmioglu)","Nk0xbD","cs",234011,"rs4540228","-0.127",0.194,"0.514","Caesarean section (all)"
"cs","Endometriosis (Rahmioglu)","Nk0xbD","cs",234011,"rs55909142","-0.056",0.229,"0.809","Caesarean section (all)"
"cs","Endometriosis (Rahmioglu)","Nk0xbD","cs",234011,"rs56090796","0.16",0.216,"0.458","Caesarean section (all)"
"cs","Endometriosis (Rahmioglu)","Nk0xbD","cs",234011,"rs57281976","-0.058",0.202,"0.772","Caesarean section (all)"
"cs","Endometriosis (Rahmioglu)","Nk0xbD","cs",234011,"rs6435157","-0.166",0.245,"0.497","Caesarean section (all)"
"cs","Endometriosis (Rahmioglu)","Nk0xbD","cs",234011,"rs6456259","-0.078",0.155,"0.614","Caesarean section (all)"
"cs","Endometriosis (Rahmioglu)","Nk0xbD","cs",234011,"rs66683298","0.158",0.202,"0.434","Caesarean section (all)"
"cs","Endometriosis (Rahmioglu)","Nk0xbD","cs",234011,"rs71575922","-0.215",0.103,"0.036","Caesarean section (all)"
"cs","Endometriosis (Rahmioglu)","Nk0xbD","cs",234011,"rs2226158","0.247",0.202,"0.222","Caesarean section (all)"
"cs","Endometriosis (Rahmioglu)","Nk0xbD","cs",234011,"rs10983311","0.623",0.221,"0.005","Caesarean section (all)"
"cs","Endometriosis (Rahmioglu)","Nk0xbD","cs",234011,"rs11674184","0.019",0.119,"0.872","Caesarean section (all)"
"cs","Endometriosis (Rahmioglu)","Nk0xbD","cs",234011,"All - Inverse variance weighted","0.01",0.056,"0.859","Caesarean section (all)"
"cs","Endometriosis (Rahmioglu)","Nk0xbD","cs",234011,"All - MR Egger","-0.288",0.217,"0.195","Caesarean section (all)"
"cs","Endometriosis (Rahmioglu)","Nk0xbD","cs",234011,"rs3803042","0.074",0.218,"0.733","Caesarean section (all)"
"cs","Endometriosis (Rahmioglu)","Nk0xbD","cs",234011,"rs7214750","0.073",0.187,"0.697","Caesarean section (all)"
"cs","Endometriosis (Rahmioglu)","Nk0xbD","cs",234011,"rs2421985","-0.021",0.169,"0.903","Caesarean section (all)"
"cs","Endometriosis (Rahmioglu)","Nk0xbD","cs",234011,"rs2510770","0.187",0.278,"0.502","Caesarean section (all)"
"cs","Endometriosis (Rahmioglu)","Nk0xbD","cs",234011,"rs2946160","0.837",0.238,"4.41e-04","Caesarean section (all)"
"cs","Endometriosis (Rahmioglu)","Nk0xbD","cs",234011,"rs7924571","-0.367",0.192,"0.056","Caesarean section (all)"
"cs","Endometriosis (Rahmioglu)","Nk0xbD","cs",234011,"rs7334326","-0.153",0.227,"0.502","Caesarean section (all)"
"cs","Endometriosis (Rahmioglu)","Nk0xbD","cs",234011,"rs7907732","0.053",0.199,"0.792","Caesarean section (all)"
"depr_subsamp","Endometriosis (Rahmioglu)","Nk0xbD","depr_subsamp",97760,"rs10860864","0.117",0.268,"0.662","Postpartum depression (subsample)"
"depr_subsamp","Endometriosis (Rahmioglu)","Nk0xbD","depr_subsamp",97760,"rs10122243","-0.057",0.2,"0.776","Postpartum depression (subsample)"
"depr_subsamp","Endometriosis (Rahmioglu)","Nk0xbD","depr_subsamp",97760,"rs11756073","-0.505",0.301,"0.094","Postpartum depression (subsample)"
"depr_subsamp","Endometriosis (Rahmioglu)","Nk0xbD","depr_subsamp",97760,"rs10917151","-0.015",0.118,"0.898","Postpartum depression (subsample)"
"depr_subsamp","Endometriosis (Rahmioglu)","Nk0xbD","depr_subsamp",97760,"rs10983311","-0.396",0.296,"0.181","Postpartum depression (subsample)"
"depr_subsamp","Endometriosis (Rahmioglu)","Nk0xbD","depr_subsamp",97760,"rs11674184","0.026",0.188,"0.892","Postpartum depression (subsample)"
"depr_subsamp","Endometriosis (Rahmioglu)","Nk0xbD","depr_subsamp",97760,"rs1903068","0.135",0.162,"0.405","Postpartum depression (subsample)"
"depr_subsamp","Endometriosis (Rahmioglu)","Nk0xbD","depr_subsamp",97760,"rs12030576","0.342",0.233,"0.141","Postpartum depression (subsample)"
"depr_subsamp","Endometriosis (Rahmioglu)","Nk0xbD","depr_subsamp",97760,"rs12441483","-0.013",0.229,"0.953","Postpartum depression (subsample)"
"depr_subsamp","Endometriosis (Rahmioglu)","Nk0xbD","depr_subsamp",97760,"rs10090060","0.064",0.258,"0.804","Postpartum depression (subsample)"
"depr_subsamp","Endometriosis (Rahmioglu)","Nk0xbD","depr_subsamp",97760,"rs2510770","-0.057",0.287,"0.843","Postpartum depression (subsample)"
"depr_subsamp","Endometriosis (Rahmioglu)","Nk0xbD","depr_subsamp",97760,"rs2036754","-0.255",0.303,"0.4","Postpartum depression (subsample)"
"depr_subsamp","Endometriosis (Rahmioglu)","Nk0xbD","depr_subsamp",97760,"rs2226158","0.02",0.267,"0.94","Postpartum depression (subsample)"
"depr_subsamp","Endometriosis (Rahmioglu)","Nk0xbD","depr_subsamp",97760,"rs2421985","0.167",0.222,"0.451","Postpartum depression (subsample)"
"depr_subsamp","Endometriosis (Rahmioglu)","Nk0xbD","depr_subsamp",97760,"rs12549438","0.135",0.27,"0.617","Postpartum depression (subsample)"
"depr_subsamp","Endometriosis (Rahmioglu)","Nk0xbD","depr_subsamp",97760,"rs2946160","-0.178",0.301,"0.553","Postpartum depression (subsample)"
"depr_subsamp","Endometriosis (Rahmioglu)","Nk0xbD","depr_subsamp",97760,"rs3803042","0.153",0.293,"0.6","Postpartum depression (subsample)"
"depr_subsamp","Endometriosis (Rahmioglu)","Nk0xbD","depr_subsamp",97760,"rs4540228","-0.083",0.25,"0.739","Postpartum depression (subsample)"
"depr_subsamp","Endometriosis (Rahmioglu)","Nk0xbD","depr_subsamp",97760,"rs17053711","-0.338",0.294,"0.251","Postpartum depression (subsample)"
"depr_subsamp","Endometriosis (Rahmioglu)","Nk0xbD","depr_subsamp",97760,"rs66683298","-0.031",0.261,"0.906","Postpartum depression (subsample)"
"depr_subsamp","Endometriosis (Rahmioglu)","Nk0xbD","depr_subsamp",97760,"rs71575922","-0.221",0.146,"0.13","Postpartum depression (subsample)"
"depr_subsamp","Endometriosis (Rahmioglu)","Nk0xbD","depr_subsamp",97760,"rs7214750","-0.362",0.268,"0.178","Postpartum depression (subsample)"
"depr_subsamp","Endometriosis (Rahmioglu)","Nk0xbD","depr_subsamp",97760,"rs7334326","0.6",0.298,"0.044","Postpartum depression (subsample)"
"depr_subsamp","Endometriosis (Rahmioglu)","Nk0xbD","depr_subsamp",97760,"rs7907732","0.247",0.258,"0.338","Postpartum depression (subsample)"
"depr_subsamp","Endometriosis (Rahmioglu)","Nk0xbD","depr_subsamp",97760,"rs7924571","-0.088",0.265,"0.739","Postpartum depression (subsample)"
"depr_subsamp","Endometriosis (Rahmioglu)","Nk0xbD","depr_subsamp",97760,"All - Inverse variance weighted","0.026",0.041,"0.524","Postpartum depression (subsample)"
"depr_subsamp","Endometriosis (Rahmioglu)","Nk0xbD","depr_subsamp",97760,"All - MR Egger","-0.079",0.134,"0.558","Postpartum depression (subsample)"
"depr_subsamp","Endometriosis (Rahmioglu)","Nk0xbD","depr_subsamp",97760,"rs507666","-0.052",0.317,"0.869","Postpartum depression (subsample)"
"depr_subsamp","Endometriosis (Rahmioglu)","Nk0xbD","depr_subsamp",97760,"rs1352889","0.38",0.307,"0.217","Postpartum depression (subsample)"
"depr_subsamp","Endometriosis (Rahmioglu)","Nk0xbD","depr_subsamp",97760,"rs1430787","0.417",0.296,"0.158","Postpartum depression (subsample)"
"depr_subsamp","Endometriosis (Rahmioglu)","Nk0xbD","depr_subsamp",97760,"rs1451383","-0.208",0.242,"0.391","Postpartum depression (subsample)"
"depr_subsamp","Endometriosis (Rahmioglu)","Nk0xbD","depr_subsamp",97760,"rs56090796","0.053",0.281,"0.849","Postpartum depression (subsample)"
"depr_subsamp","Endometriosis (Rahmioglu)","Nk0xbD","depr_subsamp",97760,"rs57281976","0.01",0.28,"0.971","Postpartum depression (subsample)"
"depr_subsamp","Endometriosis (Rahmioglu)","Nk0xbD","depr_subsamp",97760,"rs6435157","0.151",0.317,"0.634","Postpartum depression (subsample)"
"depr_subsamp","Endometriosis (Rahmioglu)","Nk0xbD","depr_subsamp",97760,"rs6456259","0.563",0.204,"0.006","Postpartum depression (subsample)"
"depr_subsamp","Endometriosis (Rahmioglu)","Nk0xbD","depr_subsamp",97760,"rs55909142","0.295",0.295,"0.317","Postpartum depression (subsample)"
"Early_bleeding_ending_in_live_birth","Endometriosis (Rahmioglu)","Nk0xbD","Early_bleeding_ending_in_live_birth",NA,"rs10828249","0.278",0.378,"0.462","Early_bleeding_ending_in_live_birth"
"Early_bleeding_ending_in_live_birth","Endometriosis (Rahmioglu)","Nk0xbD","Early_bleeding_ending_in_live_birth",NA,"rs10860864","0.207",0.428,"0.628","Early_bleeding_ending_in_live_birth"
"Early_bleeding_ending_in_live_birth","Endometriosis (Rahmioglu)","Nk0xbD","Early_bleeding_ending_in_live_birth",NA,"rs10917151","-0.028",0.188,"0.882","Early_bleeding_ending_in_live_birth"
"Early_bleeding_ending_in_live_birth","Endometriosis (Rahmioglu)","Nk0xbD","Early_bleeding_ending_in_live_birth",NA,"rs10983311","0.545",0.479,"0.255","Early_bleeding_ending_in_live_birth"
"Early_bleeding_ending_in_live_birth","Endometriosis (Rahmioglu)","Nk0xbD","Early_bleeding_ending_in_live_birth",NA,"rs11674184","0.374",0.251,"0.137","Early_bleeding_ending_in_live_birth"
"Early_bleeding_ending_in_live_birth","Endometriosis (Rahmioglu)","Nk0xbD","Early_bleeding_ending_in_live_birth",NA,"rs11756073","-0.04",0.468,"0.932","Early_bleeding_ending_in_live_birth"
"Early_bleeding_ending_in_live_birth","Endometriosis (Rahmioglu)","Nk0xbD","Early_bleeding_ending_in_live_birth",NA,"rs12030576","-0.005",0.398,"0.989","Early_bleeding_ending_in_live_birth"
"Early_bleeding_ending_in_live_birth","Endometriosis (Rahmioglu)","Nk0xbD","Early_bleeding_ending_in_live_birth",NA,"rs12320196","-0.137",0.37,"0.711","Early_bleeding_ending_in_live_birth"
"Early_bleeding_ending_in_live_birth","Endometriosis (Rahmioglu)","Nk0xbD","Early_bleeding_ending_in_live_birth",NA,"rs12441483","0.011",0.38,"0.976","Early_bleeding_ending_in_live_birth"
"Early_bleeding_ending_in_live_birth","Endometriosis (Rahmioglu)","Nk0xbD","Early_bleeding_ending_in_live_birth",NA,"rs12549438","0.936",0.441,"0.034","Early_bleeding_ending_in_live_birth"
"Early_bleeding_ending_in_live_birth","Endometriosis (Rahmioglu)","Nk0xbD","Early_bleeding_ending_in_live_birth",NA,"rs1352889","-0.045",0.472,"0.924","Early_bleeding_ending_in_live_birth"
"Early_bleeding_ending_in_live_birth","Endometriosis (Rahmioglu)","Nk0xbD","Early_bleeding_ending_in_live_birth",NA,"rs1430787","0.872",0.472,"0.065","Early_bleeding_ending_in_live_birth"
"Early_bleeding_ending_in_live_birth","Endometriosis (Rahmioglu)","Nk0xbD","Early_bleeding_ending_in_live_birth",NA,"rs1451383","-0.268",0.402,"0.506","Early_bleeding_ending_in_live_birth"
"Early_bleeding_ending_in_live_birth","Endometriosis (Rahmioglu)","Nk0xbD","Early_bleeding_ending_in_live_birth",NA,"rs17053711","0.588",0.46,"0.201","Early_bleeding_ending_in_live_birth"
"Early_bleeding_ending_in_live_birth","Endometriosis (Rahmioglu)","Nk0xbD","Early_bleeding_ending_in_live_birth",NA,"rs1903068","-0.026",0.256,"0.92","Early_bleeding_ending_in_live_birth"
"Early_bleeding_ending_in_live_birth","Endometriosis (Rahmioglu)","Nk0xbD","Early_bleeding_ending_in_live_birth",NA,"rs1971256","-0.625",0.313,"0.046","Early_bleeding_ending_in_live_birth"
"Early_bleeding_ending_in_live_birth","Endometriosis (Rahmioglu)","Nk0xbD","Early_bleeding_ending_in_live_birth",NA,"rs2036754","0.728",0.447,"0.103","Early_bleeding_ending_in_live_birth"
"Early_bleeding_ending_in_live_birth","Endometriosis (Rahmioglu)","Nk0xbD","Early_bleeding_ending_in_live_birth",NA,"rs2226158","-0.731",0.429,"0.088","Early_bleeding_ending_in_live_birth"
"Early_bleeding_ending_in_live_birth","Endometriosis (Rahmioglu)","Nk0xbD","Early_bleeding_ending_in_live_birth",NA,"rs2421985","-0.226",0.356,"0.526","Early_bleeding_ending_in_live_birth"
"Early_bleeding_ending_in_live_birth","Endometriosis (Rahmioglu)","Nk0xbD","Early_bleeding_ending_in_live_birth",NA,"rs2510770","-0.023",0.466,"0.961","Early_bleeding_ending_in_live_birth"
"Early_bleeding_ending_in_live_birth","Endometriosis (Rahmioglu)","Nk0xbD","Early_bleeding_ending_in_live_birth",NA,"rs2946160","-0.379",0.485,"0.435","Early_bleeding_ending_in_live_birth"
"Early_bleeding_ending_in_live_birth","Endometriosis (Rahmioglu)","Nk0xbD","Early_bleeding_ending_in_live_birth",NA,"rs2967684","0.515",0.485,"0.289","Early_bleeding_ending_in_live_birth"
"Early_bleeding_ending_in_live_birth","Endometriosis (Rahmioglu)","Nk0xbD","Early_bleeding_ending_in_live_birth",NA,"rs3803042","0.295",0.459,"0.52","Early_bleeding_ending_in_live_birth"
"Early_bleeding_ending_in_live_birth","Endometriosis (Rahmioglu)","Nk0xbD","Early_bleeding_ending_in_live_birth",NA,"rs3858429","-0.126",0.216,"0.56","Early_bleeding_ending_in_live_birth"
"Early_bleeding_ending_in_live_birth","Endometriosis (Rahmioglu)","Nk0xbD","Early_bleeding_ending_in_live_birth",NA,"rs4540228","0.612",0.404,"0.13","Early_bleeding_ending_in_live_birth"
"Early_bleeding_ending_in_live_birth","Endometriosis (Rahmioglu)","Nk0xbD","Early_bleeding_ending_in_live_birth",NA,"rs55909142","-0.075",0.471,"0.874","Early_bleeding_ending_in_live_birth"
"Early_bleeding_ending_in_live_birth","Endometriosis (Rahmioglu)","Nk0xbD","Early_bleeding_ending_in_live_birth",NA,"rs56090796","0.405",0.446,"0.363","Early_bleeding_ending_in_live_birth"
"Early_bleeding_ending_in_live_birth","Endometriosis (Rahmioglu)","Nk0xbD","Early_bleeding_ending_in_live_birth",NA,"rs57281976","-0.353",0.434,"0.416","Early_bleeding_ending_in_live_birth"
"Early_bleeding_ending_in_live_birth","Endometriosis (Rahmioglu)","Nk0xbD","Early_bleeding_ending_in_live_birth",NA,"rs6435157","-0.406",0.472,"0.39","Early_bleeding_ending_in_live_birth"
"Early_bleeding_ending_in_live_birth","Endometriosis (Rahmioglu)","Nk0xbD","Early_bleeding_ending_in_live_birth",NA,"rs6456259","0.268",0.315,"0.396","Early_bleeding_ending_in_live_birth"
"Early_bleeding_ending_in_live_birth","Endometriosis (Rahmioglu)","Nk0xbD","Early_bleeding_ending_in_live_birth",NA,"rs66683298","0.044",0.426,"0.918","Early_bleeding_ending_in_live_birth"
"Early_bleeding_ending_in_live_birth","Endometriosis (Rahmioglu)","Nk0xbD","Early_bleeding_ending_in_live_birth",NA,"rs71575922","0.273",0.226,"0.227","Early_bleeding_ending_in_live_birth"
"Early_bleeding_ending_in_live_birth","Endometriosis (Rahmioglu)","Nk0xbD","Early_bleeding_ending_in_live_birth",NA,"rs7214750","-0.479",0.426,"0.26","Early_bleeding_ending_in_live_birth"
"Early_bleeding_ending_in_live_birth","Endometriosis (Rahmioglu)","Nk0xbD","Early_bleeding_ending_in_live_birth",NA,"rs7334326","0.86",0.48,"0.073","Early_bleeding_ending_in_live_birth"
"Early_bleeding_ending_in_live_birth","Endometriosis (Rahmioglu)","Nk0xbD","Early_bleeding_ending_in_live_birth",NA,"rs73633307","0.015",0.402,"0.971","Early_bleeding_ending_in_live_birth"
"Early_bleeding_ending_in_live_birth","Endometriosis (Rahmioglu)","Nk0xbD","Early_bleeding_ending_in_live_birth",NA,"rs7907732","-0.16",0.422,"0.705","Early_bleeding_ending_in_live_birth"
"Early_bleeding_ending_in_live_birth","Endometriosis (Rahmioglu)","Nk0xbD","Early_bleeding_ending_in_live_birth",NA,"rs10757277","-0.406",0.408,"0.319","Early_bleeding_ending_in_live_birth"
"Early_bleeding_ending_in_live_birth","Endometriosis (Rahmioglu)","Nk0xbD","Early_bleeding_ending_in_live_birth",NA,"rs7924571","0.637",0.431,"0.14","Early_bleeding_ending_in_live_birth"
"Early_bleeding_ending_in_live_birth","Endometriosis (Rahmioglu)","Nk0xbD","Early_bleeding_ending_in_live_birth",NA,"rs10090060","0.533",0.341,"0.118","Early_bleeding_ending_in_live_birth"
"Early_bleeding_ending_in_live_birth","Endometriosis (Rahmioglu)","Nk0xbD","Early_bleeding_ending_in_live_birth",NA,"rs10122243","0.269",0.313,"0.391","Early_bleeding_ending_in_live_birth"
"Early_bleeding_ending_in_live_birth","Endometriosis (Rahmioglu)","Nk0xbD","Early_bleeding_ending_in_live_birth",NA,"All - MR Egger","-0.019",0.187,"0.919","Early_bleeding_ending_in_live_birth"
"Early_bleeding_ending_in_live_birth","Endometriosis (Rahmioglu)","Nk0xbD","Early_bleeding_ending_in_live_birth",NA,"All - Inverse variance weighted","0.092",0.059,"0.123","Early_bleeding_ending_in_live_birth"
"Early_bleeding_with_any_outcome","Endometriosis (Rahmioglu)","Nk0xbD","Early_bleeding_with_any_outcome",NA,"rs7924571","0.36",0.201,"0.074","Early_bleeding_with_any_outcome"
"Early_bleeding_with_any_outcome","Endometriosis (Rahmioglu)","Nk0xbD","Early_bleeding_with_any_outcome",NA,"All - Inverse variance weighted","0.068",0.036,"0.062","Early_bleeding_with_any_outcome"
"Early_bleeding_with_any_outcome","Endometriosis (Rahmioglu)","Nk0xbD","Early_bleeding_with_any_outcome",NA,"All - MR Egger","0.167",0.112,"0.145","Early_bleeding_with_any_outcome"
"Early_bleeding_with_any_outcome","Endometriosis (Rahmioglu)","Nk0xbD","Early_bleeding_with_any_outcome",NA,"rs10122243","0.008",0.171,"0.962","Early_bleeding_with_any_outcome"
"Early_bleeding_with_any_outcome","Endometriosis (Rahmioglu)","Nk0xbD","Early_bleeding_with_any_outcome",NA,"rs10757277","-0.163",0.201,"0.416","Early_bleeding_with_any_outcome"
"Early_bleeding_with_any_outcome","Endometriosis (Rahmioglu)","Nk0xbD","Early_bleeding_with_any_outcome",NA,"rs10828249","-0.04",0.188,"0.83","Early_bleeding_with_any_outcome"
"Early_bleeding_with_any_outcome","Endometriosis (Rahmioglu)","Nk0xbD","Early_bleeding_with_any_outcome",NA,"rs10860864","0.406",0.207,"0.05","Early_bleeding_with_any_outcome"
"Early_bleeding_with_any_outcome","Endometriosis (Rahmioglu)","Nk0xbD","Early_bleeding_with_any_outcome",NA,"rs10917151","0.145",0.092,"0.114","Early_bleeding_with_any_outcome"
"Early_bleeding_with_any_outcome","Endometriosis (Rahmioglu)","Nk0xbD","Early_bleeding_with_any_outcome",NA,"rs10983311","0.113",0.234,"0.63","Early_bleeding_with_any_outcome"
"Early_bleeding_with_any_outcome","Endometriosis (Rahmioglu)","Nk0xbD","Early_bleeding_with_any_outcome",NA,"rs11674184","0.246",0.123,"0.045","Early_bleeding_with_any_outcome"
"Early_bleeding_with_any_outcome","Endometriosis (Rahmioglu)","Nk0xbD","Early_bleeding_with_any_outcome",NA,"rs11756073","0.185",0.22,"0.4","Early_bleeding_with_any_outcome"
"Early_bleeding_with_any_outcome","Endometriosis (Rahmioglu)","Nk0xbD","Early_bleeding_with_any_outcome",NA,"rs12030576","0.152",0.18,"0.399","Early_bleeding_with_any_outcome"
"Early_bleeding_with_any_outcome","Endometriosis (Rahmioglu)","Nk0xbD","Early_bleeding_with_any_outcome",NA,"rs12320196","0.157",0.182,"0.389","Early_bleeding_with_any_outcome"
"Early_bleeding_with_any_outcome","Endometriosis (Rahmioglu)","Nk0xbD","Early_bleeding_with_any_outcome",NA,"rs12441483","0.019",0.173,"0.912","Early_bleeding_with_any_outcome"
"Early_bleeding_with_any_outcome","Endometriosis (Rahmioglu)","Nk0xbD","Early_bleeding_with_any_outcome",NA,"rs12549438","0.655",0.257,"0.011","Early_bleeding_with_any_outcome"
"Early_bleeding_with_any_outcome","Endometriosis (Rahmioglu)","Nk0xbD","Early_bleeding_with_any_outcome",NA,"rs1352889","0.597",0.254,"0.019","Early_bleeding_with_any_outcome"
"Early_bleeding_with_any_outcome","Endometriosis (Rahmioglu)","Nk0xbD","Early_bleeding_with_any_outcome",NA,"rs1430787","0.491",0.233,"0.035","Early_bleeding_with_any_outcome"
"Early_bleeding_with_any_outcome","Endometriosis (Rahmioglu)","Nk0xbD","Early_bleeding_with_any_outcome",NA,"rs1451383","-0.423",0.193,"0.028","Early_bleeding_with_any_outcome"
"Early_bleeding_with_any_outcome","Endometriosis (Rahmioglu)","Nk0xbD","Early_bleeding_with_any_outcome",NA,"rs17053711","0.205",0.224,"0.361","Early_bleeding_with_any_outcome"
"Early_bleeding_with_any_outcome","Endometriosis (Rahmioglu)","Nk0xbD","Early_bleeding_with_any_outcome",NA,"rs1903068","0.008",0.123,"0.95","Early_bleeding_with_any_outcome"
"Early_bleeding_with_any_outcome","Endometriosis (Rahmioglu)","Nk0xbD","Early_bleeding_with_any_outcome",NA,"rs1971256","-0.236",0.15,"0.115","Early_bleeding_with_any_outcome"
"Early_bleeding_with_any_outcome","Endometriosis (Rahmioglu)","Nk0xbD","Early_bleeding_with_any_outcome",NA,"rs2036754","0.429",0.243,"0.078","Early_bleeding_with_any_outcome"
"Early_bleeding_with_any_outcome","Endometriosis (Rahmioglu)","Nk0xbD","Early_bleeding_with_any_outcome",NA,"rs2226158","-0.177",0.21,"0.398","Early_bleeding_with_any_outcome"
"Early_bleeding_with_any_outcome","Endometriosis (Rahmioglu)","Nk0xbD","Early_bleeding_with_any_outcome",NA,"rs2421985","-0.015",0.174,"0.931","Early_bleeding_with_any_outcome"
"Early_bleeding_with_any_outcome","Endometriosis (Rahmioglu)","Nk0xbD","Early_bleeding_with_any_outcome",NA,"rs2510770","0.433",0.229,"0.058","Early_bleeding_with_any_outcome"
"Early_bleeding_with_any_outcome","Endometriosis (Rahmioglu)","Nk0xbD","Early_bleeding_with_any_outcome",NA,"rs2946160","-0.702",0.243,"0.004","Early_bleeding_with_any_outcome"
"Early_bleeding_with_any_outcome","Endometriosis (Rahmioglu)","Nk0xbD","Early_bleeding_with_any_outcome",NA,"rs2967684","0.141",0.227,"0.534","Early_bleeding_with_any_outcome"
"Early_bleeding_with_any_outcome","Endometriosis (Rahmioglu)","Nk0xbD","Early_bleeding_with_any_outcome",NA,"rs57281976","-0.105",0.213,"0.622","Early_bleeding_with_any_outcome"
"Early_bleeding_with_any_outcome","Endometriosis (Rahmioglu)","Nk0xbD","Early_bleeding_with_any_outcome",NA,"rs6435157","-0.474",0.247,"0.055","Early_bleeding_with_any_outcome"
"Early_bleeding_with_any_outcome","Endometriosis (Rahmioglu)","Nk0xbD","Early_bleeding_with_any_outcome",NA,"rs6456259","0.033",0.153,"0.827","Early_bleeding_with_any_outcome"
"Early_bleeding_with_any_outcome","Endometriosis (Rahmioglu)","Nk0xbD","Early_bleeding_with_any_outcome",NA,"rs66683298","-0.285",0.302,"0.346","Early_bleeding_with_any_outcome"
"Early_bleeding_with_any_outcome","Endometriosis (Rahmioglu)","Nk0xbD","Early_bleeding_with_any_outcome",NA,"rs71575922","0.006",0.099,"0.951","Early_bleeding_with_any_outcome"
"Early_bleeding_with_any_outcome","Endometriosis (Rahmioglu)","Nk0xbD","Early_bleeding_with_any_outcome",NA,"rs7214750","-0.224",0.2,"0.263","Early_bleeding_with_any_outcome"
"Early_bleeding_with_any_outcome","Endometriosis (Rahmioglu)","Nk0xbD","Early_bleeding_with_any_outcome",NA,"rs7334326","-0.03",0.227,"0.894","Early_bleeding_with_any_outcome"
"Early_bleeding_with_any_outcome","Endometriosis (Rahmioglu)","Nk0xbD","Early_bleeding_with_any_outcome",NA,"rs10090060","0.037",0.167,"0.822","Early_bleeding_with_any_outcome"
"Early_bleeding_with_any_outcome","Endometriosis (Rahmioglu)","Nk0xbD","Early_bleeding_with_any_outcome",NA,"rs4540228","0.046",0.197,"0.817","Early_bleeding_with_any_outcome"
"Early_bleeding_with_any_outcome","Endometriosis (Rahmioglu)","Nk0xbD","Early_bleeding_with_any_outcome",NA,"rs55909142","0.092",0.235,"0.696","Early_bleeding_with_any_outcome"
"Early_bleeding_with_any_outcome","Endometriosis (Rahmioglu)","Nk0xbD","Early_bleeding_with_any_outcome",NA,"rs56090796","0.038",0.317,"0.905","Early_bleeding_with_any_outcome"
"Early_bleeding_with_any_outcome","Endometriosis (Rahmioglu)","Nk0xbD","Early_bleeding_with_any_outcome",NA,"rs3803042","-0.103",0.227,"0.65","Early_bleeding_with_any_outcome"
"Early_bleeding_with_any_outcome","Endometriosis (Rahmioglu)","Nk0xbD","Early_bleeding_with_any_outcome",NA,"rs3858429","0.242",0.109,"0.027","Early_bleeding_with_any_outcome"
"Early_bleeding_with_any_outcome","Endometriosis (Rahmioglu)","Nk0xbD","Early_bleeding_with_any_outcome",NA,"rs73633307","0.256",0.198,"0.197","Early_bleeding_with_any_outcome"
"Early_bleeding_with_any_outcome","Endometriosis (Rahmioglu)","Nk0xbD","Early_bleeding_with_any_outcome",NA,"rs7907732","-0.085",0.209,"0.683","Early_bleeding_with_any_outcome"
"el_cs","Endometriosis (Rahmioglu)","Nk0xbD","el_cs",87320,"rs11674184","-0.185",0.258,"0.473","Elective caesarean section"
"el_cs","Endometriosis (Rahmioglu)","Nk0xbD","el_cs",87320,"rs12030576","0.249",0.381,"0.513","Elective caesarean section"
"el_cs","Endometriosis (Rahmioglu)","Nk0xbD","el_cs",87320,"rs12441483","0.798",0.376,"0.034","Elective caesarean section"
"el_cs","Endometriosis (Rahmioglu)","Nk0xbD","el_cs",87320,"rs10983311","1.064",0.5,"0.033","Elective caesarean section"
"el_cs","Endometriosis (Rahmioglu)","Nk0xbD","el_cs",87320,"rs1352889","-0.008",0.501,"0.988","Elective caesarean section"
"el_cs","Endometriosis (Rahmioglu)","Nk0xbD","el_cs",87320,"rs1430787","0.759",0.491,"0.122","Elective caesarean section"
"el_cs","Endometriosis (Rahmioglu)","Nk0xbD","el_cs",87320,"rs17053711","0.144",0.473,"0.761","Elective caesarean section"
"el_cs","Endometriosis (Rahmioglu)","Nk0xbD","el_cs",87320,"rs12549438","-0.41",0.459,"0.371","Elective caesarean section"
"el_cs","Endometriosis (Rahmioglu)","Nk0xbD","el_cs",87320,"rs10090060","-0.72",0.355,"0.042","Elective caesarean section"
"el_cs","Endometriosis (Rahmioglu)","Nk0xbD","el_cs",87320,"rs10122243","-0.166",0.337,"0.622","Elective caesarean section"
"el_cs","Endometriosis (Rahmioglu)","Nk0xbD","el_cs",87320,"rs10860864","0.369",0.452,"0.415","Elective caesarean section"
"el_cs","Endometriosis (Rahmioglu)","Nk0xbD","el_cs",87320,"rs10917151","0.974",0.191,"3.27e-07","Elective caesarean section"
"el_cs","Endometriosis (Rahmioglu)","Nk0xbD","el_cs",87320,"rs3803042","-0.588",0.477,"0.218","Elective caesarean section"
"el_cs","Endometriosis (Rahmioglu)","Nk0xbD","el_cs",87320,"rs4540228","0.44",0.418,"0.293","Elective caesarean section"
"el_cs","Endometriosis (Rahmioglu)","Nk0xbD","el_cs",87320,"rs56090796","-0.301",0.463,"0.516","Elective caesarean section"
"el_cs","Endometriosis (Rahmioglu)","Nk0xbD","el_cs",87320,"rs57281976","0.117",0.454,"0.797","Elective caesarean section"
"el_cs","Endometriosis (Rahmioglu)","Nk0xbD","el_cs",87320,"rs6435157","-0.537",0.496,"0.278","Elective caesarean section"
"el_cs","Endometriosis (Rahmioglu)","Nk0xbD","el_cs",87320,"rs6456259","0.902",0.335,"0.007","Elective caesarean section"
"el_cs","Endometriosis (Rahmioglu)","Nk0xbD","el_cs",87320,"rs66683298","0.671",0.443,"0.13","Elective caesarean section"
"el_cs","Endometriosis (Rahmioglu)","Nk0xbD","el_cs",87320,"rs71575922","-0.046",0.236,"0.845","Elective caesarean section"
"el_cs","Endometriosis (Rahmioglu)","Nk0xbD","el_cs",87320,"rs1903068","0.327",0.272,"0.229","Elective caesarean section"
"el_cs","Endometriosis (Rahmioglu)","Nk0xbD","el_cs",87320,"rs2036754","0.937",0.497,"0.059","Elective caesarean section"
"el_cs","Endometriosis (Rahmioglu)","Nk0xbD","el_cs",87320,"rs2226158","-0.184",0.442,"0.677","Elective caesarean section"
"el_cs","Endometriosis (Rahmioglu)","Nk0xbD","el_cs",87320,"rs2510770","0.071",0.487,"0.885","Elective caesarean section"
"el_cs","Endometriosis (Rahmioglu)","Nk0xbD","el_cs",87320,"rs2946160","1.1",0.497,"0.027","Elective caesarean section"
"el_cs","Endometriosis (Rahmioglu)","Nk0xbD","el_cs",87320,"All - MR Egger","0.695",0.309,"0.033","Elective caesarean section"
"el_cs","Endometriosis (Rahmioglu)","Nk0xbD","el_cs",87320,"All - Inverse variance weighted","0.231",0.102,"0.023","Elective caesarean section"
"el_cs","Endometriosis (Rahmioglu)","Nk0xbD","el_cs",87320,"rs7214750","-0.234",0.433,"0.589","Elective caesarean section"
"el_cs","Endometriosis (Rahmioglu)","Nk0xbD","el_cs",87320,"rs7334326","-0.238",0.506,"0.638","Elective caesarean section"
"el_cs","Endometriosis (Rahmioglu)","Nk0xbD","el_cs",87320,"rs7907732","0.168",0.433,"0.697","Elective caesarean section"
"el_cs","Endometriosis (Rahmioglu)","Nk0xbD","el_cs",87320,"rs7924571","-0.523",0.437,"0.231","Elective caesarean section"
"em_cs","Endometriosis (Rahmioglu)","Nk0xbD","em_cs",90477,"rs10122243","-0.194",0.282,"0.492","Emergency caesarean section"
"em_cs","Endometriosis (Rahmioglu)","Nk0xbD","em_cs",90477,"rs10860864","0.995",0.381,"0.009","Emergency caesarean section"
"em_cs","Endometriosis (Rahmioglu)","Nk0xbD","em_cs",90477,"rs10917151","0.922",0.158,"5.46e-09","Emergency caesarean section"
"em_cs","Endometriosis (Rahmioglu)","Nk0xbD","em_cs",90477,"rs10983311","0.404",0.415,"0.33","Emergency caesarean section"
"em_cs","Endometriosis (Rahmioglu)","Nk0xbD","em_cs",90477,"rs11674184","0.019",0.217,"0.93","Emergency caesarean section"
"em_cs","Endometriosis (Rahmioglu)","Nk0xbD","em_cs",90477,"rs11756073","0.837",0.423,"0.048","Emergency caesarean section"
"em_cs","Endometriosis (Rahmioglu)","Nk0xbD","em_cs",90477,"rs12030576","0.108",0.319,"0.735","Emergency caesarean section"
"em_cs","Endometriosis (Rahmioglu)","Nk0xbD","em_cs",90477,"rs12549438","-0.676",0.384,"0.078","Emergency caesarean section"
"em_cs","Endometriosis (Rahmioglu)","Nk0xbD","em_cs",90477,"rs10090060","-0.713",0.296,"0.016","Emergency caesarean section"
"em_cs","Endometriosis (Rahmioglu)","Nk0xbD","em_cs",90477,"rs2226158","-0.251",0.37,"0.497","Emergency caesarean section"
"em_cs","Endometriosis (Rahmioglu)","Nk0xbD","em_cs",90477,"rs2421985","-0.256",0.306,"0.404","Emergency caesarean section"
"em_cs","Endometriosis (Rahmioglu)","Nk0xbD","em_cs",90477,"rs2510770","-0.066",0.408,"0.871","Emergency caesarean section"
"em_cs","Endometriosis (Rahmioglu)","Nk0xbD","em_cs",90477,"rs2946160","0.766",0.416,"0.066","Emergency caesarean section"
"em_cs","Endometriosis (Rahmioglu)","Nk0xbD","em_cs",90477,"rs3803042","-0.122",0.398,"0.759","Emergency caesarean section"
"em_cs","Endometriosis (Rahmioglu)","Nk0xbD","em_cs",90477,"rs4540228","0.073",0.35,"0.834","Emergency caesarean section"
"em_cs","Endometriosis (Rahmioglu)","Nk0xbD","em_cs",90477,"rs507666","0.341",0.418,"0.414","Emergency caesarean section"
"em_cs","Endometriosis (Rahmioglu)","Nk0xbD","em_cs",90477,"rs55909142","0.556",0.411,"0.176","Emergency caesarean section"
"em_cs","Endometriosis (Rahmioglu)","Nk0xbD","em_cs",90477,"rs1352889","0.16",0.419,"0.702","Emergency caesarean section"
"em_cs","Endometriosis (Rahmioglu)","Nk0xbD","em_cs",90477,"rs1430787","0.482",0.413,"0.243","Emergency caesarean section"
"em_cs","Endometriosis (Rahmioglu)","Nk0xbD","em_cs",90477,"rs17053711","0.488",0.397,"0.218","Emergency caesarean section"
"em_cs","Endometriosis (Rahmioglu)","Nk0xbD","em_cs",90477,"rs1903068","0.354",0.227,"0.118","Emergency caesarean section"
"em_cs","Endometriosis (Rahmioglu)","Nk0xbD","em_cs",90477,"rs2036754","0.455",0.417,"0.275","Emergency caesarean section"
"em_cs","Endometriosis (Rahmioglu)","Nk0xbD","em_cs",90477,"rs71575922","-0.062",0.197,"0.753","Emergency caesarean section"
"em_cs","Endometriosis (Rahmioglu)","Nk0xbD","em_cs",90477,"rs7214750","-0.114",0.364,"0.754","Emergency caesarean section"
"em_cs","Endometriosis (Rahmioglu)","Nk0xbD","em_cs",90477,"rs7334326","-0.275",0.425,"0.517","Emergency caesarean section"
"em_cs","Endometriosis (Rahmioglu)","Nk0xbD","em_cs",90477,"rs7907732","0.304",0.363,"0.402","Emergency caesarean section"
"em_cs","Endometriosis (Rahmioglu)","Nk0xbD","em_cs",90477,"rs7924571","-0.5",0.363,"0.169","Emergency caesarean section"
"em_cs","Endometriosis (Rahmioglu)","Nk0xbD","em_cs",90477,"All - Inverse variance weighted","0.152",0.084,"0.068","Emergency caesarean section"
"em_cs","Endometriosis (Rahmioglu)","Nk0xbD","em_cs",90477,"All - MR Egger","0.599",0.255,"0.026","Emergency caesarean section"
"em_cs","Endometriosis (Rahmioglu)","Nk0xbD","em_cs",90477,"rs6456259","-0.095",0.285,"0.738","Emergency caesarean section"
"em_cs","Endometriosis (Rahmioglu)","Nk0xbD","em_cs",90477,"rs56090796","-0.307",0.388,"0.428","Emergency caesarean section"
"em_cs","Endometriosis (Rahmioglu)","Nk0xbD","em_cs",90477,"rs57281976","-0.458",0.377,"0.225","Emergency caesarean section"
"em_cs","Endometriosis (Rahmioglu)","Nk0xbD","em_cs",90477,"rs6435157","-0.039",0.415,"0.925","Emergency caesarean section"
"em_cs","Endometriosis (Rahmioglu)","Nk0xbD","em_cs",90477,"rs66683298","0.246",0.371,"0.508","Emergency caesarean section"
"finngen_R12_N14_FEMALEINFERT","Endometriosis (Rahmioglu)","Nk0xbD","finngen_R12_N14_FEMALEINFERT",NA,"rs10090060","0.514",0.203,"0.011","Female infertility"
"finngen_R12_N14_FEMALEINFERT","Endometriosis (Rahmioglu)","Nk0xbD","finngen_R12_N14_FEMALEINFERT",NA,"rs10983311","0.505",0.27,"0.061","Female infertility"
"finngen_R12_N14_FEMALEINFERT","Endometriosis (Rahmioglu)","Nk0xbD","finngen_R12_N14_FEMALEINFERT",NA,"rs11674184","0.602",0.148,"4.82e-05","Female infertility"
"finngen_R12_N14_FEMALEINFERT","Endometriosis (Rahmioglu)","Nk0xbD","finngen_R12_N14_FEMALEINFERT",NA,"rs11756073","0.086",0.263,"0.745","Female infertility"
"finngen_R12_N14_FEMALEINFERT","Endometriosis (Rahmioglu)","Nk0xbD","finngen_R12_N14_FEMALEINFERT",NA,"rs12030576","0.14",0.22,"0.525","Female infertility"
"finngen_R12_N14_FEMALEINFERT","Endometriosis (Rahmioglu)","Nk0xbD","finngen_R12_N14_FEMALEINFERT",NA,"rs12320196","1.087",0.228,"1.82e-06","Female infertility"
"finngen_R12_N14_FEMALEINFERT","Endometriosis (Rahmioglu)","Nk0xbD","finngen_R12_N14_FEMALEINFERT",NA,"rs12441483","0.474",0.216,"0.028","Female infertility"
"finngen_R12_N14_FEMALEINFERT","Endometriosis (Rahmioglu)","Nk0xbD","finngen_R12_N14_FEMALEINFERT",NA,"rs12549438","0.009",0.264,"0.973","Female infertility"
"finngen_R12_N14_FEMALEINFERT","Endometriosis (Rahmioglu)","Nk0xbD","finngen_R12_N14_FEMALEINFERT",NA,"rs1352889","0.014",0.359,"0.968","Female infertility"
"finngen_R12_N14_FEMALEINFERT","Endometriosis (Rahmioglu)","Nk0xbD","finngen_R12_N14_FEMALEINFERT",NA,"rs1430787","0.503",0.281,"0.073","Female infertility"
"finngen_R12_N14_FEMALEINFERT","Endometriosis (Rahmioglu)","Nk0xbD","finngen_R12_N14_FEMALEINFERT",NA,"rs1451383","0.935",0.226,"3.43e-05","Female infertility"
"finngen_R12_N14_FEMALEINFERT","Endometriosis (Rahmioglu)","Nk0xbD","finngen_R12_N14_FEMALEINFERT",NA,"rs17053711","0.359",0.265,"0.176","Female infertility"
"finngen_R12_N14_FEMALEINFERT","Endometriosis (Rahmioglu)","Nk0xbD","finngen_R12_N14_FEMALEINFERT",NA,"rs1903068","0.834",0.165,"4.06e-07","Female infertility"
"finngen_R12_N14_FEMALEINFERT","Endometriosis (Rahmioglu)","Nk0xbD","finngen_R12_N14_FEMALEINFERT",NA,"rs1971256","0.427",0.177,"0.016","Female infertility"
"finngen_R12_N14_FEMALEINFERT","Endometriosis (Rahmioglu)","Nk0xbD","finngen_R12_N14_FEMALEINFERT",NA,"rs2036754","0.56",0.306,"0.067","Female infertility"
"finngen_R12_N14_FEMALEINFERT","Endometriosis (Rahmioglu)","Nk0xbD","finngen_R12_N14_FEMALEINFERT",NA,"rs2226158","0.121",0.255,"0.634","Female infertility"
"finngen_R12_N14_FEMALEINFERT","Endometriosis (Rahmioglu)","Nk0xbD","finngen_R12_N14_FEMALEINFERT",NA,"rs2421985","0.456",0.213,"0.032","Female infertility"
"finngen_R12_N14_FEMALEINFERT","Endometriosis (Rahmioglu)","Nk0xbD","finngen_R12_N14_FEMALEINFERT",NA,"rs2510770","-0.129",0.286,"0.652","Female infertility"
"finngen_R12_N14_FEMALEINFERT","Endometriosis (Rahmioglu)","Nk0xbD","finngen_R12_N14_FEMALEINFERT",NA,"rs2946160","1.248",0.312,"6.25e-05","Female infertility"
"finngen_R12_N14_FEMALEINFERT","Endometriosis (Rahmioglu)","Nk0xbD","finngen_R12_N14_FEMALEINFERT",NA,"rs2967684","0.496",0.249,"0.047","Female infertility"
"finngen_R12_N14_FEMALEINFERT","Endometriosis (Rahmioglu)","Nk0xbD","finngen_R12_N14_FEMALEINFERT",NA,"rs3803042","0.739",0.272,"0.007","Female infertility"
"finngen_R12_N14_FEMALEINFERT","Endometriosis (Rahmioglu)","Nk0xbD","finngen_R12_N14_FEMALEINFERT",NA,"rs3858429","-0.004",0.128,"0.975","Female infertility"
"finngen_R12_N14_FEMALEINFERT","Endometriosis (Rahmioglu)","Nk0xbD","finngen_R12_N14_FEMALEINFERT",NA,"rs4540228","0.572",0.244,"0.019","Female infertility"
"finngen_R12_N14_FEMALEINFERT","Endometriosis (Rahmioglu)","Nk0xbD","finngen_R12_N14_FEMALEINFERT",NA,"rs55909142","0.561",0.294,"0.056","Female infertility"
"finngen_R12_N14_FEMALEINFERT","Endometriosis (Rahmioglu)","Nk0xbD","finngen_R12_N14_FEMALEINFERT",NA,"rs56090796","1.099",0.274,"5.93e-05","Female infertility"
"finngen_R12_N14_FEMALEINFERT","Endometriosis (Rahmioglu)","Nk0xbD","finngen_R12_N14_FEMALEINFERT",NA,"rs57281976","0.135",0.247,"0.583","Female infertility"
"finngen_R12_N14_FEMALEINFERT","Endometriosis (Rahmioglu)","Nk0xbD","finngen_R12_N14_FEMALEINFERT",NA,"rs6435157","-0.135",0.328,"0.681","Female infertility"
"finngen_R12_N14_FEMALEINFERT","Endometriosis (Rahmioglu)","Nk0xbD","finngen_R12_N14_FEMALEINFERT",NA,"rs6456259","0.157",0.194,"0.418","Female infertility"
"finngen_R12_N14_FEMALEINFERT","Endometriosis (Rahmioglu)","Nk0xbD","finngen_R12_N14_FEMALEINFERT",NA,"rs66683298","0.788",0.254,"0.002","Female infertility"
"finngen_R12_N14_FEMALEINFERT","Endometriosis (Rahmioglu)","Nk0xbD","finngen_R12_N14_FEMALEINFERT",NA,"rs71575922","0.709",0.123,"8.63e-09","Female infertility"
"finngen_R12_N14_FEMALEINFERT","Endometriosis (Rahmioglu)","Nk0xbD","finngen_R12_N14_FEMALEINFERT",NA,"rs7214750","0.068",0.221,"0.759","Female infertility"
"finngen_R12_N14_FEMALEINFERT","Endometriosis (Rahmioglu)","Nk0xbD","finngen_R12_N14_FEMALEINFERT",NA,"rs7334326","0.543",0.279,"0.052","Female infertility"
"finngen_R12_N14_FEMALEINFERT","Endometriosis (Rahmioglu)","Nk0xbD","finngen_R12_N14_FEMALEINFERT",NA,"rs73633307","0.842",0.219,"1.19e-04","Female infertility"
"finngen_R12_N14_FEMALEINFERT","Endometriosis (Rahmioglu)","Nk0xbD","finngen_R12_N14_FEMALEINFERT",NA,"rs7907732","0.53",0.248,"0.033","Female infertility"
"finngen_R12_N14_FEMALEINFERT","Endometriosis (Rahmioglu)","Nk0xbD","finngen_R12_N14_FEMALEINFERT",NA,"rs7924571","0.833",0.234,"3.76e-04","Female infertility"
"finngen_R12_N14_FEMALEINFERT","Endometriosis (Rahmioglu)","Nk0xbD","finngen_R12_N14_FEMALEINFERT",NA,"All - Inverse variance weighted","0.488",0.051,"6.07e-22","Female infertility"
"finngen_R12_N14_FEMALEINFERT","Endometriosis (Rahmioglu)","Nk0xbD","finngen_R12_N14_FEMALEINFERT",NA,"rs10122243","0.661",0.186,"3.84e-04","Female infertility"
"finngen_R12_N14_FEMALEINFERT","Endometriosis (Rahmioglu)","Nk0xbD","finngen_R12_N14_FEMALEINFERT",NA,"rs10757277","0.186",0.246,"0.45","Female infertility"
"finngen_R12_N14_FEMALEINFERT","Endometriosis (Rahmioglu)","Nk0xbD","finngen_R12_N14_FEMALEINFERT",NA,"rs10828249","0.178",0.231,"0.44","Female infertility"
"finngen_R12_N14_FEMALEINFERT","Endometriosis (Rahmioglu)","Nk0xbD","finngen_R12_N14_FEMALEINFERT",NA,"rs10860864","0.277",0.251,"0.269","Female infertility"
"finngen_R12_N14_FEMALEINFERT","Endometriosis (Rahmioglu)","Nk0xbD","finngen_R12_N14_FEMALEINFERT",NA,"rs10917151","0.658",0.112,"4.72e-09","Female infertility"
"finngen_R12_N14_FEMALEINFERT","Endometriosis (Rahmioglu)","Nk0xbD","finngen_R12_N14_FEMALEINFERT",NA,"All - MR Egger","0.528",0.159,"0.002","Female infertility"
"finngen_R12_O15_PLAC_DISORD","Endometriosis (Rahmioglu)","Nk0xbD","finngen_R12_O15_PLAC_DISORD",NA,"rs10860864","-1.636",1.731,"0.345","Other placental disorders"
"finngen_R12_O15_PLAC_DISORD","Endometriosis (Rahmioglu)","Nk0xbD","finngen_R12_O15_PLAC_DISORD",NA,"rs10983311","0.85",1.864,"0.649","Other placental disorders"
"finngen_R12_O15_PLAC_DISORD","Endometriosis (Rahmioglu)","Nk0xbD","finngen_R12_O15_PLAC_DISORD",NA,"rs11674184","0.039",1.016,"0.97","Other placental disorders"
"finngen_R12_O15_PLAC_DISORD","Endometriosis (Rahmioglu)","Nk0xbD","finngen_R12_O15_PLAC_DISORD",NA,"rs11756073","2.379",1.819,"0.191","Other placental disorders"
"finngen_R12_O15_PLAC_DISORD","Endometriosis (Rahmioglu)","Nk0xbD","finngen_R12_O15_PLAC_DISORD",NA,"rs10917151","0.228",0.783,"0.771","Other placental disorders"
"finngen_R12_O15_PLAC_DISORD","Endometriosis (Rahmioglu)","Nk0xbD","finngen_R12_O15_PLAC_DISORD",NA,"rs12320196","2.364",1.574,"0.133","Other placental disorders"
"finngen_R12_O15_PLAC_DISORD","Endometriosis (Rahmioglu)","Nk0xbD","finngen_R12_O15_PLAC_DISORD",NA,"rs12441483","1.704",1.486,"0.251","Other placental disorders"
"finngen_R12_O15_PLAC_DISORD","Endometriosis (Rahmioglu)","Nk0xbD","finngen_R12_O15_PLAC_DISORD",NA,"rs12549438","-0.376",1.815,"0.836","Other placental disorders"
"finngen_R12_O15_PLAC_DISORD","Endometriosis (Rahmioglu)","Nk0xbD","finngen_R12_O15_PLAC_DISORD",NA,"rs12030576","-1.871",1.524,"0.22","Other placental disorders"
"finngen_R12_O15_PLAC_DISORD","Endometriosis (Rahmioglu)","Nk0xbD","finngen_R12_O15_PLAC_DISORD",NA,"rs1430787","-3.318",1.944,"0.088","Other placental disorders"
"finngen_R12_O15_PLAC_DISORD","Endometriosis (Rahmioglu)","Nk0xbD","finngen_R12_O15_PLAC_DISORD",NA,"rs1451383","2.093",1.553,"0.178","Other placental disorders"
"finngen_R12_O15_PLAC_DISORD","Endometriosis (Rahmioglu)","Nk0xbD","finngen_R12_O15_PLAC_DISORD",NA,"rs17053711","-2.244",1.828,"0.22","Other placental disorders"
"finngen_R12_O15_PLAC_DISORD","Endometriosis (Rahmioglu)","Nk0xbD","finngen_R12_O15_PLAC_DISORD",NA,"rs1903068","1.728",1.135,"0.128","Other placental disorders"
"finngen_R12_O15_PLAC_DISORD","Endometriosis (Rahmioglu)","Nk0xbD","finngen_R12_O15_PLAC_DISORD",NA,"rs1971256","-0.044",1.225,"0.971","Other placental disorders"
"finngen_R12_O15_PLAC_DISORD","Endometriosis (Rahmioglu)","Nk0xbD","finngen_R12_O15_PLAC_DISORD",NA,"rs2036754","-0.656",2.107,"0.755","Other placental disorders"
"finngen_R12_O15_PLAC_DISORD","Endometriosis (Rahmioglu)","Nk0xbD","finngen_R12_O15_PLAC_DISORD",NA,"rs2226158","1.34",1.758,"0.446","Other placental disorders"
"finngen_R12_O15_PLAC_DISORD","Endometriosis (Rahmioglu)","Nk0xbD","finngen_R12_O15_PLAC_DISORD",NA,"rs2421985","-0.91",1.464,"0.534","Other placental disorders"
"finngen_R12_O15_PLAC_DISORD","Endometriosis (Rahmioglu)","Nk0xbD","finngen_R12_O15_PLAC_DISORD",NA,"rs2510770","-0.274",1.98,"0.89","Other placental disorders"
"finngen_R12_O15_PLAC_DISORD","Endometriosis (Rahmioglu)","Nk0xbD","finngen_R12_O15_PLAC_DISORD",NA,"rs2946160","4.388",2.138,"0.04","Other placental disorders"
"finngen_R12_O15_PLAC_DISORD","Endometriosis (Rahmioglu)","Nk0xbD","finngen_R12_O15_PLAC_DISORD",NA,"rs2967684","1.309",1.727,"0.448","Other placental disorders"
"finngen_R12_O15_PLAC_DISORD","Endometriosis (Rahmioglu)","Nk0xbD","finngen_R12_O15_PLAC_DISORD",NA,"rs3803042","1.057",1.879,"0.574","Other placental disorders"
"finngen_R12_O15_PLAC_DISORD","Endometriosis (Rahmioglu)","Nk0xbD","finngen_R12_O15_PLAC_DISORD",NA,"rs1352889","-0.691",2.459,"0.779","Other placental disorders"
"finngen_R12_O15_PLAC_DISORD","Endometriosis (Rahmioglu)","Nk0xbD","finngen_R12_O15_PLAC_DISORD",NA,"rs4540228","1.57",1.68,"0.35","Other placental disorders"
"finngen_R12_O15_PLAC_DISORD","Endometriosis (Rahmioglu)","Nk0xbD","finngen_R12_O15_PLAC_DISORD",NA,"rs55909142","0.154",2.033,"0.94","Other placental disorders"
"finngen_R12_O15_PLAC_DISORD","Endometriosis (Rahmioglu)","Nk0xbD","finngen_R12_O15_PLAC_DISORD",NA,"rs56090796","2.203",1.897,"0.245","Other placental disorders"
"finngen_R12_O15_PLAC_DISORD","Endometriosis (Rahmioglu)","Nk0xbD","finngen_R12_O15_PLAC_DISORD",NA,"rs57281976","2.183",1.704,"0.2","Other placental disorders"
"finngen_R12_O15_PLAC_DISORD","Endometriosis (Rahmioglu)","Nk0xbD","finngen_R12_O15_PLAC_DISORD",NA,"rs6435157","1.176",2.263,"0.603","Other placental disorders"
"finngen_R12_O15_PLAC_DISORD","Endometriosis (Rahmioglu)","Nk0xbD","finngen_R12_O15_PLAC_DISORD",NA,"rs6456259","1.672",1.337,"0.211","Other placental disorders"
"finngen_R12_O15_PLAC_DISORD","Endometriosis (Rahmioglu)","Nk0xbD","finngen_R12_O15_PLAC_DISORD",NA,"rs66683298","2.51",1.742,"0.15","Other placental disorders"
"finngen_R12_O15_PLAC_DISORD","Endometriosis (Rahmioglu)","Nk0xbD","finngen_R12_O15_PLAC_DISORD",NA,"rs71575922","-1.165",0.858,"0.175","Other placental disorders"
"finngen_R12_O15_PLAC_DISORD","Endometriosis (Rahmioglu)","Nk0xbD","finngen_R12_O15_PLAC_DISORD",NA,"rs7214750","0.1",1.538,"0.948","Other placental disorders"
"finngen_R12_O15_PLAC_DISORD","Endometriosis (Rahmioglu)","Nk0xbD","finngen_R12_O15_PLAC_DISORD",NA,"rs7334326","0.658",1.925,"0.733","Other placental disorders"
"finngen_R12_O15_PLAC_DISORD","Endometriosis (Rahmioglu)","Nk0xbD","finngen_R12_O15_PLAC_DISORD",NA,"rs73633307","0.774",1.498,"0.605","Other placental disorders"
"finngen_R12_O15_PLAC_DISORD","Endometriosis (Rahmioglu)","Nk0xbD","finngen_R12_O15_PLAC_DISORD",NA,"rs7907732","0.411",1.713,"0.81","Other placental disorders"
"finngen_R12_O15_PLAC_DISORD","Endometriosis (Rahmioglu)","Nk0xbD","finngen_R12_O15_PLAC_DISORD",NA,"rs3858429","0.888",0.889,"0.318","Other placental disorders"
"finngen_R12_O15_PLAC_DISORD","Endometriosis (Rahmioglu)","Nk0xbD","finngen_R12_O15_PLAC_DISORD",NA,"rs10090060","0.836",1.406,"0.552","Other placental disorders"
"finngen_R12_O15_PLAC_DISORD","Endometriosis (Rahmioglu)","Nk0xbD","finngen_R12_O15_PLAC_DISORD",NA,"rs10122243","-0.909",1.286,"0.48","Other placental disorders"
"finngen_R12_O15_PLAC_DISORD","Endometriosis (Rahmioglu)","Nk0xbD","finngen_R12_O15_PLAC_DISORD",NA,"rs10757277","-0.18",1.697,"0.916","Other placental disorders"
"finngen_R12_O15_PLAC_DISORD","Endometriosis (Rahmioglu)","Nk0xbD","finngen_R12_O15_PLAC_DISORD",NA,"rs10828249","-0.993",1.585,"0.531","Other placental disorders"
"finngen_R12_O15_PLAC_DISORD","Endometriosis (Rahmioglu)","Nk0xbD","finngen_R12_O15_PLAC_DISORD",NA,"All - MR Egger","-0.036",0.722,"0.96","Other placental disorders"
"finngen_R12_O15_PLAC_DISORD","Endometriosis (Rahmioglu)","Nk0xbD","finngen_R12_O15_PLAC_DISORD",NA,"rs7924571","-2.243",1.616,"0.165","Other placental disorders"
"finngen_R12_O15_PLAC_DISORD","Endometriosis (Rahmioglu)","Nk0xbD","finngen_R12_O15_PLAC_DISORD",NA,"All - Inverse variance weighted","0.346",0.233,"0.137","Other placental disorders"
"finngen_R12_O15_PLAC_PRAEVIA","Endometriosis (Rahmioglu)","Nk0xbD","finngen_R12_O15_PLAC_PRAEVIA",NA,"rs10757277","-0.366",0.731,"0.617","Placenta praevia"
"finngen_R12_O15_PLAC_PRAEVIA","Endometriosis (Rahmioglu)","Nk0xbD","finngen_R12_O15_PLAC_PRAEVIA",NA,"rs10828249","0.274",0.685,"0.69","Placenta praevia"
"finngen_R12_O15_PLAC_PRAEVIA","Endometriosis (Rahmioglu)","Nk0xbD","finngen_R12_O15_PLAC_PRAEVIA",NA,"rs10983311","0.115",0.803,"0.886","Placenta praevia"
"finngen_R12_O15_PLAC_PRAEVIA","Endometriosis (Rahmioglu)","Nk0xbD","finngen_R12_O15_PLAC_PRAEVIA",NA,"rs11674184","0.623",0.44,"0.156","Placenta praevia"
"finngen_R12_O15_PLAC_PRAEVIA","Endometriosis (Rahmioglu)","Nk0xbD","finngen_R12_O15_PLAC_PRAEVIA",NA,"rs10860864","0.79",0.743,"0.287","Placenta praevia"
"finngen_R12_O15_PLAC_PRAEVIA","Endometriosis (Rahmioglu)","Nk0xbD","finngen_R12_O15_PLAC_PRAEVIA",NA,"rs10917151","0.782",0.338,"0.021","Placenta praevia"
"finngen_R12_O15_PLAC_PRAEVIA","Endometriosis (Rahmioglu)","Nk0xbD","finngen_R12_O15_PLAC_PRAEVIA",NA,"rs12320196","-0.356",0.679,"0.6","Placenta praevia"
"finngen_R12_O15_PLAC_PRAEVIA","Endometriosis (Rahmioglu)","Nk0xbD","finngen_R12_O15_PLAC_PRAEVIA",NA,"rs12441483","0.941",0.641,"0.142","Placenta praevia"
"finngen_R12_O15_PLAC_PRAEVIA","Endometriosis (Rahmioglu)","Nk0xbD","finngen_R12_O15_PLAC_PRAEVIA",NA,"rs11756073","0.759",0.78,"0.33","Placenta praevia"
"finngen_R12_O15_PLAC_PRAEVIA","Endometriosis (Rahmioglu)","Nk0xbD","finngen_R12_O15_PLAC_PRAEVIA",NA,"rs12030576","1.282",0.657,"0.051","Placenta praevia"
"finngen_R12_O15_PLAC_PRAEVIA","Endometriosis (Rahmioglu)","Nk0xbD","finngen_R12_O15_PLAC_PRAEVIA",NA,"rs10122243","0.997",0.555,"0.073","Placenta praevia"
"finngen_R12_O15_PLAC_PRAEVIA","Endometriosis (Rahmioglu)","Nk0xbD","finngen_R12_O15_PLAC_PRAEVIA",NA,"rs1451383","0.262",0.669,"0.696","Placenta praevia"
"finngen_R12_O15_PLAC_PRAEVIA","Endometriosis (Rahmioglu)","Nk0xbD","finngen_R12_O15_PLAC_PRAEVIA",NA,"rs17053711","0.167",0.788,"0.833","Placenta praevia"
"finngen_R12_O15_PLAC_PRAEVIA","Endometriosis (Rahmioglu)","Nk0xbD","finngen_R12_O15_PLAC_PRAEVIA",NA,"rs1903068","0.708",0.487,"0.146","Placenta praevia"
"finngen_R12_O15_PLAC_PRAEVIA","Endometriosis (Rahmioglu)","Nk0xbD","finngen_R12_O15_PLAC_PRAEVIA",NA,"rs1971256","0.834",0.524,"0.111","Placenta praevia"
"finngen_R12_O15_PLAC_PRAEVIA","Endometriosis (Rahmioglu)","Nk0xbD","finngen_R12_O15_PLAC_PRAEVIA",NA,"rs2036754","0.532",0.909,"0.559","Placenta praevia"
"finngen_R12_O15_PLAC_PRAEVIA","Endometriosis (Rahmioglu)","Nk0xbD","finngen_R12_O15_PLAC_PRAEVIA",NA,"rs2226158","1.504",0.759,"0.047","Placenta praevia"
"finngen_R12_O15_PLAC_PRAEVIA","Endometriosis (Rahmioglu)","Nk0xbD","finngen_R12_O15_PLAC_PRAEVIA",NA,"rs2421985","-0.325",0.632,"0.607","Placenta praevia"
"finngen_R12_O15_PLAC_PRAEVIA","Endometriosis (Rahmioglu)","Nk0xbD","finngen_R12_O15_PLAC_PRAEVIA",NA,"rs2510770","0.113",0.851,"0.895","Placenta praevia"
"finngen_R12_O15_PLAC_PRAEVIA","Endometriosis (Rahmioglu)","Nk0xbD","finngen_R12_O15_PLAC_PRAEVIA",NA,"rs2946160","1.1",0.922,"0.233","Placenta praevia"
"finngen_R12_O15_PLAC_PRAEVIA","Endometriosis (Rahmioglu)","Nk0xbD","finngen_R12_O15_PLAC_PRAEVIA",NA,"rs2967684","0.997",0.74,"0.177","Placenta praevia"
"finngen_R12_O15_PLAC_PRAEVIA","Endometriosis (Rahmioglu)","Nk0xbD","finngen_R12_O15_PLAC_PRAEVIA",NA,"rs12549438","0.648",0.782,"0.407","Placenta praevia"
"finngen_R12_O15_PLAC_PRAEVIA","Endometriosis (Rahmioglu)","Nk0xbD","finngen_R12_O15_PLAC_PRAEVIA",NA,"rs1352889","0.03",1.064,"0.978","Placenta praevia"
"finngen_R12_O15_PLAC_PRAEVIA","Endometriosis (Rahmioglu)","Nk0xbD","finngen_R12_O15_PLAC_PRAEVIA",NA,"rs1430787","0.81",0.835,"0.332","Placenta praevia"
"finngen_R12_O15_PLAC_PRAEVIA","Endometriosis (Rahmioglu)","Nk0xbD","finngen_R12_O15_PLAC_PRAEVIA",NA,"rs55909142","3.07",0.88,"4.85e-04","Placenta praevia"
"finngen_R12_O15_PLAC_PRAEVIA","Endometriosis (Rahmioglu)","Nk0xbD","finngen_R12_O15_PLAC_PRAEVIA",NA,"rs56090796","0.831",0.818,"0.31","Placenta praevia"
"finngen_R12_O15_PLAC_PRAEVIA","Endometriosis (Rahmioglu)","Nk0xbD","finngen_R12_O15_PLAC_PRAEVIA",NA,"rs57281976","-0.002",0.735,"0.998","Placenta praevia"
"finngen_R12_O15_PLAC_PRAEVIA","Endometriosis (Rahmioglu)","Nk0xbD","finngen_R12_O15_PLAC_PRAEVIA",NA,"rs6435157","1.91",0.977,"0.051","Placenta praevia"
"finngen_R12_O15_PLAC_PRAEVIA","Endometriosis (Rahmioglu)","Nk0xbD","finngen_R12_O15_PLAC_PRAEVIA",NA,"rs6456259","0.36",0.575,"0.531","Placenta praevia"
"finngen_R12_O15_PLAC_PRAEVIA","Endometriosis (Rahmioglu)","Nk0xbD","finngen_R12_O15_PLAC_PRAEVIA",NA,"rs66683298","0.673",0.755,"0.372","Placenta praevia"
"finngen_R12_O15_PLAC_PRAEVIA","Endometriosis (Rahmioglu)","Nk0xbD","finngen_R12_O15_PLAC_PRAEVIA",NA,"rs71575922","-0.085",0.371,"0.82","Placenta praevia"
"finngen_R12_O15_PLAC_PRAEVIA","Endometriosis (Rahmioglu)","Nk0xbD","finngen_R12_O15_PLAC_PRAEVIA",NA,"rs7214750","0.943",0.666,"0.157","Placenta praevia"
"finngen_R12_O15_PLAC_PRAEVIA","Endometriosis (Rahmioglu)","Nk0xbD","finngen_R12_O15_PLAC_PRAEVIA",NA,"rs7334326","0.796",0.83,"0.337","Placenta praevia"
"finngen_R12_O15_PLAC_PRAEVIA","Endometriosis (Rahmioglu)","Nk0xbD","finngen_R12_O15_PLAC_PRAEVIA",NA,"rs73633307","0.704",0.645,"0.275","Placenta praevia"
"finngen_R12_O15_PLAC_PRAEVIA","Endometriosis (Rahmioglu)","Nk0xbD","finngen_R12_O15_PLAC_PRAEVIA",NA,"rs3803042","-0.051",0.811,"0.95","Placenta praevia"
"finngen_R12_O15_PLAC_PRAEVIA","Endometriosis (Rahmioglu)","Nk0xbD","finngen_R12_O15_PLAC_PRAEVIA",NA,"rs3858429","0.396",0.384,"0.302","Placenta praevia"
"finngen_R12_O15_PLAC_PRAEVIA","Endometriosis (Rahmioglu)","Nk0xbD","finngen_R12_O15_PLAC_PRAEVIA",NA,"rs4540228","-0.303",0.728,"0.677","Placenta praevia"
"finngen_R12_O15_PLAC_PRAEVIA","Endometriosis (Rahmioglu)","Nk0xbD","finngen_R12_O15_PLAC_PRAEVIA",NA,"All - MR Egger","0.476",0.312,"0.135","Placenta praevia"
"finngen_R12_O15_PLAC_PRAEVIA","Endometriosis (Rahmioglu)","Nk0xbD","finngen_R12_O15_PLAC_PRAEVIA",NA,"rs10090060","-0.876",0.604,"0.147","Placenta praevia"
"finngen_R12_O15_PLAC_PRAEVIA","Endometriosis (Rahmioglu)","Nk0xbD","finngen_R12_O15_PLAC_PRAEVIA",NA,"rs7907732","-0.103",0.736,"0.889","Placenta praevia"
"finngen_R12_O15_PLAC_PRAEVIA","Endometriosis (Rahmioglu)","Nk0xbD","finngen_R12_O15_PLAC_PRAEVIA",NA,"rs7924571","-0.335",0.696,"0.63","Placenta praevia"
"finngen_R12_O15_PLAC_PRAEVIA","Endometriosis (Rahmioglu)","Nk0xbD","finngen_R12_O15_PLAC_PRAEVIA",NA,"All - Inverse variance weighted","0.483",0.1,"1.46e-06","Placenta praevia"
"finngen_R12_O15_PLAC_PREMAT_SEPAR","Endometriosis (Rahmioglu)","Nk0xbD","finngen_R12_O15_PLAC_PREMAT_SEPAR",NA,"rs10122243","0.994",0.794,"0.211","Placental abruption"
"finngen_R12_O15_PLAC_PREMAT_SEPAR","Endometriosis (Rahmioglu)","Nk0xbD","finngen_R12_O15_PLAC_PREMAT_SEPAR",NA,"rs10917151","0.758",0.485,"0.118","Placental abruption"
"finngen_R12_O15_PLAC_PREMAT_SEPAR","Endometriosis (Rahmioglu)","Nk0xbD","finngen_R12_O15_PLAC_PREMAT_SEPAR",NA,"rs10757277","-0.006",1.047,"0.995","Placental abruption"
"finngen_R12_O15_PLAC_PREMAT_SEPAR","Endometriosis (Rahmioglu)","Nk0xbD","finngen_R12_O15_PLAC_PREMAT_SEPAR",NA,"rs10828249","0.533",0.982,"0.587","Placental abruption"
"finngen_R12_O15_PLAC_PREMAT_SEPAR","Endometriosis (Rahmioglu)","Nk0xbD","finngen_R12_O15_PLAC_PREMAT_SEPAR",NA,"rs10860864","0.388",1.067,"0.716","Placental abruption"
"finngen_R12_O15_PLAC_PREMAT_SEPAR","Endometriosis (Rahmioglu)","Nk0xbD","finngen_R12_O15_PLAC_PREMAT_SEPAR",NA,"rs12030576","0.489",0.942,"0.603","Placental abruption"
"finngen_R12_O15_PLAC_PREMAT_SEPAR","Endometriosis (Rahmioglu)","Nk0xbD","finngen_R12_O15_PLAC_PREMAT_SEPAR",NA,"rs10983311","1.294",1.151,"0.261","Placental abruption"
"finngen_R12_O15_PLAC_PREMAT_SEPAR","Endometriosis (Rahmioglu)","Nk0xbD","finngen_R12_O15_PLAC_PREMAT_SEPAR",NA,"rs11674184","0.425",0.631,"0.501","Placental abruption"
"finngen_R12_O15_PLAC_PREMAT_SEPAR","Endometriosis (Rahmioglu)","Nk0xbD","finngen_R12_O15_PLAC_PREMAT_SEPAR",NA,"rs11756073","1.891",1.115,"0.09","Placental abruption"
"finngen_R12_O15_PLAC_PREMAT_SEPAR","Endometriosis (Rahmioglu)","Nk0xbD","finngen_R12_O15_PLAC_PREMAT_SEPAR",NA,"rs10090060","-0.302",0.866,"0.727","Placental abruption"
"finngen_R12_O15_PLAC_PREMAT_SEPAR","Endometriosis (Rahmioglu)","Nk0xbD","finngen_R12_O15_PLAC_PREMAT_SEPAR",NA,"rs1430787","0.983",1.197,"0.411","Placental abruption"
"finngen_R12_O15_PLAC_PREMAT_SEPAR","Endometriosis (Rahmioglu)","Nk0xbD","finngen_R12_O15_PLAC_PREMAT_SEPAR",NA,"rs1451383","-0.527",0.957,"0.582","Placental abruption"
"finngen_R12_O15_PLAC_PREMAT_SEPAR","Endometriosis (Rahmioglu)","Nk0xbD","finngen_R12_O15_PLAC_PREMAT_SEPAR",NA,"rs17053711","0.712",1.131,"0.529","Placental abruption"
"finngen_R12_O15_PLAC_PREMAT_SEPAR","Endometriosis (Rahmioglu)","Nk0xbD","finngen_R12_O15_PLAC_PREMAT_SEPAR",NA,"rs1903068","-0.296",0.697,"0.67","Placental abruption"
"finngen_R12_O15_PLAC_PREMAT_SEPAR","Endometriosis (Rahmioglu)","Nk0xbD","finngen_R12_O15_PLAC_PREMAT_SEPAR",NA,"rs1971256","-0.325",0.753,"0.666","Placental abruption"
"finngen_R12_O15_PLAC_PREMAT_SEPAR","Endometriosis (Rahmioglu)","Nk0xbD","finngen_R12_O15_PLAC_PREMAT_SEPAR",NA,"rs2036754","-0.493",1.301,"0.705","Placental abruption"
"finngen_R12_O15_PLAC_PREMAT_SEPAR","Endometriosis (Rahmioglu)","Nk0xbD","finngen_R12_O15_PLAC_PREMAT_SEPAR",NA,"rs2226158","-0.467",1.086,"0.667","Placental abruption"
"finngen_R12_O15_PLAC_PREMAT_SEPAR","Endometriosis (Rahmioglu)","Nk0xbD","finngen_R12_O15_PLAC_PREMAT_SEPAR",NA,"rs2421985","1.199",0.904,"0.184","Placental abruption"
"finngen_R12_O15_PLAC_PREMAT_SEPAR","Endometriosis (Rahmioglu)","Nk0xbD","finngen_R12_O15_PLAC_PREMAT_SEPAR",NA,"rs2510770","1.372",1.219,"0.261","Placental abruption"
"finngen_R12_O15_PLAC_PREMAT_SEPAR","Endometriosis (Rahmioglu)","Nk0xbD","finngen_R12_O15_PLAC_PREMAT_SEPAR",NA,"rs12320196","-0.555",0.972,"0.568","Placental abruption"
"finngen_R12_O15_PLAC_PREMAT_SEPAR","Endometriosis (Rahmioglu)","Nk0xbD","finngen_R12_O15_PLAC_PREMAT_SEPAR",NA,"rs12441483","-0.302",0.917,"0.742","Placental abruption"
"finngen_R12_O15_PLAC_PREMAT_SEPAR","Endometriosis (Rahmioglu)","Nk0xbD","finngen_R12_O15_PLAC_PREMAT_SEPAR",NA,"rs12549438","0.648",1.123,"0.564","Placental abruption"
"finngen_R12_O15_PLAC_PREMAT_SEPAR","Endometriosis (Rahmioglu)","Nk0xbD","finngen_R12_O15_PLAC_PREMAT_SEPAR",NA,"rs1352889","-0.607",1.522,"0.69","Placental abruption"
"finngen_R12_O15_PLAC_PREMAT_SEPAR","Endometriosis (Rahmioglu)","Nk0xbD","finngen_R12_O15_PLAC_PREMAT_SEPAR",NA,"rs4540228","0.755",1.038,"0.467","Placental abruption"
"finngen_R12_O15_PLAC_PREMAT_SEPAR","Endometriosis (Rahmioglu)","Nk0xbD","finngen_R12_O15_PLAC_PREMAT_SEPAR",NA,"rs55909142","1.509",1.252,"0.228","Placental abruption"
"finngen_R12_O15_PLAC_PREMAT_SEPAR","Endometriosis (Rahmioglu)","Nk0xbD","finngen_R12_O15_PLAC_PREMAT_SEPAR",NA,"rs56090796","0.17",1.175,"0.885","Placental abruption"
"finngen_R12_O15_PLAC_PREMAT_SEPAR","Endometriosis (Rahmioglu)","Nk0xbD","finngen_R12_O15_PLAC_PREMAT_SEPAR",NA,"rs57281976","-1.43",1.054,"0.175","Placental abruption"
"finngen_R12_O15_PLAC_PREMAT_SEPAR","Endometriosis (Rahmioglu)","Nk0xbD","finngen_R12_O15_PLAC_PREMAT_SEPAR",NA,"rs6435157","2.134",1.403,"0.128","Placental abruption"
"finngen_R12_O15_PLAC_PREMAT_SEPAR","Endometriosis (Rahmioglu)","Nk0xbD","finngen_R12_O15_PLAC_PREMAT_SEPAR",NA,"rs6456259","0.394",0.827,"0.634","Placental abruption"
"finngen_R12_O15_PLAC_PREMAT_SEPAR","Endometriosis (Rahmioglu)","Nk0xbD","finngen_R12_O15_PLAC_PREMAT_SEPAR",NA,"rs66683298","0.815",1.081,"0.451","Placental abruption"
"finngen_R12_O15_PLAC_PREMAT_SEPAR","Endometriosis (Rahmioglu)","Nk0xbD","finngen_R12_O15_PLAC_PREMAT_SEPAR",NA,"rs71575922","-0.023",0.531,"0.965","Placental abruption"
"finngen_R12_O15_PLAC_PREMAT_SEPAR","Endometriosis (Rahmioglu)","Nk0xbD","finngen_R12_O15_PLAC_PREMAT_SEPAR",NA,"rs7214750","-0.354",0.946,"0.708","Placental abruption"
"finngen_R12_O15_PLAC_PREMAT_SEPAR","Endometriosis (Rahmioglu)","Nk0xbD","finngen_R12_O15_PLAC_PREMAT_SEPAR",NA,"rs2946160","-0.437",1.32,"0.74","Placental abruption"
"finngen_R12_O15_PLAC_PREMAT_SEPAR","Endometriosis (Rahmioglu)","Nk0xbD","finngen_R12_O15_PLAC_PREMAT_SEPAR",NA,"rs2967684","2.025",1.059,"0.056","Placental abruption"
"finngen_R12_O15_PLAC_PREMAT_SEPAR","Endometriosis (Rahmioglu)","Nk0xbD","finngen_R12_O15_PLAC_PREMAT_SEPAR",NA,"rs3803042","-0.069",1.16,"0.952","Placental abruption"
"finngen_R12_O15_PLAC_PREMAT_SEPAR","Endometriosis (Rahmioglu)","Nk0xbD","finngen_R12_O15_PLAC_PREMAT_SEPAR",NA,"rs3858429","0.458",0.549,"0.404","Placental abruption"
"finngen_R12_O15_PLAC_PREMAT_SEPAR","Endometriosis (Rahmioglu)","Nk0xbD","finngen_R12_O15_PLAC_PREMAT_SEPAR",NA,"All - Inverse variance weighted","0.31",0.144,"0.031","Placental abruption"
"finngen_R12_O15_PLAC_PREMAT_SEPAR","Endometriosis (Rahmioglu)","Nk0xbD","finngen_R12_O15_PLAC_PREMAT_SEPAR",NA,"All - MR Egger","0.501",0.446,"0.269","Placental abruption"
"finngen_R12_O15_PLAC_PREMAT_SEPAR","Endometriosis (Rahmioglu)","Nk0xbD","finngen_R12_O15_PLAC_PREMAT_SEPAR",NA,"rs7334326","1.264",1.19,"0.288","Placental abruption"
"finngen_R12_O15_PLAC_PREMAT_SEPAR","Endometriosis (Rahmioglu)","Nk0xbD","finngen_R12_O15_PLAC_PREMAT_SEPAR",NA,"rs73633307","1.609",0.915,"0.079","Placental abruption"
"finngen_R12_O15_PLAC_PREMAT_SEPAR","Endometriosis (Rahmioglu)","Nk0xbD","finngen_R12_O15_PLAC_PREMAT_SEPAR",NA,"rs7907732","-1.44",1.053,"0.172","Placental abruption"
"finngen_R12_O15_PLAC_PREMAT_SEPAR","Endometriosis (Rahmioglu)","Nk0xbD","finngen_R12_O15_PLAC_PREMAT_SEPAR",NA,"rs7924571","-1.798",0.996,"0.071","Placental abruption"
"finngen_R12_O15_PREG_ECTOP","Endometriosis (Rahmioglu)","Nk0xbD","finngen_R12_O15_PREG_ECTOP",NA,"rs10090060","0.623",0.3,"0.038","Ectopic pregnancy"
"finngen_R12_O15_PREG_ECTOP","Endometriosis (Rahmioglu)","Nk0xbD","finngen_R12_O15_PREG_ECTOP",NA,"rs10122243","-0.328",0.275,"0.232","Ectopic pregnancy"
"finngen_R12_O15_PREG_ECTOP","Endometriosis (Rahmioglu)","Nk0xbD","finngen_R12_O15_PREG_ECTOP",NA,"rs10757277","-0.15",0.363,"0.68","Ectopic pregnancy"
"finngen_R12_O15_PREG_ECTOP","Endometriosis (Rahmioglu)","Nk0xbD","finngen_R12_O15_PREG_ECTOP",NA,"rs10828249","0.661",0.34,"0.052","Ectopic pregnancy"
"finngen_R12_O15_PREG_ECTOP","Endometriosis (Rahmioglu)","Nk0xbD","finngen_R12_O15_PREG_ECTOP",NA,"rs10860864","-0.262",0.369,"0.477","Ectopic pregnancy"
"finngen_R12_O15_PREG_ECTOP","Endometriosis (Rahmioglu)","Nk0xbD","finngen_R12_O15_PREG_ECTOP",NA,"rs10917151","-0.099",0.167,"0.555","Ectopic pregnancy"
"finngen_R12_O15_PREG_ECTOP","Endometriosis (Rahmioglu)","Nk0xbD","finngen_R12_O15_PREG_ECTOP",NA,"rs10983311","0.029",0.398,"0.943","Ectopic pregnancy"
"finngen_R12_O15_PREG_ECTOP","Endometriosis (Rahmioglu)","Nk0xbD","finngen_R12_O15_PREG_ECTOP",NA,"rs11674184","0.4",0.218,"0.066","Ectopic pregnancy"
"finngen_R12_O15_PREG_ECTOP","Endometriosis (Rahmioglu)","Nk0xbD","finngen_R12_O15_PREG_ECTOP",NA,"rs12549438","0.14",0.388,"0.717","Ectopic pregnancy"
"finngen_R12_O15_PREG_ECTOP","Endometriosis (Rahmioglu)","Nk0xbD","finngen_R12_O15_PREG_ECTOP",NA,"rs1352889","0.401",0.528,"0.448","Ectopic pregnancy"
"finngen_R12_O15_PREG_ECTOP","Endometriosis (Rahmioglu)","Nk0xbD","finngen_R12_O15_PREG_ECTOP",NA,"rs1430787","0.239",0.413,"0.563","Ectopic pregnancy"
"finngen_R12_O15_PREG_ECTOP","Endometriosis (Rahmioglu)","Nk0xbD","finngen_R12_O15_PREG_ECTOP",NA,"rs1451383","-0.21",0.331,"0.526","Ectopic pregnancy"
"finngen_R12_O15_PREG_ECTOP","Endometriosis (Rahmioglu)","Nk0xbD","finngen_R12_O15_PREG_ECTOP",NA,"rs17053711","-0.202",0.391,"0.606","Ectopic pregnancy"
"finngen_R12_O15_PREG_ECTOP","Endometriosis (Rahmioglu)","Nk0xbD","finngen_R12_O15_PREG_ECTOP",NA,"rs1903068","-0.197",0.241,"0.415","Ectopic pregnancy"
"finngen_R12_O15_PREG_ECTOP","Endometriosis (Rahmioglu)","Nk0xbD","finngen_R12_O15_PREG_ECTOP",NA,"rs1971256","0.272",0.26,"0.296","Ectopic pregnancy"
"finngen_R12_O15_PREG_ECTOP","Endometriosis (Rahmioglu)","Nk0xbD","finngen_R12_O15_PREG_ECTOP",NA,"rs2036754","0.677",0.448,"0.131","Ectopic pregnancy"
"finngen_R12_O15_PREG_ECTOP","Endometriosis (Rahmioglu)","Nk0xbD","finngen_R12_O15_PREG_ECTOP",NA,"rs2226158","0.103",0.376,"0.785","Ectopic pregnancy"
"finngen_R12_O15_PREG_ECTOP","Endometriosis (Rahmioglu)","Nk0xbD","finngen_R12_O15_PREG_ECTOP",NA,"rs11756073","-0.42",0.387,"0.278","Ectopic pregnancy"
"finngen_R12_O15_PREG_ECTOP","Endometriosis (Rahmioglu)","Nk0xbD","finngen_R12_O15_PREG_ECTOP",NA,"rs12030576","0.063",0.325,"0.847","Ectopic pregnancy"
"finngen_R12_O15_PREG_ECTOP","Endometriosis (Rahmioglu)","Nk0xbD","finngen_R12_O15_PREG_ECTOP",NA,"rs12320196","-0.377",0.337,"0.263","Ectopic pregnancy"
"finngen_R12_O15_PREG_ECTOP","Endometriosis (Rahmioglu)","Nk0xbD","finngen_R12_O15_PREG_ECTOP",NA,"rs12441483","-0.608",0.317,"0.055","Ectopic pregnancy"
"finngen_R12_O15_PREG_ECTOP","Endometriosis (Rahmioglu)","Nk0xbD","finngen_R12_O15_PREG_ECTOP",NA,"rs3803042","-0.031",0.401,"0.938","Ectopic pregnancy"
"finngen_R12_O15_PREG_ECTOP","Endometriosis (Rahmioglu)","Nk0xbD","finngen_R12_O15_PREG_ECTOP",NA,"rs3858429","0.084",0.19,"0.658","Ectopic pregnancy"
"finngen_R12_O15_PREG_ECTOP","Endometriosis (Rahmioglu)","Nk0xbD","finngen_R12_O15_PREG_ECTOP",NA,"rs4540228","-0.433",0.359,"0.227","Ectopic pregnancy"
"finngen_R12_O15_PREG_ECTOP","Endometriosis (Rahmioglu)","Nk0xbD","finngen_R12_O15_PREG_ECTOP",NA,"rs55909142","0.68",0.433,"0.116","Ectopic pregnancy"
"finngen_R12_O15_PREG_ECTOP","Endometriosis (Rahmioglu)","Nk0xbD","finngen_R12_O15_PREG_ECTOP",NA,"rs56090796","-0.043",0.405,"0.915","Ectopic pregnancy"
"finngen_R12_O15_PREG_ECTOP","Endometriosis (Rahmioglu)","Nk0xbD","finngen_R12_O15_PREG_ECTOP",NA,"rs57281976","-0.186",0.363,"0.609","Ectopic pregnancy"
"finngen_R12_O15_PREG_ECTOP","Endometriosis (Rahmioglu)","Nk0xbD","finngen_R12_O15_PREG_ECTOP",NA,"rs6435157","-0.237",0.485,"0.626","Ectopic pregnancy"
"finngen_R12_O15_PREG_ECTOP","Endometriosis (Rahmioglu)","Nk0xbD","finngen_R12_O15_PREG_ECTOP",NA,"rs6456259","-0.564",0.284,"0.047","Ectopic pregnancy"
"finngen_R12_O15_PREG_ECTOP","Endometriosis (Rahmioglu)","Nk0xbD","finngen_R12_O15_PREG_ECTOP",NA,"rs66683298","-0.42",0.374,"0.261","Ectopic pregnancy"
"finngen_R12_O15_PREG_ECTOP","Endometriosis (Rahmioglu)","Nk0xbD","finngen_R12_O15_PREG_ECTOP",NA,"rs2421985","-0.47",0.313,"0.134","Ectopic pregnancy"
"finngen_R12_O15_PREG_ECTOP","Endometriosis (Rahmioglu)","Nk0xbD","finngen_R12_O15_PREG_ECTOP",NA,"rs2510770","-0.362",0.422,"0.391","Ectopic pregnancy"
"finngen_R12_O15_PREG_ECTOP","Endometriosis (Rahmioglu)","Nk0xbD","finngen_R12_O15_PREG_ECTOP",NA,"rs2946160","0.069",0.457,"0.88","Ectopic pregnancy"
"finngen_R12_O15_PREG_ECTOP","Endometriosis (Rahmioglu)","Nk0xbD","finngen_R12_O15_PREG_ECTOP",NA,"rs2967684","0.402",0.367,"0.273","Ectopic pregnancy"
"finngen_R12_O15_PREG_ECTOP","Endometriosis (Rahmioglu)","Nk0xbD","finngen_R12_O15_PREG_ECTOP",NA,"rs7924571","0.295",0.344,"0.39","Ectopic pregnancy"
"finngen_R12_O15_PREG_ECTOP","Endometriosis (Rahmioglu)","Nk0xbD","finngen_R12_O15_PREG_ECTOP",NA,"All - Inverse variance weighted","0.022",0.054,"0.683","Ectopic pregnancy"
"finngen_R12_O15_PREG_ECTOP","Endometriosis (Rahmioglu)","Nk0xbD","finngen_R12_O15_PREG_ECTOP",NA,"All - MR Egger","0.155",0.169,"0.364","Ectopic pregnancy"
"finngen_R12_O15_PREG_ECTOP","Endometriosis (Rahmioglu)","Nk0xbD","finngen_R12_O15_PREG_ECTOP",NA,"rs71575922","0.191",0.184,"0.299","Ectopic pregnancy"
"finngen_R12_O15_PREG_ECTOP","Endometriosis (Rahmioglu)","Nk0xbD","finngen_R12_O15_PREG_ECTOP",NA,"rs7214750","0.23",0.327,"0.482","Ectopic pregnancy"
"finngen_R12_O15_PREG_ECTOP","Endometriosis (Rahmioglu)","Nk0xbD","finngen_R12_O15_PREG_ECTOP",NA,"rs7334326","-0.045",0.409,"0.913","Ectopic pregnancy"
"finngen_R12_O15_PREG_ECTOP","Endometriosis (Rahmioglu)","Nk0xbD","finngen_R12_O15_PREG_ECTOP",NA,"rs73633307","0.589",0.317,"0.063","Ectopic pregnancy"
"finngen_R12_O15_PREG_ECTOP","Endometriosis (Rahmioglu)","Nk0xbD","finngen_R12_O15_PREG_ECTOP",NA,"rs7907732","0.38",0.365,"0.299","Ectopic pregnancy"
"ga_all","Endometriosis (Rahmioglu)","Nk0xbD","ga_all",210082,"rs10122243","0.122",0.098,"0.211","Gestational age (all)"
"ga_all","Endometriosis (Rahmioglu)","Nk0xbD","ga_all",210082,"rs10860864","0.177",0.137,"0.194","Gestational age (all)"
"ga_all","Endometriosis (Rahmioglu)","Nk0xbD","ga_all",210082,"rs10917151","0.559",0.058,"8.2e-22","Gestational age (all)"
"ga_all","Endometriosis (Rahmioglu)","Nk0xbD","ga_all",210082,"rs10090060","-0.831",0.107,"8.06e-15","Gestational age (all)"
"ga_all","Endometriosis (Rahmioglu)","Nk0xbD","ga_all",210082,"rs11674184","-0.231",0.082,"0.005","Gestational age (all)"
"ga_all","Endometriosis (Rahmioglu)","Nk0xbD","ga_all",210082,"rs11756073","-0.038",0.149,"0.798","Gestational age (all)"
"ga_all","Endometriosis (Rahmioglu)","Nk0xbD","ga_all",210082,"rs12030576","0.042",0.115,"0.715","Gestational age (all)"
"ga_all","Endometriosis (Rahmioglu)","Nk0xbD","ga_all",210082,"rs10983311","-0.011",0.151,"0.944","Gestational age (all)"
"ga_all","Endometriosis (Rahmioglu)","Nk0xbD","ga_all",210082,"rs17053711","-0.272",0.142,"0.054","Gestational age (all)"
"ga_all","Endometriosis (Rahmioglu)","Nk0xbD","ga_all",210082,"rs1903068","0.156",0.082,"0.059","Gestational age (all)"
"ga_all","Endometriosis (Rahmioglu)","Nk0xbD","ga_all",210082,"rs2036754","0.273",0.151,"0.07","Gestational age (all)"
"ga_all","Endometriosis (Rahmioglu)","Nk0xbD","ga_all",210082,"rs2226158","0.143",0.135,"0.286","Gestational age (all)"
"ga_all","Endometriosis (Rahmioglu)","Nk0xbD","ga_all",210082,"rs2421985","0.211",0.111,"0.058","Gestational age (all)"
"ga_all","Endometriosis (Rahmioglu)","Nk0xbD","ga_all",210082,"rs2510770","0.351",0.146,"0.016","Gestational age (all)"
"ga_all","Endometriosis (Rahmioglu)","Nk0xbD","ga_all",210082,"rs2946160","2.022",0.151,"1.14e-40","Gestational age (all)"
"ga_all","Endometriosis (Rahmioglu)","Nk0xbD","ga_all",210082,"rs3803042","-0.053",0.144,"0.714","Gestational age (all)"
"ga_all","Endometriosis (Rahmioglu)","Nk0xbD","ga_all",210082,"rs12441483","0.177",0.126,"0.159","Gestational age (all)"
"ga_all","Endometriosis (Rahmioglu)","Nk0xbD","ga_all",210082,"rs12549438","0.21",0.139,"0.13","Gestational age (all)"
"ga_all","Endometriosis (Rahmioglu)","Nk0xbD","ga_all",210082,"rs1352889","0.614",0.153,"5.68e-05","Gestational age (all)"
"ga_all","Endometriosis (Rahmioglu)","Nk0xbD","ga_all",210082,"rs1430787","0.339",0.151,"0.025","Gestational age (all)"
"ga_all","Endometriosis (Rahmioglu)","Nk0xbD","ga_all",210082,"rs1451383","-0.409",0.127,"0.001","Gestational age (all)"
"ga_all","Endometriosis (Rahmioglu)","Nk0xbD","ga_all",210082,"rs6435157","0.059",0.148,"0.691","Gestational age (all)"
"ga_all","Endometriosis (Rahmioglu)","Nk0xbD","ga_all",210082,"rs6456259","0.033",0.104,"0.748","Gestational age (all)"
"ga_all","Endometriosis (Rahmioglu)","Nk0xbD","ga_all",210082,"rs66683298","0.371",0.138,"0.007","Gestational age (all)"
"ga_all","Endometriosis (Rahmioglu)","Nk0xbD","ga_all",210082,"rs71575922","-0.144",0.071,"0.042","Gestational age (all)"
"ga_all","Endometriosis (Rahmioglu)","Nk0xbD","ga_all",210082,"rs7214750","-0.217",0.135,"0.108","Gestational age (all)"
"ga_all","Endometriosis (Rahmioglu)","Nk0xbD","ga_all",210082,"rs7334326","0.121",0.153,"0.429","Gestational age (all)"
"ga_all","Endometriosis (Rahmioglu)","Nk0xbD","ga_all",210082,"rs7907732","0.131",0.131,"0.317","Gestational age (all)"
"ga_all","Endometriosis (Rahmioglu)","Nk0xbD","ga_all",210082,"rs7924571","-0.258",0.133,"0.052","Gestational age (all)"
"ga_all","Endometriosis (Rahmioglu)","Nk0xbD","ga_all",210082,"rs4540228","0.396",0.127,"0.002","Gestational age (all)"
"ga_all","Endometriosis (Rahmioglu)","Nk0xbD","ga_all",210082,"rs507666","-0.392",0.151,"0.009","Gestational age (all)"
"ga_all","Endometriosis (Rahmioglu)","Nk0xbD","ga_all",210082,"rs55909142","-0.237",0.15,"0.114","Gestational age (all)"
"ga_all","Endometriosis (Rahmioglu)","Nk0xbD","ga_all",210082,"rs56090796","-0.156",0.138,"0.259","Gestational age (all)"
"ga_all","Endometriosis (Rahmioglu)","Nk0xbD","ga_all",210082,"rs57281976","0.333",0.137,"0.015","Gestational age (all)"
"ga_all","Endometriosis (Rahmioglu)","Nk0xbD","ga_all",210082,"All - Inverse variance weighted","0.103",0.071,"0.15","Gestational age (all)"
"ga_all","Endometriosis (Rahmioglu)","Nk0xbD","ga_all",210082,"All - MR Egger","0.173",0.236,"0.469","Gestational age (all)"
"ga_subsamp","Endometriosis (Rahmioglu)","Nk0xbD","ga_subsamp",213133,"rs10917151","0.585",0.057,"6.57e-25","Gestational age (subsample)"
"ga_subsamp","Endometriosis (Rahmioglu)","Nk0xbD","ga_subsamp",213133,"rs11756073","0.027",0.145,"0.851","Gestational age (subsample)"
"ga_subsamp","Endometriosis (Rahmioglu)","Nk0xbD","ga_subsamp",213133,"rs12030576","0.015",0.112,"0.896","Gestational age (subsample)"
"ga_subsamp","Endometriosis (Rahmioglu)","Nk0xbD","ga_subsamp",213133,"rs10983311","0.043",0.147,"0.772","Gestational age (subsample)"
"ga_subsamp","Endometriosis (Rahmioglu)","Nk0xbD","ga_subsamp",213133,"rs11674184","-0.232",0.079,"0.003","Gestational age (subsample)"
"ga_subsamp","Endometriosis (Rahmioglu)","Nk0xbD","ga_subsamp",213133,"rs1352889","0.601",0.149,"5.36e-05","Gestational age (subsample)"
"ga_subsamp","Endometriosis (Rahmioglu)","Nk0xbD","ga_subsamp",213133,"rs1430787","0.296",0.147,"0.044","Gestational age (subsample)"
"ga_subsamp","Endometriosis (Rahmioglu)","Nk0xbD","ga_subsamp",213133,"rs12441483","0.193",0.122,"0.115","Gestational age (subsample)"
"ga_subsamp","Endometriosis (Rahmioglu)","Nk0xbD","ga_subsamp",213133,"rs12549438","0.199",0.135,"0.141","Gestational age (subsample)"
"ga_subsamp","Endometriosis (Rahmioglu)","Nk0xbD","ga_subsamp",213133,"rs1903068","0.115",0.08,"0.151","Gestational age (subsample)"
"ga_subsamp","Endometriosis (Rahmioglu)","Nk0xbD","ga_subsamp",213133,"rs2036754","0.298",0.146,"0.041","Gestational age (subsample)"
"ga_subsamp","Endometriosis (Rahmioglu)","Nk0xbD","ga_subsamp",213133,"rs2226158","0.038",0.13,"0.769","Gestational age (subsample)"
"ga_subsamp","Endometriosis (Rahmioglu)","Nk0xbD","ga_subsamp",213133,"rs2421985","0.229",0.107,"0.032","Gestational age (subsample)"
"ga_subsamp","Endometriosis (Rahmioglu)","Nk0xbD","ga_subsamp",213133,"rs2510770","0.342",0.144,"0.017","Gestational age (subsample)"
"ga_subsamp","Endometriosis (Rahmioglu)","Nk0xbD","ga_subsamp",213133,"rs2946160","1.889",0.147,"8.77e-38","Gestational age (subsample)"
"ga_subsamp","Endometriosis (Rahmioglu)","Nk0xbD","ga_subsamp",213133,"rs3803042","-0.137",0.139,"0.326","Gestational age (subsample)"
"ga_subsamp","Endometriosis (Rahmioglu)","Nk0xbD","ga_subsamp",213133,"rs4540228","0.422",0.125,"7.22e-04","Gestational age (subsample)"
"ga_subsamp","Endometriosis (Rahmioglu)","Nk0xbD","ga_subsamp",213133,"rs507666","-0.408",0.147,"0.005","Gestational age (subsample)"
"ga_subsamp","Endometriosis (Rahmioglu)","Nk0xbD","ga_subsamp",213133,"rs55909142","-0.198",0.145,"0.172","Gestational age (subsample)"
"ga_subsamp","Endometriosis (Rahmioglu)","Nk0xbD","ga_subsamp",213133,"rs56090796","-0.147",0.136,"0.279","Gestational age (subsample)"
"ga_subsamp","Endometriosis (Rahmioglu)","Nk0xbD","ga_subsamp",213133,"rs1451383","-0.43",0.123,"4.65e-04","Gestational age (subsample)"
"ga_subsamp","Endometriosis (Rahmioglu)","Nk0xbD","ga_subsamp",213133,"rs17053711","-0.344",0.137,"0.012","Gestational age (subsample)"
"ga_subsamp","Endometriosis (Rahmioglu)","Nk0xbD","ga_subsamp",213133,"rs6456259","-0.02",0.102,"0.845","Gestational age (subsample)"
"ga_subsamp","Endometriosis (Rahmioglu)","Nk0xbD","ga_subsamp",213133,"rs66683298","0.379",0.134,"0.005","Gestational age (subsample)"
"ga_subsamp","Endometriosis (Rahmioglu)","Nk0xbD","ga_subsamp",213133,"rs71575922","-0.164",0.068,"0.016","Gestational age (subsample)"
"ga_subsamp","Endometriosis (Rahmioglu)","Nk0xbD","ga_subsamp",213133,"rs7214750","-0.215",0.131,"0.101","Gestational age (subsample)"
"ga_subsamp","Endometriosis (Rahmioglu)","Nk0xbD","ga_subsamp",213133,"rs7334326","0.048",0.149,"0.748","Gestational age (subsample)"
"ga_subsamp","Endometriosis (Rahmioglu)","Nk0xbD","ga_subsamp",213133,"rs7907732","0.158",0.129,"0.222","Gestational age (subsample)"
"ga_subsamp","Endometriosis (Rahmioglu)","Nk0xbD","ga_subsamp",213133,"rs7924571","-0.267",0.129,"0.038","Gestational age (subsample)"
"ga_subsamp","Endometriosis (Rahmioglu)","Nk0xbD","ga_subsamp",213133,"All - Inverse variance weighted","0.091",0.072,"0.204","Gestational age (subsample)"
"ga_subsamp","Endometriosis (Rahmioglu)","Nk0xbD","ga_subsamp",213133,"All - MR Egger","0.181",0.237,"0.45","Gestational age (subsample)"
"ga_subsamp","Endometriosis (Rahmioglu)","Nk0xbD","ga_subsamp",213133,"rs10090060","-0.906",0.105,"7.3e-18","Gestational age (subsample)"
"ga_subsamp","Endometriosis (Rahmioglu)","Nk0xbD","ga_subsamp",213133,"rs10122243","0.127",0.094,"0.179","Gestational age (subsample)"
"ga_subsamp","Endometriosis (Rahmioglu)","Nk0xbD","ga_subsamp",213133,"rs57281976","0.387",0.133,"0.004","Gestational age (subsample)"
"ga_subsamp","Endometriosis (Rahmioglu)","Nk0xbD","ga_subsamp",213133,"rs6435157","0.055",0.144,"0.705","Gestational age (subsample)"
"ga_subsamp","Endometriosis (Rahmioglu)","Nk0xbD","ga_subsamp",213133,"rs10860864","0.147",0.133,"0.268","Gestational age (subsample)"
"gdm_subsamp","Endometriosis (Rahmioglu)","Nk0xbD","gdm_subsamp",714933,"rs10090060","0.005",0.185,"0.977","Gestational diabetes (subsample)"
"gdm_subsamp","Endometriosis (Rahmioglu)","Nk0xbD","gdm_subsamp",714933,"rs10122243","0.103",0.168,"0.541","Gestational diabetes (subsample)"
"gdm_subsamp","Endometriosis (Rahmioglu)","Nk0xbD","gdm_subsamp",714933,"rs12030576","0.092",0.2,"0.646","Gestational diabetes (subsample)"
"gdm_subsamp","Endometriosis (Rahmioglu)","Nk0xbD","gdm_subsamp",714933,"rs12441483","0.044",0.197,"0.823","Gestational diabetes (subsample)"
"gdm_subsamp","Endometriosis (Rahmioglu)","Nk0xbD","gdm_subsamp",714933,"rs12549438","0.35",0.238,"0.141","Gestational diabetes (subsample)"
"gdm_subsamp","Endometriosis (Rahmioglu)","Nk0xbD","gdm_subsamp",714933,"rs1352889","0.249",0.313,"0.427","Gestational diabetes (subsample)"
"gdm_subsamp","Endometriosis (Rahmioglu)","Nk0xbD","gdm_subsamp",714933,"rs1430787","0.314",0.257,"0.221","Gestational diabetes (subsample)"
"gdm_subsamp","Endometriosis (Rahmioglu)","Nk0xbD","gdm_subsamp",714933,"rs1451383","-0.313",0.204,"0.126","Gestational diabetes (subsample)"
"gdm_subsamp","Endometriosis (Rahmioglu)","Nk0xbD","gdm_subsamp",714933,"rs17053711","-0.044",0.242,"0.857","Gestational diabetes (subsample)"
"gdm_subsamp","Endometriosis (Rahmioglu)","Nk0xbD","gdm_subsamp",714933,"rs1903068","-0.284",0.147,"0.053","Gestational diabetes (subsample)"
"gdm_subsamp","Endometriosis (Rahmioglu)","Nk0xbD","gdm_subsamp",714933,"rs2036754","-0.437",0.278,"0.116","Gestational diabetes (subsample)"
"gdm_subsamp","Endometriosis (Rahmioglu)","Nk0xbD","gdm_subsamp",714933,"rs2226158","-0.058",0.231,"0.801","Gestational diabetes (subsample)"
"gdm_subsamp","Endometriosis (Rahmioglu)","Nk0xbD","gdm_subsamp",714933,"rs2421985","-0.404",0.192,"0.035","Gestational diabetes (subsample)"
"gdm_subsamp","Endometriosis (Rahmioglu)","Nk0xbD","gdm_subsamp",714933,"rs2510770","-0.292",0.257,"0.257","Gestational diabetes (subsample)"
"gdm_subsamp","Endometriosis (Rahmioglu)","Nk0xbD","gdm_subsamp",714933,"rs2946160","-0.138",0.274,"0.614","Gestational diabetes (subsample)"
"gdm_subsamp","Endometriosis (Rahmioglu)","Nk0xbD","gdm_subsamp",714933,"rs3803042","-0.216",0.247,"0.382","Gestational diabetes (subsample)"
"gdm_subsamp","Endometriosis (Rahmioglu)","Nk0xbD","gdm_subsamp",714933,"rs4540228","-0.095",0.22,"0.665","Gestational diabetes (subsample)"
"gdm_subsamp","Endometriosis (Rahmioglu)","Nk0xbD","gdm_subsamp",714933,"rs55909142","0.051",0.263,"0.847","Gestational diabetes (subsample)"
"gdm_subsamp","Endometriosis (Rahmioglu)","Nk0xbD","gdm_subsamp",714933,"rs56090796","0.272",0.252,"0.28","Gestational diabetes (subsample)"
"gdm_subsamp","Endometriosis (Rahmioglu)","Nk0xbD","gdm_subsamp",714933,"rs57281976","-0.26",0.228,"0.254","Gestational diabetes (subsample)"
"gdm_subsamp","Endometriosis (Rahmioglu)","Nk0xbD","gdm_subsamp",714933,"rs6435157","0.155",0.295,"0.599","Gestational diabetes (subsample)"
"gdm_subsamp","Endometriosis (Rahmioglu)","Nk0xbD","gdm_subsamp",714933,"rs6456259","-0.221",0.181,"0.223","Gestational diabetes (subsample)"
"gdm_subsamp","Endometriosis (Rahmioglu)","Nk0xbD","gdm_subsamp",714933,"rs66683298","0.283",0.232,"0.224","Gestational diabetes (subsample)"
"gdm_subsamp","Endometriosis (Rahmioglu)","Nk0xbD","gdm_subsamp",714933,"rs71575922","0.114",0.117,"0.328","Gestational diabetes (subsample)"
"gdm_subsamp","Endometriosis (Rahmioglu)","Nk0xbD","gdm_subsamp",714933,"rs7214750","0.099",0.21,"0.637","Gestational diabetes (subsample)"
"gdm_subsamp","Endometriosis (Rahmioglu)","Nk0xbD","gdm_subsamp",714933,"rs7334326","0.247",0.249,"0.321","Gestational diabetes (subsample)"
"gdm_subsamp","Endometriosis (Rahmioglu)","Nk0xbD","gdm_subsamp",714933,"rs7907732","-0.109",0.228,"0.631","Gestational diabetes (subsample)"
"gdm_subsamp","Endometriosis (Rahmioglu)","Nk0xbD","gdm_subsamp",714933,"rs7924571","0.11",0.213,"0.608","Gestational diabetes (subsample)"
"gdm_subsamp","Endometriosis (Rahmioglu)","Nk0xbD","gdm_subsamp",714933,"All - Inverse variance weighted","-0.034",0.034,"0.318","Gestational diabetes (subsample)"
"gdm_subsamp","Endometriosis (Rahmioglu)","Nk0xbD","gdm_subsamp",714933,"All - MR Egger","-0.116",0.112,"0.305","Gestational diabetes (subsample)"
"gdm_subsamp","Endometriosis (Rahmioglu)","Nk0xbD","gdm_subsamp",714933,"rs10917151","-0.166",0.101,"0.098","Gestational diabetes (subsample)"
"gdm_subsamp","Endometriosis (Rahmioglu)","Nk0xbD","gdm_subsamp",714933,"rs10983311","0.068",0.243,"0.779","Gestational diabetes (subsample)"
"gdm_subsamp","Endometriosis (Rahmioglu)","Nk0xbD","gdm_subsamp",714933,"rs11674184","0.047",0.134,"0.725","Gestational diabetes (subsample)"
"gdm_subsamp","Endometriosis (Rahmioglu)","Nk0xbD","gdm_subsamp",714933,"rs10860864","0.074",0.229,"0.745","Gestational diabetes (subsample)"
"gdm_subsamp","Endometriosis (Rahmioglu)","Nk0xbD","gdm_subsamp",714933,"rs11756073","-0.154",0.238,"0.516","Gestational diabetes (subsample)"
"gh_subsamp","Endometriosis (Rahmioglu)","Nk0xbD","gh_subsamp",527973,"rs10090060","0.014",0.196,"0.942","Gestational hypertension (subsample)"
"gh_subsamp","Endometriosis (Rahmioglu)","Nk0xbD","gh_subsamp",527973,"rs10122243","0.199",0.181,"0.272","Gestational hypertension (subsample)"
"gh_subsamp","Endometriosis (Rahmioglu)","Nk0xbD","gh_subsamp",527973,"rs10860864","0.066",0.245,"0.789","Gestational hypertension (subsample)"
"gh_subsamp","Endometriosis (Rahmioglu)","Nk0xbD","gh_subsamp",527973,"rs10983311","0.232",0.268,"0.387","Gestational hypertension (subsample)"
"gh_subsamp","Endometriosis (Rahmioglu)","Nk0xbD","gh_subsamp",527973,"rs11674184","-0.145",0.143,"0.309","Gestational hypertension (subsample)"
"gh_subsamp","Endometriosis (Rahmioglu)","Nk0xbD","gh_subsamp",527973,"rs11756073","-0.299",0.263,"0.255","Gestational hypertension (subsample)"
"gh_subsamp","Endometriosis (Rahmioglu)","Nk0xbD","gh_subsamp",527973,"rs10917151","0.079",0.109,"0.466","Gestational hypertension (subsample)"
"gh_subsamp","Endometriosis (Rahmioglu)","Nk0xbD","gh_subsamp",527973,"rs1451383","0.152",0.222,"0.495","Gestational hypertension (subsample)"
"gh_subsamp","Endometriosis (Rahmioglu)","Nk0xbD","gh_subsamp",527973,"rs17053711","-0.115",0.259,"0.656","Gestational hypertension (subsample)"
"gh_subsamp","Endometriosis (Rahmioglu)","Nk0xbD","gh_subsamp",527973,"rs1903068","-0.247",0.154,"0.11","Gestational hypertension (subsample)"
"gh_subsamp","Endometriosis (Rahmioglu)","Nk0xbD","gh_subsamp",527973,"rs2036754","0.371",0.286,"0.195","Gestational hypertension (subsample)"
"gh_subsamp","Endometriosis (Rahmioglu)","Nk0xbD","gh_subsamp",527973,"rs2226158","-0.204",0.247,"0.408","Gestational hypertension (subsample)"
"gh_subsamp","Endometriosis (Rahmioglu)","Nk0xbD","gh_subsamp",527973,"rs2421985","-0.109",0.205,"0.595","Gestational hypertension (subsample)"
"gh_subsamp","Endometriosis (Rahmioglu)","Nk0xbD","gh_subsamp",527973,"rs2510770","-0.405",0.273,"0.138","Gestational hypertension (subsample)"
"gh_subsamp","Endometriosis (Rahmioglu)","Nk0xbD","gh_subsamp",527973,"rs2946160","-0.78",0.287,"0.007","Gestational hypertension (subsample)"
"gh_subsamp","Endometriosis (Rahmioglu)","Nk0xbD","gh_subsamp",527973,"rs3803042","-0.429",0.264,"0.104","Gestational hypertension (subsample)"
"gh_subsamp","Endometriosis (Rahmioglu)","Nk0xbD","gh_subsamp",527973,"rs4540228","0.651",0.236,"0.006","Gestational hypertension (subsample)"
"gh_subsamp","Endometriosis (Rahmioglu)","Nk0xbD","gh_subsamp",527973,"rs55909142","-0.104",0.278,"0.708","Gestational hypertension (subsample)"
"gh_subsamp","Endometriosis (Rahmioglu)","Nk0xbD","gh_subsamp",527973,"rs56090796","0.196",0.261,"0.452","Gestational hypertension (subsample)"
"gh_subsamp","Endometriosis (Rahmioglu)","Nk0xbD","gh_subsamp",527973,"rs57281976","0.264",0.244,"0.279","Gestational hypertension (subsample)"
"gh_subsamp","Endometriosis (Rahmioglu)","Nk0xbD","gh_subsamp",527973,"rs6435157","-0.188",0.297,"0.527","Gestational hypertension (subsample)"
"gh_subsamp","Endometriosis (Rahmioglu)","Nk0xbD","gh_subsamp",527973,"rs6456259","-0.02",0.187,"0.916","Gestational hypertension (subsample)"
"gh_subsamp","Endometriosis (Rahmioglu)","Nk0xbD","gh_subsamp",527973,"rs66683298","-0.158",0.246,"0.52","Gestational hypertension (subsample)"
"gh_subsamp","Endometriosis (Rahmioglu)","Nk0xbD","gh_subsamp",527973,"rs71575922","-0.135",0.15,"0.368","Gestational hypertension (subsample)"
"gh_subsamp","Endometriosis (Rahmioglu)","Nk0xbD","gh_subsamp",527973,"rs7214750","-0.395",0.225,"0.079","Gestational hypertension (subsample)"
"gh_subsamp","Endometriosis (Rahmioglu)","Nk0xbD","gh_subsamp",527973,"rs7334326","-0.268",0.275,"0.33","Gestational hypertension (subsample)"
"gh_subsamp","Endometriosis (Rahmioglu)","Nk0xbD","gh_subsamp",527973,"rs7907732","-0.053",0.241,"0.827","Gestational hypertension (subsample)"
"gh_subsamp","Endometriosis (Rahmioglu)","Nk0xbD","gh_subsamp",527973,"rs7924571","-0.254",0.233,"0.275","Gestational hypertension (subsample)"
"gh_subsamp","Endometriosis (Rahmioglu)","Nk0xbD","gh_subsamp",527973,"All - Inverse variance weighted","-0.053",0.041,"0.202","Gestational hypertension (subsample)"
"gh_subsamp","Endometriosis (Rahmioglu)","Nk0xbD","gh_subsamp",527973,"All - MR Egger","-0.005",0.139,"0.973","Gestational hypertension (subsample)"
"gh_subsamp","Endometriosis (Rahmioglu)","Nk0xbD","gh_subsamp",527973,"rs12030576","-0.234",0.212,"0.27","Gestational hypertension (subsample)"
"gh_subsamp","Endometriosis (Rahmioglu)","Nk0xbD","gh_subsamp",527973,"rs12441483","0.065",0.208,"0.755","Gestational hypertension (subsample)"
"gh_subsamp","Endometriosis (Rahmioglu)","Nk0xbD","gh_subsamp",527973,"rs12549438","-0.019",0.253,"0.941","Gestational hypertension (subsample)"
"gh_subsamp","Endometriosis (Rahmioglu)","Nk0xbD","gh_subsamp",527973,"rs1352889","0.205",0.309,"0.506","Gestational hypertension (subsample)"
"gh_subsamp","Endometriosis (Rahmioglu)","Nk0xbD","gh_subsamp",527973,"rs1430787","-0.005",0.273,"0.987","Gestational hypertension (subsample)"
"hbw_all","Endometriosis (Rahmioglu)","Nk0xbD","hbw_all",266874,"rs11674184","0.259",0.237,"0.275","High birthweight (>4000 g)"
"hbw_all","Endometriosis (Rahmioglu)","Nk0xbD","hbw_all",266874,"rs11756073","0.543",0.445,"0.222","High birthweight (>4000 g)"
"hbw_all","Endometriosis (Rahmioglu)","Nk0xbD","hbw_all",266874,"rs12030576","-0.106",0.35,"0.761","High birthweight (>4000 g)"
"hbw_all","Endometriosis (Rahmioglu)","Nk0xbD","hbw_all",266874,"rs12441483","0.143",0.344,"0.677","High birthweight (>4000 g)"
"hbw_all","Endometriosis (Rahmioglu)","Nk0xbD","hbw_all",266874,"rs12549438","-0.013",0.416,"0.975","High birthweight (>4000 g)"
"hbw_all","Endometriosis (Rahmioglu)","Nk0xbD","hbw_all",266874,"rs1352889","0.413",0.456,"0.365","High birthweight (>4000 g)"
"hbw_all","Endometriosis (Rahmioglu)","Nk0xbD","hbw_all",266874,"rs1430787","0.108",0.45,"0.81","High birthweight (>4000 g)"
"hbw_all","Endometriosis (Rahmioglu)","Nk0xbD","hbw_all",266874,"rs1451383","-0.868",0.378,"0.022","High birthweight (>4000 g)"
"hbw_all","Endometriosis (Rahmioglu)","Nk0xbD","hbw_all",266874,"rs10090060","-0.34",0.326,"0.297","High birthweight (>4000 g)"
"hbw_all","Endometriosis (Rahmioglu)","Nk0xbD","hbw_all",266874,"rs10122243","-0.153",0.298,"0.607","High birthweight (>4000 g)"
"hbw_all","Endometriosis (Rahmioglu)","Nk0xbD","hbw_all",266874,"rs10860864","0.285",0.415,"0.491","High birthweight (>4000 g)"
"hbw_all","Endometriosis (Rahmioglu)","Nk0xbD","hbw_all",266874,"rs10917151","0.179",0.18,"0.321","High birthweight (>4000 g)"
"hbw_all","Endometriosis (Rahmioglu)","Nk0xbD","hbw_all",266874,"rs10983311","-0.066",0.462,"0.886","High birthweight (>4000 g)"
"hbw_all","Endometriosis (Rahmioglu)","Nk0xbD","hbw_all",266874,"rs2510770","0.658",0.442,"0.136","High birthweight (>4000 g)"
"hbw_all","Endometriosis (Rahmioglu)","Nk0xbD","hbw_all",266874,"rs2946160","2.04",0.463,"1.06e-05","High birthweight (>4000 g)"
"hbw_all","Endometriosis (Rahmioglu)","Nk0xbD","hbw_all",266874,"rs3803042","-0.962",0.436,"0.028","High birthweight (>4000 g)"
"hbw_all","Endometriosis (Rahmioglu)","Nk0xbD","hbw_all",266874,"rs4540228","0.022",0.382,"0.955","High birthweight (>4000 g)"
"hbw_all","Endometriosis (Rahmioglu)","Nk0xbD","hbw_all",266874,"rs507666","0.964",0.448,"0.031","High birthweight (>4000 g)"
"hbw_all","Endometriosis (Rahmioglu)","Nk0xbD","hbw_all",266874,"rs55909142","0.116",0.444,"0.794","High birthweight (>4000 g)"
"hbw_all","Endometriosis (Rahmioglu)","Nk0xbD","hbw_all",266874,"rs56090796","0.327",0.423,"0.439","High birthweight (>4000 g)"
"hbw_all","Endometriosis (Rahmioglu)","Nk0xbD","hbw_all",266874,"rs57281976","-0.407",0.419,"0.331","High birthweight (>4000 g)"
"hbw_all","Endometriosis (Rahmioglu)","Nk0xbD","hbw_all",266874,"rs6435157","0.64",0.459,"0.163","High birthweight (>4000 g)"
"hbw_all","Endometriosis (Rahmioglu)","Nk0xbD","hbw_all",266874,"rs6456259","0.242",0.431,"0.575","High birthweight (>4000 g)"
"hbw_all","Endometriosis (Rahmioglu)","Nk0xbD","hbw_all",266874,"rs66683298","-0.235",0.406,"0.563","High birthweight (>4000 g)"
"hbw_all","Endometriosis (Rahmioglu)","Nk0xbD","hbw_all",266874,"rs71575922","-0.217",0.216,"0.315","High birthweight (>4000 g)"
"hbw_all","Endometriosis (Rahmioglu)","Nk0xbD","hbw_all",266874,"rs7214750","-0.309",0.4,"0.44","High birthweight (>4000 g)"
"hbw_all","Endometriosis (Rahmioglu)","Nk0xbD","hbw_all",266874,"rs7334326","-0.496",0.469,"0.291","High birthweight (>4000 g)"
"hbw_all","Endometriosis (Rahmioglu)","Nk0xbD","hbw_all",266874,"rs7907732","-0.112",0.403,"0.782","High birthweight (>4000 g)"
"hbw_all","Endometriosis (Rahmioglu)","Nk0xbD","hbw_all",266874,"rs7924571","-0.373",0.406,"0.358","High birthweight (>4000 g)"
"hbw_all","Endometriosis (Rahmioglu)","Nk0xbD","hbw_all",266874,"All - Inverse variance weighted","0.048",0.079,"0.545","High birthweight (>4000 g)"
"hbw_all","Endometriosis (Rahmioglu)","Nk0xbD","hbw_all",266874,"All - MR Egger","0.035",0.265,"0.895","High birthweight (>4000 g)"
"hbw_all","Endometriosis (Rahmioglu)","Nk0xbD","hbw_all",266874,"rs17053711","-0.492",0.434,"0.256","High birthweight (>4000 g)"
"hbw_all","Endometriosis (Rahmioglu)","Nk0xbD","hbw_all",266874,"rs1903068","0.161",0.248,"0.517","High birthweight (>4000 g)"
"hbw_all","Endometriosis (Rahmioglu)","Nk0xbD","hbw_all",266874,"rs2036754","0.371",0.452,"0.412","High birthweight (>4000 g)"
"hbw_all","Endometriosis (Rahmioglu)","Nk0xbD","hbw_all",266874,"rs2226158","-0.462",0.406,"0.255","High birthweight (>4000 g)"
"hbw_all","Endometriosis (Rahmioglu)","Nk0xbD","hbw_all",266874,"rs2421985","0.444",0.338,"0.19","High birthweight (>4000 g)"
"hdp_subsamp","Endometriosis (Rahmioglu)","Nk0xbD","hdp_subsamp",541809,"rs10122243","0.112",0.15,"0.453","Hypertensive disorders of pregnancy (subsample)"
"hdp_subsamp","Endometriosis (Rahmioglu)","Nk0xbD","hdp_subsamp",541809,"rs10860864","0.007",0.202,"0.972","Hypertensive disorders of pregnancy (subsample)"
"hdp_subsamp","Endometriosis (Rahmioglu)","Nk0xbD","hdp_subsamp",541809,"rs10917151","0.104",0.09,"0.25","Hypertensive disorders of pregnancy (subsample)"
"hdp_subsamp","Endometriosis (Rahmioglu)","Nk0xbD","hdp_subsamp",541809,"rs10090060","0.077",0.162,"0.637","Hypertensive disorders of pregnancy (subsample)"
"hdp_subsamp","Endometriosis (Rahmioglu)","Nk0xbD","hdp_subsamp",541809,"rs1352889","0.313",0.258,"0.225","Hypertensive disorders of pregnancy (subsample)"
"hdp_subsamp","Endometriosis (Rahmioglu)","Nk0xbD","hdp_subsamp",541809,"rs1430787","-0.011",0.225,"0.959","Hypertensive disorders of pregnancy (subsample)"
"hdp_subsamp","Endometriosis (Rahmioglu)","Nk0xbD","hdp_subsamp",541809,"rs1451383","-0.154",0.183,"0.4","Hypertensive disorders of pregnancy (subsample)"
"hdp_subsamp","Endometriosis (Rahmioglu)","Nk0xbD","hdp_subsamp",541809,"rs17053711","-0.063",0.214,"0.767","Hypertensive disorders of pregnancy (subsample)"
"hdp_subsamp","Endometriosis (Rahmioglu)","Nk0xbD","hdp_subsamp",541809,"rs1903068","-0.242",0.129,"0.06","Hypertensive disorders of pregnancy (subsample)"
"hdp_subsamp","Endometriosis (Rahmioglu)","Nk0xbD","hdp_subsamp",541809,"rs2036754","0.482",0.237,"0.042","Hypertensive disorders of pregnancy (subsample)"
"hdp_subsamp","Endometriosis (Rahmioglu)","Nk0xbD","hdp_subsamp",541809,"rs2226158","-0.15",0.204,"0.462","Hypertensive disorders of pregnancy (subsample)"
"hdp_subsamp","Endometriosis (Rahmioglu)","Nk0xbD","hdp_subsamp",541809,"rs2421985","-0.088",0.169,"0.602","Hypertensive disorders of pregnancy (subsample)"
"hdp_subsamp","Endometriosis (Rahmioglu)","Nk0xbD","hdp_subsamp",541809,"rs10983311","0.104",0.221,"0.638","Hypertensive disorders of pregnancy (subsample)"
"hdp_subsamp","Endometriosis (Rahmioglu)","Nk0xbD","hdp_subsamp",541809,"rs11756073","-0.176",0.218,"0.419","Hypertensive disorders of pregnancy (subsample)"
"hdp_subsamp","Endometriosis (Rahmioglu)","Nk0xbD","hdp_subsamp",541809,"rs12030576","-0.088",0.176,"0.617","Hypertensive disorders of pregnancy (subsample)"
"hdp_subsamp","Endometriosis (Rahmioglu)","Nk0xbD","hdp_subsamp",541809,"rs12441483","0.059",0.172,"0.731","Hypertensive disorders of pregnancy (subsample)"
"hdp_subsamp","Endometriosis (Rahmioglu)","Nk0xbD","hdp_subsamp",541809,"rs12549438","0.051",0.21,"0.809","Hypertensive disorders of pregnancy (subsample)"
"hdp_subsamp","Endometriosis (Rahmioglu)","Nk0xbD","hdp_subsamp",541809,"rs56090796","0.176",0.216,"0.415","Hypertensive disorders of pregnancy (subsample)"
"hdp_subsamp","Endometriosis (Rahmioglu)","Nk0xbD","hdp_subsamp",541809,"rs57281976","0.173",0.202,"0.39","Hypertensive disorders of pregnancy (subsample)"
"hdp_subsamp","Endometriosis (Rahmioglu)","Nk0xbD","hdp_subsamp",541809,"rs6435157","-0.463",0.247,"0.061","Hypertensive disorders of pregnancy (subsample)"
"hdp_subsamp","Endometriosis (Rahmioglu)","Nk0xbD","hdp_subsamp",541809,"rs6456259","-0.115",0.155,"0.457","Hypertensive disorders of pregnancy (subsample)"
"hdp_subsamp","Endometriosis (Rahmioglu)","Nk0xbD","hdp_subsamp",541809,"rs66683298","-0.031",0.202,"0.879","Hypertensive disorders of pregnancy (subsample)"
"hdp_subsamp","Endometriosis (Rahmioglu)","Nk0xbD","hdp_subsamp",541809,"rs71575922","0.019",0.103,"0.852","Hypertensive disorders of pregnancy (subsample)"
"hdp_subsamp","Endometriosis (Rahmioglu)","Nk0xbD","hdp_subsamp",541809,"rs7214750","-0.101",0.185,"0.585","Hypertensive disorders of pregnancy (subsample)"
"hdp_subsamp","Endometriosis (Rahmioglu)","Nk0xbD","hdp_subsamp",541809,"rs7334326","-0.133",0.227,"0.558","Hypertensive disorders of pregnancy (subsample)"
"hdp_subsamp","Endometriosis (Rahmioglu)","Nk0xbD","hdp_subsamp",541809,"rs7907732","-0.168",0.199,"0.397","Hypertensive disorders of pregnancy (subsample)"
"hdp_subsamp","Endometriosis (Rahmioglu)","Nk0xbD","hdp_subsamp",541809,"rs7924571","-0.081",0.192,"0.674","Hypertensive disorders of pregnancy (subsample)"
"hdp_subsamp","Endometriosis (Rahmioglu)","Nk0xbD","hdp_subsamp",541809,"All - Inverse variance weighted","-0.031",0.034,"0.366","Hypertensive disorders of pregnancy (subsample)"
"hdp_subsamp","Endometriosis (Rahmioglu)","Nk0xbD","hdp_subsamp",541809,"All - MR Egger","0.125",0.107,"0.251","Hypertensive disorders of pregnancy (subsample)"
"hdp_subsamp","Endometriosis (Rahmioglu)","Nk0xbD","hdp_subsamp",541809,"rs4540228","0.327",0.194,"0.092","Hypertensive disorders of pregnancy (subsample)"
"hdp_subsamp","Endometriosis (Rahmioglu)","Nk0xbD","hdp_subsamp",541809,"rs55909142","-0.263",0.229,"0.251","Hypertensive disorders of pregnancy (subsample)"
"hdp_subsamp","Endometriosis (Rahmioglu)","Nk0xbD","hdp_subsamp",541809,"rs2510770","-0.326",0.228,"0.153","Hypertensive disorders of pregnancy (subsample)"
"hdp_subsamp","Endometriosis (Rahmioglu)","Nk0xbD","hdp_subsamp",541809,"rs2946160","-0.617",0.238,"0.01","Hypertensive disorders of pregnancy (subsample)"
"hdp_subsamp","Endometriosis (Rahmioglu)","Nk0xbD","hdp_subsamp",541809,"rs3803042","-0.362",0.218,"0.097","Hypertensive disorders of pregnancy (subsample)"
"hyp","Endometriosis (Rahmioglu)","Nk0xbD","hyp",478503,"rs11674184","-0.487",0.297,"0.101","Hyperemesis gravidarum"
"hyp","Endometriosis (Rahmioglu)","Nk0xbD","hyp",478503,"rs10860864","-0.225",0.507,"0.657","Hyperemesis gravidarum"
"hyp","Endometriosis (Rahmioglu)","Nk0xbD","hyp",478503,"rs10917151","-0.254",0.228,"0.264","Hyperemesis gravidarum"
"hyp","Endometriosis (Rahmioglu)","Nk0xbD","hyp",478503,"rs10983311","0.579",0.551,"0.294","Hyperemesis gravidarum"
"hyp","Endometriosis (Rahmioglu)","Nk0xbD","hyp",478503,"rs12549438","0.343",0.528,"0.516","Hyperemesis gravidarum"
"hyp","Endometriosis (Rahmioglu)","Nk0xbD","hyp",478503,"rs11756073","0.24",0.534,"0.653","Hyperemesis gravidarum"
"hyp","Endometriosis (Rahmioglu)","Nk0xbD","hyp",478503,"rs12030576","-0.134",0.443,"0.763","Hyperemesis gravidarum"
"hyp","Endometriosis (Rahmioglu)","Nk0xbD","hyp",478503,"rs12441483","0.254",0.433,"0.558","Hyperemesis gravidarum"
"hyp","Endometriosis (Rahmioglu)","Nk0xbD","hyp",478503,"rs10090060","-0.103",0.408,"0.8","Hyperemesis gravidarum"
"hyp","Endometriosis (Rahmioglu)","Nk0xbD","hyp",478503,"rs10122243","-0.508",0.375,"0.175","Hyperemesis gravidarum"
"hyp","Endometriosis (Rahmioglu)","Nk0xbD","hyp",478503,"rs2036754","0.459",0.601,"0.445","Hyperemesis gravidarum"
"hyp","Endometriosis (Rahmioglu)","Nk0xbD","hyp",478503,"rs2226158","0.305",0.513,"0.553","Hyperemesis gravidarum"
"hyp","Endometriosis (Rahmioglu)","Nk0xbD","hyp",478503,"rs2421985","-0.024",0.427,"0.954","Hyperemesis gravidarum"
"hyp","Endometriosis (Rahmioglu)","Nk0xbD","hyp",478503,"rs2510770","0.276",0.572,"0.63","Hyperemesis gravidarum"
"hyp","Endometriosis (Rahmioglu)","Nk0xbD","hyp",478503,"rs2946160","0.252",0.608,"0.679","Hyperemesis gravidarum"
"hyp","Endometriosis (Rahmioglu)","Nk0xbD","hyp",478503,"rs3803042","-0.388",0.547,"0.477","Hyperemesis gravidarum"
"hyp","Endometriosis (Rahmioglu)","Nk0xbD","hyp",478503,"rs4540228","0.693",0.489,"0.156","Hyperemesis gravidarum"
"hyp","Endometriosis (Rahmioglu)","Nk0xbD","hyp",478503,"rs55909142","0.106",0.582,"0.855","Hyperemesis gravidarum"
"hyp","Endometriosis (Rahmioglu)","Nk0xbD","hyp",478503,"rs1352889","0.712",0.675,"0.291","Hyperemesis gravidarum"
"hyp","Endometriosis (Rahmioglu)","Nk0xbD","hyp",478503,"rs1430787","-0.213",0.567,"0.707","Hyperemesis gravidarum"
"hyp","Endometriosis (Rahmioglu)","Nk0xbD","hyp",478503,"rs1451383","-0.821",0.456,"0.072","Hyperemesis gravidarum"
"hyp","Endometriosis (Rahmioglu)","Nk0xbD","hyp",478503,"rs17053711","-0.094",0.536,"0.861","Hyperemesis gravidarum"
"hyp","Endometriosis (Rahmioglu)","Nk0xbD","hyp",478503,"rs1903068","0.228",0.326,"0.484","Hyperemesis gravidarum"
"hyp","Endometriosis (Rahmioglu)","Nk0xbD","hyp",478503,"rs66683298","0.68",0.511,"0.183","Hyperemesis gravidarum"
"hyp","Endometriosis (Rahmioglu)","Nk0xbD","hyp",478503,"rs71575922","0.05",0.255,"0.846","Hyperemesis gravidarum"
"hyp","Endometriosis (Rahmioglu)","Nk0xbD","hyp",478503,"rs7214750","-0.058",0.461,"0.901","Hyperemesis gravidarum"
"hyp","Endometriosis (Rahmioglu)","Nk0xbD","hyp",478503,"rs7334326","-0.398",0.572,"0.487","Hyperemesis gravidarum"
"hyp","Endometriosis (Rahmioglu)","Nk0xbD","hyp",478503,"rs7907732","0.221",0.499,"0.658","Hyperemesis gravidarum"
"hyp","Endometriosis (Rahmioglu)","Nk0xbD","hyp",478503,"rs7924571","0.5",0.479,"0.296","Hyperemesis gravidarum"
"hyp","Endometriosis (Rahmioglu)","Nk0xbD","hyp",478503,"All - Inverse variance weighted","-0.012",0.076,"0.876","Hyperemesis gravidarum"
"hyp","Endometriosis (Rahmioglu)","Nk0xbD","hyp",478503,"All - MR Egger","-0.224",0.248,"0.373","Hyperemesis gravidarum"
"hyp","Endometriosis (Rahmioglu)","Nk0xbD","hyp",478503,"rs57281976","-0.534",0.502,"0.287","Hyperemesis gravidarum"
"hyp","Endometriosis (Rahmioglu)","Nk0xbD","hyp",478503,"rs6435157","-0.194",0.635,"0.76","Hyperemesis gravidarum"
"hyp","Endometriosis (Rahmioglu)","Nk0xbD","hyp",478503,"rs6456259","0.605",0.389,"0.12","Hyperemesis gravidarum"
"hyp","Endometriosis (Rahmioglu)","Nk0xbD","hyp",478503,"rs56090796","-0.599",0.55,"0.276","Hyperemesis gravidarum"
"induction","Endometriosis (Rahmioglu)","Nk0xbD","induction",95280,"rs10090060","-0.838",0.241,"4.99e-04","Induction of labour"
"induction","Endometriosis (Rahmioglu)","Nk0xbD","induction",95280,"rs10122243","-0.288",0.231,"0.213","Induction of labour"
"induction","Endometriosis (Rahmioglu)","Nk0xbD","induction",95280,"rs10860864","-0.339",0.307,"0.27","Induction of labour"
"induction","Endometriosis (Rahmioglu)","Nk0xbD","induction",95280,"rs12030576","0.295",0.26,"0.257","Induction of labour"
"induction","Endometriosis (Rahmioglu)","Nk0xbD","induction",95280,"rs12441483","-0.065",0.256,"0.8","Induction of labour"
"induction","Endometriosis (Rahmioglu)","Nk0xbD","induction",95280,"rs12549438","0.53",0.309,"0.086","Induction of labour"
"induction","Endometriosis (Rahmioglu)","Nk0xbD","induction",95280,"rs1352889","0.082",0.341,"0.809","Induction of labour"
"induction","Endometriosis (Rahmioglu)","Nk0xbD","induction",95280,"rs1430787","0.385",0.335,"0.25","Induction of labour"
"induction","Endometriosis (Rahmioglu)","Nk0xbD","induction",95280,"rs1451383","-0.685",0.28,"0.014","Induction of labour"
"induction","Endometriosis (Rahmioglu)","Nk0xbD","induction",95280,"rs17053711","-0.296",0.322,"0.358","Induction of labour"
"induction","Endometriosis (Rahmioglu)","Nk0xbD","induction",95280,"rs1903068","0.018",0.184,"0.922","Induction of labour"
"induction","Endometriosis (Rahmioglu)","Nk0xbD","induction",95280,"rs2036754","0.488",0.339,"0.15","Induction of labour"
"induction","Endometriosis (Rahmioglu)","Nk0xbD","induction",95280,"rs10917151","0.657",0.13,"4.5e-07","Induction of labour"
"induction","Endometriosis (Rahmioglu)","Nk0xbD","induction",95280,"rs10983311","-0.326",0.336,"0.333","Induction of labour"
"induction","Endometriosis (Rahmioglu)","Nk0xbD","induction",95280,"rs11674184","-0.389",0.176,"0.027","Induction of labour"
"induction","Endometriosis (Rahmioglu)","Nk0xbD","induction",95280,"rs11756073","-0.207",0.35,"0.555","Induction of labour"
"induction","Endometriosis (Rahmioglu)","Nk0xbD","induction",95280,"rs4540228","-0.113",0.283,"0.69","Induction of labour"
"induction","Endometriosis (Rahmioglu)","Nk0xbD","induction",95280,"rs507666","0.157",0.343,"0.648","Induction of labour"
"induction","Endometriosis (Rahmioglu)","Nk0xbD","induction",95280,"rs55909142","-0.659",0.333,"0.048","Induction of labour"
"induction","Endometriosis (Rahmioglu)","Nk0xbD","induction",95280,"rs56090796","-0.194",0.314,"0.537","Induction of labour"
"induction","Endometriosis (Rahmioglu)","Nk0xbD","induction",95280,"rs57281976","0.468",0.308,"0.129","Induction of labour"
"induction","Endometriosis (Rahmioglu)","Nk0xbD","induction",95280,"rs6435157","-0.177",0.338,"0.601","Induction of labour"
"induction","Endometriosis (Rahmioglu)","Nk0xbD","induction",95280,"rs6456259","0.114",0.23,"0.621","Induction of labour"
"induction","Endometriosis (Rahmioglu)","Nk0xbD","induction",95280,"rs66683298","0.43",0.3,"0.153","Induction of labour"
"induction","Endometriosis (Rahmioglu)","Nk0xbD","induction",95280,"rs71575922","-0.294",0.161,"0.069","Induction of labour"
"induction","Endometriosis (Rahmioglu)","Nk0xbD","induction",95280,"rs2226158","-0.574",0.3,"0.056","Induction of labour"
"induction","Endometriosis (Rahmioglu)","Nk0xbD","induction",95280,"rs2421985","0.056",0.25,"0.822","Induction of labour"
"induction","Endometriosis (Rahmioglu)","Nk0xbD","induction",95280,"rs2510770","0.467",0.333,"0.16","Induction of labour"
"induction","Endometriosis (Rahmioglu)","Nk0xbD","induction",95280,"rs2946160","1.942",0.339,"9.65e-09","Induction of labour"
"induction","Endometriosis (Rahmioglu)","Nk0xbD","induction",95280,"All - MR Egger","0.231",0.287,"0.427","Induction of labour"
"induction","Endometriosis (Rahmioglu)","Nk0xbD","induction",95280,"All - Inverse variance weighted","0.005",0.088,"0.952","Induction of labour"
"induction","Endometriosis (Rahmioglu)","Nk0xbD","induction",95280,"rs7214750","-0.305",0.295,"0.301","Induction of labour"
"induction","Endometriosis (Rahmioglu)","Nk0xbD","induction",95280,"rs7907732","-0.217",0.295,"0.463","Induction of labour"
"induction","Endometriosis (Rahmioglu)","Nk0xbD","induction",95280,"rs7924571","-0.235",0.296,"0.428","Induction of labour"
"lbw_all","Endometriosis (Rahmioglu)","Nk0xbD","lbw_all",283193,"rs10090060","0.857",0.203,"2.45e-05","Low birthweight (<2500 g)"
"lbw_all","Endometriosis (Rahmioglu)","Nk0xbD","lbw_all",283193,"rs10122243","0.111",0.186,"0.551","Low birthweight (<2500 g)"
"lbw_all","Endometriosis (Rahmioglu)","Nk0xbD","lbw_all",283193,"rs10860864","-0.112",0.255,"0.662","Low birthweight (<2500 g)"
"lbw_all","Endometriosis (Rahmioglu)","Nk0xbD","lbw_all",283193,"rs10917151","-0.651",0.116,"1.9e-08","Low birthweight (<2500 g)"
"lbw_all","Endometriosis (Rahmioglu)","Nk0xbD","lbw_all",283193,"rs10983311","-0.211",0.285,"0.46","Low birthweight (<2500 g)"
"lbw_all","Endometriosis (Rahmioglu)","Nk0xbD","lbw_all",283193,"rs11674184","0.005",0.147,"0.972","Low birthweight (<2500 g)"
"lbw_all","Endometriosis (Rahmioglu)","Nk0xbD","lbw_all",283193,"rs11756073","0.074",0.276,"0.787","Low birthweight (<2500 g)"
"lbw_all","Endometriosis (Rahmioglu)","Nk0xbD","lbw_all",283193,"rs12030576","-0.278",0.216,"0.198","Low birthweight (<2500 g)"
"lbw_all","Endometriosis (Rahmioglu)","Nk0xbD","lbw_all",283193,"rs12441483","-0.153",0.214,"0.475","Low birthweight (<2500 g)"
"lbw_all","Endometriosis (Rahmioglu)","Nk0xbD","lbw_all",283193,"rs17053711","0.758",0.277,"0.006","Low birthweight (<2500 g)"
"lbw_all","Endometriosis (Rahmioglu)","Nk0xbD","lbw_all",283193,"rs1903068","-0.381",0.153,"0.013","Low birthweight (<2500 g)"
"lbw_all","Endometriosis (Rahmioglu)","Nk0xbD","lbw_all",283193,"rs2036754","0.035",0.281,"0.902","Low birthweight (<2500 g)"
"lbw_all","Endometriosis (Rahmioglu)","Nk0xbD","lbw_all",283193,"rs2226158","-0.504",0.251,"0.045","Low birthweight (<2500 g)"
"lbw_all","Endometriosis (Rahmioglu)","Nk0xbD","lbw_all",283193,"rs2421985","-0.231",0.209,"0.268","Low birthweight (<2500 g)"
"lbw_all","Endometriosis (Rahmioglu)","Nk0xbD","lbw_all",283193,"rs2510770","-0.909",0.273,"8.84e-04","Low birthweight (<2500 g)"
"lbw_all","Endometriosis (Rahmioglu)","Nk0xbD","lbw_all",283193,"rs2946160","-2.419",0.276,"1.99e-18","Low birthweight (<2500 g)"
"lbw_all","Endometriosis (Rahmioglu)","Nk0xbD","lbw_all",283193,"rs3803042","0.295",0.271,"0.276","Low birthweight (<2500 g)"
"lbw_all","Endometriosis (Rahmioglu)","Nk0xbD","lbw_all",283193,"rs4540228","-0.285",0.234,"0.222","Low birthweight (<2500 g)"
"lbw_all","Endometriosis (Rahmioglu)","Nk0xbD","lbw_all",283193,"rs12549438","-0.493",0.258,"0.057","Low birthweight (<2500 g)"
"lbw_all","Endometriosis (Rahmioglu)","Nk0xbD","lbw_all",283193,"rs1352889","0.519",0.286,"0.07","Low birthweight (<2500 g)"
"lbw_all","Endometriosis (Rahmioglu)","Nk0xbD","lbw_all",283193,"rs1430787","-0.413",0.278,"0.137","Low birthweight (<2500 g)"
"lbw_all","Endometriosis (Rahmioglu)","Nk0xbD","lbw_all",283193,"rs1451383","0.553",0.235,"0.019","Low birthweight (<2500 g)"
"lbw_all","Endometriosis (Rahmioglu)","Nk0xbD","lbw_all",283193,"rs6435157","-0.561",0.286,"0.05","Low birthweight (<2500 g)"
"lbw_all","Endometriosis (Rahmioglu)","Nk0xbD","lbw_all",283193,"rs6456259","-0.073",0.193,"0.705","Low birthweight (<2500 g)"
"lbw_all","Endometriosis (Rahmioglu)","Nk0xbD","lbw_all",283193,"rs66683298","-0.425",0.265,"0.109","Low birthweight (<2500 g)"
"lbw_all","Endometriosis (Rahmioglu)","Nk0xbD","lbw_all",283193,"rs71575922","0.201",0.134,"0.134","Low birthweight (<2500 g)"
"lbw_all","Endometriosis (Rahmioglu)","Nk0xbD","lbw_all",283193,"rs7214750","0.392",0.257,"0.127","Low birthweight (<2500 g)"
"lbw_all","Endometriosis (Rahmioglu)","Nk0xbD","lbw_all",283193,"rs7334326","-0.488",0.286,"0.088","Low birthweight (<2500 g)"
"lbw_all","Endometriosis (Rahmioglu)","Nk0xbD","lbw_all",283193,"rs7907732","-0.324",0.252,"0.198","Low birthweight (<2500 g)"
"lbw_all","Endometriosis (Rahmioglu)","Nk0xbD","lbw_all",283193,"rs7924571","0.533",0.258,"0.039","Low birthweight (<2500 g)"
"lbw_all","Endometriosis (Rahmioglu)","Nk0xbD","lbw_all",283193,"All - Inverse variance weighted","-0.136",0.091,"0.136","Low birthweight (<2500 g)"
"lbw_all","Endometriosis (Rahmioglu)","Nk0xbD","lbw_all",283193,"rs507666","0.544",0.289,"0.06","Low birthweight (<2500 g)"
"lbw_all","Endometriosis (Rahmioglu)","Nk0xbD","lbw_all",283193,"rs55909142","0.123",0.275,"0.655","Low birthweight (<2500 g)"
"lbw_all","Endometriosis (Rahmioglu)","Nk0xbD","lbw_all",283193,"rs56090796","0.192",0.265,"0.47","Low birthweight (<2500 g)"
"lbw_all","Endometriosis (Rahmioglu)","Nk0xbD","lbw_all",283193,"rs57281976","-0.534",0.262,"0.042","Low birthweight (<2500 g)"
"lbw_all","Endometriosis (Rahmioglu)","Nk0xbD","lbw_all",283193,"All - MR Egger","-0.166",0.308,"0.593","Low birthweight (<2500 g)"
"lga","Endometriosis (Rahmioglu)","Nk0xbD","lga",96347,"rs10917151","0.15",0.151,"0.322","Large for gestational age"
"lga","Endometriosis (Rahmioglu)","Nk0xbD","lga",96347,"rs10983311","0.998",0.394,"0.011","Large for gestational age"
"lga","Endometriosis (Rahmioglu)","Nk0xbD","lga",96347,"rs11756073","1.367",0.388,"4.34e-04","Large for gestational age"
"lga","Endometriosis (Rahmioglu)","Nk0xbD","lga",96347,"rs12030576","-0.266",0.299,"0.374","Large for gestational age"
"lga","Endometriosis (Rahmioglu)","Nk0xbD","lga",96347,"rs12441483","0.412",0.294,"0.161","Large for gestational age"
"lga","Endometriosis (Rahmioglu)","Nk0xbD","lga",96347,"rs11674184","0.301",0.203,"0.138","Large for gestational age"
"lga","Endometriosis (Rahmioglu)","Nk0xbD","lga",96347,"rs1352889","0.114",0.387,"0.77","Large for gestational age"
"lga","Endometriosis (Rahmioglu)","Nk0xbD","lga",96347,"rs1430787","0.018",0.385,"0.962","Large for gestational age"
"lga","Endometriosis (Rahmioglu)","Nk0xbD","lga",96347,"rs1451383","-0.584",0.324,"0.071","Large for gestational age"
"lga","Endometriosis (Rahmioglu)","Nk0xbD","lga",96347,"rs12549438","0.283",0.356,"0.427","Large for gestational age"
"lga","Endometriosis (Rahmioglu)","Nk0xbD","lga",96347,"rs1903068","0.228",0.211,"0.28","Large for gestational age"
"lga","Endometriosis (Rahmioglu)","Nk0xbD","lga",96347,"rs2036754","0.899",0.386,"0.02","Large for gestational age"
"lga","Endometriosis (Rahmioglu)","Nk0xbD","lga",96347,"rs2226158","-0.572",0.345,"0.098","Large for gestational age"
"lga","Endometriosis (Rahmioglu)","Nk0xbD","lga",96347,"rs2421985","0.464",0.288,"0.106","Large for gestational age"
"lga","Endometriosis (Rahmioglu)","Nk0xbD","lga",96347,"rs2510770","0.608",0.38,"0.11","Large for gestational age"
"lga","Endometriosis (Rahmioglu)","Nk0xbD","lga",96347,"rs2946160","0.882",0.39,"0.024","Large for gestational age"
"lga","Endometriosis (Rahmioglu)","Nk0xbD","lga",96347,"rs3803042","-1.058",0.372,"0.004","Large for gestational age"
"lga","Endometriosis (Rahmioglu)","Nk0xbD","lga",96347,"rs4540228","-0.166",0.327,"0.611","Large for gestational age"
"lga","Endometriosis (Rahmioglu)","Nk0xbD","lga",96347,"rs507666","0.871",0.382,"0.022","Large for gestational age"
"lga","Endometriosis (Rahmioglu)","Nk0xbD","lga",96347,"rs55909142","0.072",0.382,"0.849","Large for gestational age"
"lga","Endometriosis (Rahmioglu)","Nk0xbD","lga",96347,"rs56090796","-0.024",0.361,"0.946","Large for gestational age"
"lga","Endometriosis (Rahmioglu)","Nk0xbD","lga",96347,"rs57281976","-0.349",0.353,"0.323","Large for gestational age"
"lga","Endometriosis (Rahmioglu)","Nk0xbD","lga",96347,"rs17053711","0.525",0.368,"0.154","Large for gestational age"
"lga","Endometriosis (Rahmioglu)","Nk0xbD","lga",96347,"rs6456259","-0.115",0.265,"0.664","Large for gestational age"
"lga","Endometriosis (Rahmioglu)","Nk0xbD","lga",96347,"rs66683298","0.129",0.344,"0.707","Large for gestational age"
"lga","Endometriosis (Rahmioglu)","Nk0xbD","lga",96347,"rs71575922","0.014",0.183,"0.939","Large for gestational age"
"lga","Endometriosis (Rahmioglu)","Nk0xbD","lga",96347,"rs7214750","-0.181",0.336,"0.591","Large for gestational age"
"lga","Endometriosis (Rahmioglu)","Nk0xbD","lga",96347,"rs7334326","-0.368",0.401,"0.36","Large for gestational age"
"lga","Endometriosis (Rahmioglu)","Nk0xbD","lga",96347,"rs7907732","-0.492",0.339,"0.147","Large for gestational age"
"lga","Endometriosis (Rahmioglu)","Nk0xbD","lga",96347,"rs7924571","-0.013",0.34,"0.968","Large for gestational age"
"lga","Endometriosis (Rahmioglu)","Nk0xbD","lga",96347,"All - Inverse variance weighted","0.096",0.079,"0.225","Large for gestational age"
"lga","Endometriosis (Rahmioglu)","Nk0xbD","lga",96347,"All - MR Egger","0.101",0.262,"0.701","Large for gestational age"
"lga","Endometriosis (Rahmioglu)","Nk0xbD","lga",96347,"rs10090060","-0.369",0.276,"0.182","Large for gestational age"
"lga","Endometriosis (Rahmioglu)","Nk0xbD","lga",96347,"rs10122243","-0.487",0.261,"0.062","Large for gestational age"
"lga","Endometriosis (Rahmioglu)","Nk0xbD","lga",96347,"rs10860864","0.128",0.355,"0.719","Large for gestational age"
"lga","Endometriosis (Rahmioglu)","Nk0xbD","lga",96347,"rs6435157","1.017",0.389,"0.009","Large for gestational age"
"lowapgar1","Endometriosis (Rahmioglu)","Nk0xbD","lowapgar1",86709,"rs10090060","0.141",0.383,"0.713","Low Apgar score at 1 min"
"lowapgar1","Endometriosis (Rahmioglu)","Nk0xbD","lowapgar1",86709,"rs10122243","-0.034",0.37,"0.926","Low Apgar score at 1 min"
"lowapgar1","Endometriosis (Rahmioglu)","Nk0xbD","lowapgar1",86709,"rs10860864","0.637",0.491,"0.195","Low Apgar score at 1 min"
"lowapgar1","Endometriosis (Rahmioglu)","Nk0xbD","lowapgar1",86709,"rs12549438","0.028",0.494,"0.955","Low Apgar score at 1 min"
"lowapgar1","Endometriosis (Rahmioglu)","Nk0xbD","lowapgar1",86709,"rs1430787","0.211",0.534,"0.693","Low Apgar score at 1 min"
"lowapgar1","Endometriosis (Rahmioglu)","Nk0xbD","lowapgar1",86709,"rs1451383","-0.262",0.445,"0.556","Low Apgar score at 1 min"
"lowapgar1","Endometriosis (Rahmioglu)","Nk0xbD","lowapgar1",86709,"rs17053711","0.623",0.514,"0.226","Low Apgar score at 1 min"
"lowapgar1","Endometriosis (Rahmioglu)","Nk0xbD","lowapgar1",86709,"rs1903068","0.474",0.293,"0.107","Low Apgar score at 1 min"
"lowapgar1","Endometriosis (Rahmioglu)","Nk0xbD","lowapgar1",86709,"rs2226158","-0.157",0.478,"0.742","Low Apgar score at 1 min"
"lowapgar1","Endometriosis (Rahmioglu)","Nk0xbD","lowapgar1",86709,"rs2421985","-0.748",0.398,"0.06","Low Apgar score at 1 min"
"lowapgar1","Endometriosis (Rahmioglu)","Nk0xbD","lowapgar1",86709,"rs2510770","-0.077",0.533,"0.884","Low Apgar score at 1 min"
"lowapgar1","Endometriosis (Rahmioglu)","Nk0xbD","lowapgar1",86709,"rs2946160","-0.1",0.535,"0.851","Low Apgar score at 1 min"
"lowapgar1","Endometriosis (Rahmioglu)","Nk0xbD","lowapgar1",86709,"rs3803042","-0.163",0.518,"0.753","Low Apgar score at 1 min"
"lowapgar1","Endometriosis (Rahmioglu)","Nk0xbD","lowapgar1",86709,"rs4540228","0.624",0.453,"0.169","Low Apgar score at 1 min"
"lowapgar1","Endometriosis (Rahmioglu)","Nk0xbD","lowapgar1",86709,"rs507666","0.139",0.544,"0.799","Low Apgar score at 1 min"
"lowapgar1","Endometriosis (Rahmioglu)","Nk0xbD","lowapgar1",86709,"rs55909142","0.171",0.534,"0.748","Low Apgar score at 1 min"
"lowapgar1","Endometriosis (Rahmioglu)","Nk0xbD","lowapgar1",86709,"rs57281976","-0.373",0.488,"0.445","Low Apgar score at 1 min"
"lowapgar1","Endometriosis (Rahmioglu)","Nk0xbD","lowapgar1",86709,"rs6435157","0.127",0.539,"0.814","Low Apgar score at 1 min"
"lowapgar1","Endometriosis (Rahmioglu)","Nk0xbD","lowapgar1",86709,"rs6456259","0.151",0.369,"0.682","Low Apgar score at 1 min"
"lowapgar1","Endometriosis (Rahmioglu)","Nk0xbD","lowapgar1",86709,"rs66683298","0.496",0.48,"0.302","Low Apgar score at 1 min"
"lowapgar1","Endometriosis (Rahmioglu)","Nk0xbD","lowapgar1",86709,"rs71575922","0.772",0.252,"0.002","Low Apgar score at 1 min"
"lowapgar1","Endometriosis (Rahmioglu)","Nk0xbD","lowapgar1",86709,"rs7214750","-0.276",0.472,"0.558","Low Apgar score at 1 min"
"lowapgar1","Endometriosis (Rahmioglu)","Nk0xbD","lowapgar1",86709,"rs7334326","-0.329",0.551,"0.551","Low Apgar score at 1 min"
"lowapgar1","Endometriosis (Rahmioglu)","Nk0xbD","lowapgar1",86709,"rs7907732","-0.851",0.47,"0.07","Low Apgar score at 1 min"
"lowapgar1","Endometriosis (Rahmioglu)","Nk0xbD","lowapgar1",86709,"rs7924571","0.838",0.471,"0.075","Low Apgar score at 1 min"
"lowapgar1","Endometriosis (Rahmioglu)","Nk0xbD","lowapgar1",86709,"All - Inverse variance weighted","0.164",0.091,"0.073","Low Apgar score at 1 min"
"lowapgar1","Endometriosis (Rahmioglu)","Nk0xbD","lowapgar1",86709,"All - MR Egger","0.572",0.359,"0.123","Low Apgar score at 1 min"
"lowapgar1","Endometriosis (Rahmioglu)","Nk0xbD","lowapgar1",86709,"rs10983311","-0.145",0.534,"0.786","Low Apgar score at 1 min"
"lowapgar1","Endometriosis (Rahmioglu)","Nk0xbD","lowapgar1",86709,"rs11674184","-0.432",0.279,"0.122","Low Apgar score at 1 min"
"lowapgar1","Endometriosis (Rahmioglu)","Nk0xbD","lowapgar1",86709,"rs11756073","0.793",0.557,"0.155","Low Apgar score at 1 min"
"lowapgar1","Endometriosis (Rahmioglu)","Nk0xbD","lowapgar1",86709,"rs12030576","0.773",0.416,"0.063","Low Apgar score at 1 min"
"lowapgar1","Endometriosis (Rahmioglu)","Nk0xbD","lowapgar1",86709,"rs12441483","0.92",0.406,"0.024","Low Apgar score at 1 min"
"lowapgar5","Endometriosis (Rahmioglu)","Nk0xbD","lowapgar5",74409,"rs11674184","-0.769",0.658,"0.243","Low Apgar score at 5 min"
"lowapgar5","Endometriosis (Rahmioglu)","Nk0xbD","lowapgar5",74409,"rs11756073","-0.441",1.25,"0.724","Low Apgar score at 5 min"
"lowapgar5","Endometriosis (Rahmioglu)","Nk0xbD","lowapgar5",74409,"rs12030576","1.035",0.973,"0.287","Low Apgar score at 5 min"
"lowapgar5","Endometriosis (Rahmioglu)","Nk0xbD","lowapgar5",74409,"rs12441483","-0.082",0.954,"0.931","Low Apgar score at 5 min"
"lowapgar5","Endometriosis (Rahmioglu)","Nk0xbD","lowapgar5",74409,"rs12549438","2.695",1.118,"0.016","Low Apgar score at 5 min"
"lowapgar5","Endometriosis (Rahmioglu)","Nk0xbD","lowapgar5",74409,"rs1352889","3.389",1.217,"0.005","Low Apgar score at 5 min"
"lowapgar5","Endometriosis (Rahmioglu)","Nk0xbD","lowapgar5",74409,"rs1430787","-1.161",1.259,"0.357","Low Apgar score at 5 min"
"lowapgar5","Endometriosis (Rahmioglu)","Nk0xbD","lowapgar5",74409,"rs1451383","-1.864",1.045,"0.074","Low Apgar score at 5 min"
"lowapgar5","Endometriosis (Rahmioglu)","Nk0xbD","lowapgar5",74409,"rs10090060","-0.731",0.9,"0.417","Low Apgar score at 5 min"
"lowapgar5","Endometriosis (Rahmioglu)","Nk0xbD","lowapgar5",74409,"rs10122243","1.381",0.813,"0.089","Low Apgar score at 5 min"
"lowapgar5","Endometriosis (Rahmioglu)","Nk0xbD","lowapgar5",74409,"rs10860864","2.498",1.176,"0.034","Low Apgar score at 5 min"
"lowapgar5","Endometriosis (Rahmioglu)","Nk0xbD","lowapgar5",74409,"rs10917151","0.577",0.482,"0.231","Low Apgar score at 5 min"
"lowapgar5","Endometriosis (Rahmioglu)","Nk0xbD","lowapgar5",74409,"rs10983311","0.181",1.268,"0.887","Low Apgar score at 5 min"
"lowapgar5","Endometriosis (Rahmioglu)","Nk0xbD","lowapgar5",74409,"rs2510770","-0.157",1.235,"0.899","Low Apgar score at 5 min"
"lowapgar5","Endometriosis (Rahmioglu)","Nk0xbD","lowapgar5",74409,"rs2946160","-0.419",1.267,"0.741","Low Apgar score at 5 min"
"lowapgar5","Endometriosis (Rahmioglu)","Nk0xbD","lowapgar5",74409,"rs3803042","-1.245",1.199,"0.299","Low Apgar score at 5 min"
"lowapgar5","Endometriosis (Rahmioglu)","Nk0xbD","lowapgar5",74409,"rs4540228","0.677",1.079,"0.53","Low Apgar score at 5 min"
"lowapgar5","Endometriosis (Rahmioglu)","Nk0xbD","lowapgar5",74409,"rs507666","0.801",1.191,"0.501","Low Apgar score at 5 min"
"lowapgar5","Endometriosis (Rahmioglu)","Nk0xbD","lowapgar5",74409,"rs55909142","-0.413",1.232,"0.737","Low Apgar score at 5 min"
"lowapgar5","Endometriosis (Rahmioglu)","Nk0xbD","lowapgar5",74409,"rs56090796","-1.866",1.18,"0.114","Low Apgar score at 5 min"
"lowapgar5","Endometriosis (Rahmioglu)","Nk0xbD","lowapgar5",74409,"rs57281976","-0.76",1.135,"0.503","Low Apgar score at 5 min"
"lowapgar5","Endometriosis (Rahmioglu)","Nk0xbD","lowapgar5",74409,"rs6435157","-0.546",1.231,"0.658","Low Apgar score at 5 min"
"lowapgar5","Endometriosis (Rahmioglu)","Nk0xbD","lowapgar5",74409,"rs6456259","0.244",0.856,"0.776","Low Apgar score at 5 min"
"lowapgar5","Endometriosis (Rahmioglu)","Nk0xbD","lowapgar5",74409,"rs66683298","1.702",1.127,"0.131","Low Apgar score at 5 min"
"lowapgar5","Endometriosis (Rahmioglu)","Nk0xbD","lowapgar5",74409,"rs71575922","0.577",0.578,"0.318","Low Apgar score at 5 min"
"lowapgar5","Endometriosis (Rahmioglu)","Nk0xbD","lowapgar5",74409,"rs7214750","-0.713",1.05,"0.497","Low Apgar score at 5 min"
"lowapgar5","Endometriosis (Rahmioglu)","Nk0xbD","lowapgar5",74409,"rs7334326","-2.373",1.353,"0.08","Low Apgar score at 5 min"
"lowapgar5","Endometriosis (Rahmioglu)","Nk0xbD","lowapgar5",74409,"rs7907732","-2.558",1.107,"0.021","Low Apgar score at 5 min"
"lowapgar5","Endometriosis (Rahmioglu)","Nk0xbD","lowapgar5",74409,"rs7924571","1.279",1.104,"0.247","Low Apgar score at 5 min"
"lowapgar5","Endometriosis (Rahmioglu)","Nk0xbD","lowapgar5",74409,"All - Inverse variance weighted","0.115",0.211,"0.586","Low Apgar score at 5 min"
"lowapgar5","Endometriosis (Rahmioglu)","Nk0xbD","lowapgar5",74409,"All - MR Egger","0.846",0.683,"0.224","Low Apgar score at 5 min"
"lowapgar5","Endometriosis (Rahmioglu)","Nk0xbD","lowapgar5",74409,"rs17053711","0.46",1.174,"0.695","Low Apgar score at 5 min"
"lowapgar5","Endometriosis (Rahmioglu)","Nk0xbD","lowapgar5",74409,"rs1903068","0.417",0.687,"0.544","Low Apgar score at 5 min"
"lowapgar5","Endometriosis (Rahmioglu)","Nk0xbD","lowapgar5",74409,"rs2036754","0.896",1.247,"0.472","Low Apgar score at 5 min"
"lowapgar5","Endometriosis (Rahmioglu)","Nk0xbD","lowapgar5",74409,"rs2226158","0.354",1.126,"0.753","Low Apgar score at 5 min"
"lowapgar5","Endometriosis (Rahmioglu)","Nk0xbD","lowapgar5",74409,"rs2421985","-1.925",0.934,"0.039","Low Apgar score at 5 min"
"misc_subsamp","Endometriosis (Rahmioglu)","Nk0xbD","misc_subsamp",486258,"rs10122243","0.047",0.091,"0.605","Miscarriage (subsample)"
"misc_subsamp","Endometriosis (Rahmioglu)","Nk0xbD","misc_subsamp",486258,"rs10860864","-0.101",0.126,"0.422","Miscarriage (subsample)"
"misc_subsamp","Endometriosis (Rahmioglu)","Nk0xbD","misc_subsamp",486258,"rs10917151","0.007",0.056,"0.903","Miscarriage (subsample)"
"misc_subsamp","Endometriosis (Rahmioglu)","Nk0xbD","misc_subsamp",486258,"rs10090060","-0.078",0.1,"0.432","Miscarriage (subsample)"
"misc_subsamp","Endometriosis (Rahmioglu)","Nk0xbD","misc_subsamp",486258,"rs12549438","0.155",0.127,"0.222","Miscarriage (subsample)"
"misc_subsamp","Endometriosis (Rahmioglu)","Nk0xbD","misc_subsamp",486258,"rs1352889","-0.102",0.149,"0.494","Miscarriage (subsample)"
"misc_subsamp","Endometriosis (Rahmioglu)","Nk0xbD","misc_subsamp",486258,"rs1430787","0.039",0.149,"0.794","Miscarriage (subsample)"
"misc_subsamp","Endometriosis (Rahmioglu)","Nk0xbD","misc_subsamp",486258,"rs1451383","0.058",0.114,"0.611","Miscarriage (subsample)"
"misc_subsamp","Endometriosis (Rahmioglu)","Nk0xbD","misc_subsamp",486258,"rs17053711","-0.185",0.133,"0.163","Miscarriage (subsample)"
"misc_subsamp","Endometriosis (Rahmioglu)","Nk0xbD","misc_subsamp",486258,"rs1903068","0.22",0.077,"0.004","Miscarriage (subsample)"
"misc_subsamp","Endometriosis (Rahmioglu)","Nk0xbD","misc_subsamp",486258,"rs2036754","-0.157",0.142,"0.269","Miscarriage (subsample)"
"misc_subsamp","Endometriosis (Rahmioglu)","Nk0xbD","misc_subsamp",486258,"rs2226158","-0.056",0.126,"0.655","Miscarriage (subsample)"
"misc_subsamp","Endometriosis (Rahmioglu)","Nk0xbD","misc_subsamp",486258,"rs10983311","-0.026",0.138,"0.854","Miscarriage (subsample)"
"misc_subsamp","Endometriosis (Rahmioglu)","Nk0xbD","misc_subsamp",486258,"rs11674184","-0.068",0.073,"0.352","Miscarriage (subsample)"
"misc_subsamp","Endometriosis (Rahmioglu)","Nk0xbD","misc_subsamp",486258,"rs11756073","0.083",0.134,"0.534","Miscarriage (subsample)"
"misc_subsamp","Endometriosis (Rahmioglu)","Nk0xbD","misc_subsamp",486258,"rs12030576","-0.007",0.108,"0.946","Miscarriage (subsample)"
"misc_subsamp","Endometriosis (Rahmioglu)","Nk0xbD","misc_subsamp",486258,"rs12441483","0.038",0.105,"0.716","Miscarriage (subsample)"
"misc_subsamp","Endometriosis (Rahmioglu)","Nk0xbD","misc_subsamp",486258,"rs507666","-0.175",0.169,"0.3","Miscarriage (subsample)"
"misc_subsamp","Endometriosis (Rahmioglu)","Nk0xbD","misc_subsamp",486258,"rs55909142","0.302",0.138,"0.028","Miscarriage (subsample)"
"misc_subsamp","Endometriosis (Rahmioglu)","Nk0xbD","misc_subsamp",486258,"rs56090796","-0.138",0.145,"0.34","Miscarriage (subsample)"
"misc_subsamp","Endometriosis (Rahmioglu)","Nk0xbD","misc_subsamp",486258,"rs57281976","-0.028",0.139,"0.839","Miscarriage (subsample)"
"misc_subsamp","Endometriosis (Rahmioglu)","Nk0xbD","misc_subsamp",486258,"rs6435157","-0.039",0.146,"0.788","Miscarriage (subsample)"
"misc_subsamp","Endometriosis (Rahmioglu)","Nk0xbD","misc_subsamp",486258,"rs6456259","-0.1",0.095,"0.293","Miscarriage (subsample)"
"misc_subsamp","Endometriosis (Rahmioglu)","Nk0xbD","misc_subsamp",486258,"rs66683298","0.193",0.125,"0.123","Miscarriage (subsample)"
"misc_subsamp","Endometriosis (Rahmioglu)","Nk0xbD","misc_subsamp",486258,"rs71575922","0.076",0.065,"0.24","Miscarriage (subsample)"
"misc_subsamp","Endometriosis (Rahmioglu)","Nk0xbD","misc_subsamp",486258,"rs7214750","0.136",0.12,"0.257","Miscarriage (subsample)"
"misc_subsamp","Endometriosis (Rahmioglu)","Nk0xbD","misc_subsamp",486258,"rs7334326","-0.149",0.14,"0.288","Miscarriage (subsample)"
"misc_subsamp","Endometriosis (Rahmioglu)","Nk0xbD","misc_subsamp",486258,"rs7907732","-0.088",0.133,"0.512","Miscarriage (subsample)"
"misc_subsamp","Endometriosis (Rahmioglu)","Nk0xbD","misc_subsamp",486258,"rs7924571","-0.01",0.123,"0.938","Miscarriage (subsample)"
"misc_subsamp","Endometriosis (Rahmioglu)","Nk0xbD","misc_subsamp",486258,"All - Inverse variance weighted","0.007",0.019,"0.706","Miscarriage (subsample)"
"misc_subsamp","Endometriosis (Rahmioglu)","Nk0xbD","misc_subsamp",486258,"All - MR Egger","0.053",0.064,"0.413","Miscarriage (subsample)"
"misc_subsamp","Endometriosis (Rahmioglu)","Nk0xbD","misc_subsamp",486258,"rs2421985","-0.184",0.103,"0.075","Miscarriage (subsample)"
"misc_subsamp","Endometriosis (Rahmioglu)","Nk0xbD","misc_subsamp",486258,"rs2510770","0.096",0.137,"0.484","Miscarriage (subsample)"
"misc_subsamp","Endometriosis (Rahmioglu)","Nk0xbD","misc_subsamp",486258,"rs2946160","-0.071",0.143,"0.617","Miscarriage (subsample)"
"misc_subsamp","Endometriosis (Rahmioglu)","Nk0xbD","misc_subsamp",486258,"rs3803042","0.058",0.134,"0.668","Miscarriage (subsample)"
"misc_subsamp","Endometriosis (Rahmioglu)","Nk0xbD","misc_subsamp",486258,"rs4540228","0.059",0.117,"0.611","Miscarriage (subsample)"
"nicu","Endometriosis (Rahmioglu)","Nk0xbD","nicu",77325,"rs10122243","0.122",0.303,"0.687","NICU admission"
"nicu","Endometriosis (Rahmioglu)","Nk0xbD","nicu",77325,"rs10860864","0.041",0.427,"0.924","NICU admission"
"nicu","Endometriosis (Rahmioglu)","Nk0xbD","nicu",77325,"rs10983311","0.745",0.472,"0.115","NICU admission"
"nicu","Endometriosis (Rahmioglu)","Nk0xbD","nicu",77325,"rs10090060","0.339",0.333,"0.31","NICU admission"
"nicu","Endometriosis (Rahmioglu)","Nk0xbD","nicu",77325,"rs11756073","0.189",0.457,"0.68","NICU admission"
"nicu","Endometriosis (Rahmioglu)","Nk0xbD","nicu",77325,"rs12030576","0.119",0.359,"0.74","NICU admission"
"nicu","Endometriosis (Rahmioglu)","Nk0xbD","nicu",77325,"rs12441483","-0.464",0.353,"0.189","NICU admission"
"nicu","Endometriosis (Rahmioglu)","Nk0xbD","nicu",77325,"rs11674184","-0.043",0.244,"0.859","NICU admission"
"nicu","Endometriosis (Rahmioglu)","Nk0xbD","nicu",77325,"rs1903068","-0.364",0.252,"0.149","NICU admission"
"nicu","Endometriosis (Rahmioglu)","Nk0xbD","nicu",77325,"rs2036754","0.407",0.465,"0.381","NICU admission"
"nicu","Endometriosis (Rahmioglu)","Nk0xbD","nicu",77325,"rs2226158","0.143",0.415,"0.729","NICU admission"
"nicu","Endometriosis (Rahmioglu)","Nk0xbD","nicu",77325,"rs2421985","-0.468",0.346,"0.176","NICU admission"
"nicu","Endometriosis (Rahmioglu)","Nk0xbD","nicu",77325,"rs2510770","0.221",0.458,"0.629","NICU admission"
"nicu","Endometriosis (Rahmioglu)","Nk0xbD","nicu",77325,"rs2946160","0.105",0.468,"0.823","NICU admission"
"nicu","Endometriosis (Rahmioglu)","Nk0xbD","nicu",77325,"rs3803042","-0.429",0.446,"0.336","NICU admission"
"nicu","Endometriosis (Rahmioglu)","Nk0xbD","nicu",77325,"rs4540228","0.131",0.398,"0.743","NICU admission"
"nicu","Endometriosis (Rahmioglu)","Nk0xbD","nicu",77325,"rs12549438","0.36",0.425,"0.398","NICU admission"
"nicu","Endometriosis (Rahmioglu)","Nk0xbD","nicu",77325,"rs1352889","-0.092",0.466,"0.843","NICU admission"
"nicu","Endometriosis (Rahmioglu)","Nk0xbD","nicu",77325,"rs1430787","-0.479",0.466,"0.303","NICU admission"
"nicu","Endometriosis (Rahmioglu)","Nk0xbD","nicu",77325,"rs1451383","-0.306",0.392,"0.436","NICU admission"
"nicu","Endometriosis (Rahmioglu)","Nk0xbD","nicu",77325,"rs17053711","0.187",0.438,"0.669","NICU admission"
"nicu","Endometriosis (Rahmioglu)","Nk0xbD","nicu",77325,"rs6456259","-0.069",0.317,"0.827","NICU admission"
"nicu","Endometriosis (Rahmioglu)","Nk0xbD","nicu",77325,"rs66683298","-0.904",0.414,"0.029","NICU admission"
"nicu","Endometriosis (Rahmioglu)","Nk0xbD","nicu",77325,"rs71575922","0.247",0.215,"0.252","NICU admission"
"nicu","Endometriosis (Rahmioglu)","Nk0xbD","nicu",77325,"rs7214750","-0.317",0.397,"0.425","NICU admission"
"nicu","Endometriosis (Rahmioglu)","Nk0xbD","nicu",77325,"rs7334326","-0.103",0.487,"0.832","NICU admission"
"nicu","Endometriosis (Rahmioglu)","Nk0xbD","nicu",77325,"rs7907732","-0.516",0.409,"0.207","NICU admission"
"nicu","Endometriosis (Rahmioglu)","Nk0xbD","nicu",77325,"rs7924571","0.346",0.408,"0.396","NICU admission"
"nicu","Endometriosis (Rahmioglu)","Nk0xbD","nicu",77325,"All - Inverse variance weighted","-0.039",0.065,"0.555","NICU admission"
"nicu","Endometriosis (Rahmioglu)","Nk0xbD","nicu",77325,"All - MR Egger","0.106",0.264,"0.691","NICU admission"
"nicu","Endometriosis (Rahmioglu)","Nk0xbD","nicu",77325,"rs57281976","-0.454",0.423,"0.284","NICU admission"
"nicu","Endometriosis (Rahmioglu)","Nk0xbD","nicu",77325,"rs507666","-0.287",0.444,"0.518","NICU admission"
"nicu","Endometriosis (Rahmioglu)","Nk0xbD","nicu",77325,"rs55909142","0.626",0.459,"0.173","NICU admission"
"nicu","Endometriosis (Rahmioglu)","Nk0xbD","nicu",77325,"rs56090796","-0.416",0.432,"0.335","NICU admission"
"nicu","Endometriosis (Rahmioglu)","Nk0xbD","nicu",77325,"rs6435157","0.284",0.459,"0.536","NICU admission"
"nvp_sev_all","Endometriosis (Rahmioglu)","Nk0xbD","nvp_sev_all",75842,"rs10090060","-0.027",0.086,"0.755","Severe nausea/vomiting (all)"
"nvp_sev_all","Endometriosis (Rahmioglu)","Nk0xbD","nvp_sev_all",75842,"rs11756073","0.134",0.118,"0.255","Severe nausea/vomiting (all)"
"nvp_sev_all","Endometriosis (Rahmioglu)","Nk0xbD","nvp_sev_all",75842,"rs12030576","-0.117",0.092,"0.201","Severe nausea/vomiting (all)"
"nvp_sev_all","Endometriosis (Rahmioglu)","Nk0xbD","nvp_sev_all",75842,"rs12441483","0.071",0.09,"0.431","Severe nausea/vomiting (all)"
"nvp_sev_all","Endometriosis (Rahmioglu)","Nk0xbD","nvp_sev_all",75842,"rs12549438","-0.109",0.109,"0.317","Severe nausea/vomiting (all)"
"nvp_sev_all","Endometriosis (Rahmioglu)","Nk0xbD","nvp_sev_all",75842,"rs1352889","0.278",0.119,"0.02","Severe nausea/vomiting (all)"
"nvp_sev_all","Endometriosis (Rahmioglu)","Nk0xbD","nvp_sev_all",75842,"rs1430787","-0.041",0.119,"0.729","Severe nausea/vomiting (all)"
"nvp_sev_all","Endometriosis (Rahmioglu)","Nk0xbD","nvp_sev_all",75842,"rs1451383","0.179",0.101,"0.077","Severe nausea/vomiting (all)"
"nvp_sev_all","Endometriosis (Rahmioglu)","Nk0xbD","nvp_sev_all",75842,"rs17053711","0.035",0.111,"0.754","Severe nausea/vomiting (all)"
"nvp_sev_all","Endometriosis (Rahmioglu)","Nk0xbD","nvp_sev_all",75842,"rs10122243","0.021",0.077,"0.782","Severe nausea/vomiting (all)"
"nvp_sev_all","Endometriosis (Rahmioglu)","Nk0xbD","nvp_sev_all",75842,"rs10860864","0.074",0.108,"0.491","Severe nausea/vomiting (all)"
"nvp_sev_all","Endometriosis (Rahmioglu)","Nk0xbD","nvp_sev_all",75842,"rs10917151","0.015",0.047,"0.747","Severe nausea/vomiting (all)"
"nvp_sev_all","Endometriosis (Rahmioglu)","Nk0xbD","nvp_sev_all",75842,"rs10983311","-0.011",0.119,"0.929","Severe nausea/vomiting (all)"
"nvp_sev_all","Endometriosis (Rahmioglu)","Nk0xbD","nvp_sev_all",75842,"rs11674184","0.001",0.062,"0.984","Severe nausea/vomiting (all)"
"nvp_sev_all","Endometriosis (Rahmioglu)","Nk0xbD","nvp_sev_all",75842,"rs2946160","-0.033",0.12,"0.781","Severe nausea/vomiting (all)"
"nvp_sev_all","Endometriosis (Rahmioglu)","Nk0xbD","nvp_sev_all",75842,"rs3803042","-0.079",0.115,"0.492","Severe nausea/vomiting (all)"
"nvp_sev_all","Endometriosis (Rahmioglu)","Nk0xbD","nvp_sev_all",75842,"rs4540228","0.016",0.101,"0.875","Severe nausea/vomiting (all)"
"nvp_sev_all","Endometriosis (Rahmioglu)","Nk0xbD","nvp_sev_all",75842,"rs507666","0.289",0.114,"0.012","Severe nausea/vomiting (all)"
"nvp_sev_all","Endometriosis (Rahmioglu)","Nk0xbD","nvp_sev_all",75842,"rs55909142","-0.101",0.116,"0.382","Severe nausea/vomiting (all)"
"nvp_sev_all","Endometriosis (Rahmioglu)","Nk0xbD","nvp_sev_all",75842,"rs56090796","-0.022",0.111,"0.841","Severe nausea/vomiting (all)"
"nvp_sev_all","Endometriosis (Rahmioglu)","Nk0xbD","nvp_sev_all",75842,"rs57281976","-0.093",0.109,"0.394","Severe nausea/vomiting (all)"
"nvp_sev_all","Endometriosis (Rahmioglu)","Nk0xbD","nvp_sev_all",75842,"rs6435157","0.055",0.118,"0.643","Severe nausea/vomiting (all)"
"nvp_sev_all","Endometriosis (Rahmioglu)","Nk0xbD","nvp_sev_all",75842,"rs1903068","0.081",0.064,"0.208","Severe nausea/vomiting (all)"
"nvp_sev_all","Endometriosis (Rahmioglu)","Nk0xbD","nvp_sev_all",75842,"rs2036754","-0.071",0.119,"0.55","Severe nausea/vomiting (all)"
"nvp_sev_all","Endometriosis (Rahmioglu)","Nk0xbD","nvp_sev_all",75842,"rs2226158","0.054",0.105,"0.61","Severe nausea/vomiting (all)"
"nvp_sev_all","Endometriosis (Rahmioglu)","Nk0xbD","nvp_sev_all",75842,"rs2421985","-0.024",0.088,"0.782","Severe nausea/vomiting (all)"
"nvp_sev_all","Endometriosis (Rahmioglu)","Nk0xbD","nvp_sev_all",75842,"rs2510770","0.091",0.116,"0.433","Severe nausea/vomiting (all)"
"nvp_sev_all","Endometriosis (Rahmioglu)","Nk0xbD","nvp_sev_all",75842,"rs7907732","0.037",0.105,"0.723","Severe nausea/vomiting (all)"
"nvp_sev_all","Endometriosis (Rahmioglu)","Nk0xbD","nvp_sev_all",75842,"rs7924571","-0.069",0.104,"0.505","Severe nausea/vomiting (all)"
"nvp_sev_all","Endometriosis (Rahmioglu)","Nk0xbD","nvp_sev_all",75842,"All - Inverse variance weighted","0.019",0.018,"0.269","Severe nausea/vomiting (all)"
"nvp_sev_all","Endometriosis (Rahmioglu)","Nk0xbD","nvp_sev_all",75842,"All - MR Egger","-0.023",0.058,"0.693","Severe nausea/vomiting (all)"
"nvp_sev_all","Endometriosis (Rahmioglu)","Nk0xbD","nvp_sev_all",75842,"rs7214750","0.123",0.103,"0.229","Severe nausea/vomiting (all)"
"nvp_sev_all","Endometriosis (Rahmioglu)","Nk0xbD","nvp_sev_all",75842,"rs6456259","0.144",0.082,"0.079","Severe nausea/vomiting (all)"
"nvp_sev_all","Endometriosis (Rahmioglu)","Nk0xbD","nvp_sev_all",75842,"rs66683298","0.261",0.105,"0.013","Severe nausea/vomiting (all)"
"nvp_sev_all","Endometriosis (Rahmioglu)","Nk0xbD","nvp_sev_all",75842,"rs71575922","-0.133",0.056,"0.017","Severe nausea/vomiting (all)"
"nvp_sev_all","Endometriosis (Rahmioglu)","Nk0xbD","nvp_sev_all",75842,"rs7334326","-0.039",0.124,"0.753","Severe nausea/vomiting (all)"
"nvp_sev_subsamp","Endometriosis (Rahmioglu)","Nk0xbD","nvp_sev_subsamp",61955,"rs10090060","-0.034",0.093,"0.715","Severe nausea/vomiting (subsample)"
"nvp_sev_subsamp","Endometriosis (Rahmioglu)","Nk0xbD","nvp_sev_subsamp",61955,"rs10860864","0.074",0.119,"0.531","Severe nausea/vomiting (subsample)"
"nvp_sev_subsamp","Endometriosis (Rahmioglu)","Nk0xbD","nvp_sev_subsamp",61955,"rs10917151","-0.012",0.051,"0.811","Severe nausea/vomiting (subsample)"
"nvp_sev_subsamp","Endometriosis (Rahmioglu)","Nk0xbD","nvp_sev_subsamp",61955,"rs10983311","0.091",0.13,"0.481","Severe nausea/vomiting (subsample)"
"nvp_sev_subsamp","Endometriosis (Rahmioglu)","Nk0xbD","nvp_sev_subsamp",61955,"rs10122243","0.02",0.083,"0.814","Severe nausea/vomiting (subsample)"
"nvp_sev_subsamp","Endometriosis (Rahmioglu)","Nk0xbD","nvp_sev_subsamp",61955,"rs1352889","0.339",0.129,"0.009","Severe nausea/vomiting (subsample)"
"nvp_sev_subsamp","Endometriosis (Rahmioglu)","Nk0xbD","nvp_sev_subsamp",61955,"rs1430787","-0.016",0.128,"0.901","Severe nausea/vomiting (subsample)"
"nvp_sev_subsamp","Endometriosis (Rahmioglu)","Nk0xbD","nvp_sev_subsamp",61955,"rs1451383","0.166",0.108,"0.125","Severe nausea/vomiting (subsample)"
"nvp_sev_subsamp","Endometriosis (Rahmioglu)","Nk0xbD","nvp_sev_subsamp",61955,"rs17053711","0.015",0.122,"0.901","Severe nausea/vomiting (subsample)"
"nvp_sev_subsamp","Endometriosis (Rahmioglu)","Nk0xbD","nvp_sev_subsamp",61955,"rs1903068","0.045",0.071,"0.525","Severe nausea/vomiting (subsample)"
"nvp_sev_subsamp","Endometriosis (Rahmioglu)","Nk0xbD","nvp_sev_subsamp",61955,"rs2036754","-0.028",0.129,"0.827","Severe nausea/vomiting (subsample)"
"nvp_sev_subsamp","Endometriosis (Rahmioglu)","Nk0xbD","nvp_sev_subsamp",61955,"rs2226158","0.049",0.114,"0.666","Severe nausea/vomiting (subsample)"
"nvp_sev_subsamp","Endometriosis (Rahmioglu)","Nk0xbD","nvp_sev_subsamp",61955,"rs2421985","0.009",0.096,"0.922","Severe nausea/vomiting (subsample)"
"nvp_sev_subsamp","Endometriosis (Rahmioglu)","Nk0xbD","nvp_sev_subsamp",61955,"rs11674184","0.009",0.068,"0.895","Severe nausea/vomiting (subsample)"
"nvp_sev_subsamp","Endometriosis (Rahmioglu)","Nk0xbD","nvp_sev_subsamp",61955,"rs11756073","0.094",0.127,"0.458","Severe nausea/vomiting (subsample)"
"nvp_sev_subsamp","Endometriosis (Rahmioglu)","Nk0xbD","nvp_sev_subsamp",61955,"rs12030576","-0.114",0.099,"0.251","Severe nausea/vomiting (subsample)"
"nvp_sev_subsamp","Endometriosis (Rahmioglu)","Nk0xbD","nvp_sev_subsamp",61955,"rs12441483","0.042",0.097,"0.666","Severe nausea/vomiting (subsample)"
"nvp_sev_subsamp","Endometriosis (Rahmioglu)","Nk0xbD","nvp_sev_subsamp",61955,"rs12549438","-0.086",0.118,"0.465","Severe nausea/vomiting (subsample)"
"nvp_sev_subsamp","Endometriosis (Rahmioglu)","Nk0xbD","nvp_sev_subsamp",61955,"rs55909142","-0.051",0.128,"0.692","Severe nausea/vomiting (subsample)"
"nvp_sev_subsamp","Endometriosis (Rahmioglu)","Nk0xbD","nvp_sev_subsamp",61955,"rs56090796","-0.004",0.12,"0.97","Severe nausea/vomiting (subsample)"
"nvp_sev_subsamp","Endometriosis (Rahmioglu)","Nk0xbD","nvp_sev_subsamp",61955,"rs57281976","-0.004",0.117,"0.972","Severe nausea/vomiting (subsample)"
"nvp_sev_subsamp","Endometriosis (Rahmioglu)","Nk0xbD","nvp_sev_subsamp",61955,"rs6435157","0.002",0.127,"0.986","Severe nausea/vomiting (subsample)"
"nvp_sev_subsamp","Endometriosis (Rahmioglu)","Nk0xbD","nvp_sev_subsamp",61955,"rs6456259","0.171",0.088,"0.052","Severe nausea/vomiting (subsample)"
"nvp_sev_subsamp","Endometriosis (Rahmioglu)","Nk0xbD","nvp_sev_subsamp",61955,"rs66683298","0.248",0.116,"0.033","Severe nausea/vomiting (subsample)"
"nvp_sev_subsamp","Endometriosis (Rahmioglu)","Nk0xbD","nvp_sev_subsamp",61955,"rs71575922","-0.13",0.06,"0.031","Severe nausea/vomiting (subsample)"
"nvp_sev_subsamp","Endometriosis (Rahmioglu)","Nk0xbD","nvp_sev_subsamp",61955,"rs7214750","0.203",0.111,"0.067","Severe nausea/vomiting (subsample)"
"nvp_sev_subsamp","Endometriosis (Rahmioglu)","Nk0xbD","nvp_sev_subsamp",61955,"rs2510770","0.155",0.128,"0.225","Severe nausea/vomiting (subsample)"
"nvp_sev_subsamp","Endometriosis (Rahmioglu)","Nk0xbD","nvp_sev_subsamp",61955,"rs2946160","-0.049",0.129,"0.704","Severe nausea/vomiting (subsample)"
"nvp_sev_subsamp","Endometriosis (Rahmioglu)","Nk0xbD","nvp_sev_subsamp",61955,"rs3803042","-0.192",0.125,"0.124","Severe nausea/vomiting (subsample)"
"nvp_sev_subsamp","Endometriosis (Rahmioglu)","Nk0xbD","nvp_sev_subsamp",61955,"rs4540228","0.024",0.111,"0.83","Severe nausea/vomiting (subsample)"
"nvp_sev_subsamp","Endometriosis (Rahmioglu)","Nk0xbD","nvp_sev_subsamp",61955,"rs507666","0.323",0.122,"0.008","Severe nausea/vomiting (subsample)"
"nvp_sev_subsamp","Endometriosis (Rahmioglu)","Nk0xbD","nvp_sev_subsamp",61955,"All - MR Egger","-0.038",0.061,"0.544","Severe nausea/vomiting (subsample)"
"nvp_sev_subsamp","Endometriosis (Rahmioglu)","Nk0xbD","nvp_sev_subsamp",61955,"rs7334326","-0.041",0.135,"0.762","Severe nausea/vomiting (subsample)"
"nvp_sev_subsamp","Endometriosis (Rahmioglu)","Nk0xbD","nvp_sev_subsamp",61955,"rs7907732","-0.018",0.114,"0.878","Severe nausea/vomiting (subsample)"
"nvp_sev_subsamp","Endometriosis (Rahmioglu)","Nk0xbD","nvp_sev_subsamp",61955,"rs7924571","-0.023",0.113,"0.839","Severe nausea/vomiting (subsample)"
"nvp_sev_subsamp","Endometriosis (Rahmioglu)","Nk0xbD","nvp_sev_subsamp",61955,"All - Inverse variance weighted","0.022",0.019,"0.238","Severe nausea/vomiting (subsample)"
"pe_subsamp","Endometriosis (Rahmioglu)","Nk0xbD","pe_subsamp",672032,"rs10122243","-0.114",0.195,"0.56","Preeclampsia (subsample)"
"pe_subsamp","Endometriosis (Rahmioglu)","Nk0xbD","pe_subsamp",672032,"rs10860864","0.278",0.261,"0.286","Preeclampsia (subsample)"
"pe_subsamp","Endometriosis (Rahmioglu)","Nk0xbD","pe_subsamp",672032,"rs10917151","0.004",0.126,"0.976","Preeclampsia (subsample)"
"pe_subsamp","Endometriosis (Rahmioglu)","Nk0xbD","pe_subsamp",672032,"rs10983311","-0.426",0.283,"0.133","Preeclampsia (subsample)"
"pe_subsamp","Endometriosis (Rahmioglu)","Nk0xbD","pe_subsamp",672032,"rs11674184","0.036",0.168,"0.832","Preeclampsia (subsample)"
"pe_subsamp","Endometriosis (Rahmioglu)","Nk0xbD","pe_subsamp",672032,"rs11756073","-0.054",0.279,"0.846","Preeclampsia (subsample)"
"pe_subsamp","Endometriosis (Rahmioglu)","Nk0xbD","pe_subsamp",672032,"rs12030576","-0.223",0.227,"0.325","Preeclampsia (subsample)"
"pe_subsamp","Endometriosis (Rahmioglu)","Nk0xbD","pe_subsamp",672032,"rs12441483","0.067",0.221,"0.763","Preeclampsia (subsample)"
"pe_subsamp","Endometriosis (Rahmioglu)","Nk0xbD","pe_subsamp",672032,"rs10090060","-0.127",0.209,"0.544","Preeclampsia (subsample)"
"pe_subsamp","Endometriosis (Rahmioglu)","Nk0xbD","pe_subsamp",672032,"rs1903068","-0.234",0.163,"0.152","Preeclampsia (subsample)"
"pe_subsamp","Endometriosis (Rahmioglu)","Nk0xbD","pe_subsamp",672032,"rs2036754","0.485",0.303,"0.109","Preeclampsia (subsample)"
"pe_subsamp","Endometriosis (Rahmioglu)","Nk0xbD","pe_subsamp",672032,"rs2226158","-0.155",0.26,"0.552","Preeclampsia (subsample)"
"pe_subsamp","Endometriosis (Rahmioglu)","Nk0xbD","pe_subsamp",672032,"rs2421985","-0.015",0.218,"0.945","Preeclampsia (subsample)"
"pe_subsamp","Endometriosis (Rahmioglu)","Nk0xbD","pe_subsamp",672032,"rs2510770","-0.326",0.289,"0.26","Preeclampsia (subsample)"
"pe_subsamp","Endometriosis (Rahmioglu)","Nk0xbD","pe_subsamp",672032,"rs2946160","-0.459",0.305,"0.133","Preeclampsia (subsample)"
"pe_subsamp","Endometriosis (Rahmioglu)","Nk0xbD","pe_subsamp",672032,"rs3803042","-0.221",0.281,"0.432","Preeclampsia (subsample)"
"pe_subsamp","Endometriosis (Rahmioglu)","Nk0xbD","pe_subsamp",672032,"rs4540228","0.079",0.248,"0.749","Preeclampsia (subsample)"
"pe_subsamp","Endometriosis (Rahmioglu)","Nk0xbD","pe_subsamp",672032,"rs12549438","-0.12",0.273,"0.661","Preeclampsia (subsample)"
"pe_subsamp","Endometriosis (Rahmioglu)","Nk0xbD","pe_subsamp",672032,"rs1352889","0.36",0.329,"0.273","Preeclampsia (subsample)"
"pe_subsamp","Endometriosis (Rahmioglu)","Nk0xbD","pe_subsamp",672032,"rs1430787","0.163",0.287,"0.57","Preeclampsia (subsample)"
"pe_subsamp","Endometriosis (Rahmioglu)","Nk0xbD","pe_subsamp",672032,"rs1451383","-0.474",0.235,"0.044","Preeclampsia (subsample)"
"pe_subsamp","Endometriosis (Rahmioglu)","Nk0xbD","pe_subsamp",672032,"rs17053711","-0.085",0.275,"0.757","Preeclampsia (subsample)"
"pe_subsamp","Endometriosis (Rahmioglu)","Nk0xbD","pe_subsamp",672032,"rs66683298","0.259",0.263,"0.325","Preeclampsia (subsample)"
"pe_subsamp","Endometriosis (Rahmioglu)","Nk0xbD","pe_subsamp",672032,"rs71575922","0.073",0.133,"0.581","Preeclampsia (subsample)"
"pe_subsamp","Endometriosis (Rahmioglu)","Nk0xbD","pe_subsamp",672032,"rs7214750","0.023",0.24,"0.923","Preeclampsia (subsample)"
"pe_subsamp","Endometriosis (Rahmioglu)","Nk0xbD","pe_subsamp",672032,"rs7334326","0.153",0.29,"0.598","Preeclampsia (subsample)"
"pe_subsamp","Endometriosis (Rahmioglu)","Nk0xbD","pe_subsamp",672032,"rs7907732","-0.28",0.256,"0.274","Preeclampsia (subsample)"
"pe_subsamp","Endometriosis (Rahmioglu)","Nk0xbD","pe_subsamp",672032,"rs7924571","0.027",0.248,"0.914","Preeclampsia (subsample)"
"pe_subsamp","Endometriosis (Rahmioglu)","Nk0xbD","pe_subsamp",672032,"All - Inverse variance weighted","-0.06",0.04,"0.132","Preeclampsia (subsample)"
"pe_subsamp","Endometriosis (Rahmioglu)","Nk0xbD","pe_subsamp",672032,"All - MR Egger","0.117",0.132,"0.382","Preeclampsia (subsample)"
"pe_subsamp","Endometriosis (Rahmioglu)","Nk0xbD","pe_subsamp",672032,"rs55909142","-0.159",0.295,"0.589","Preeclampsia (subsample)"
"pe_subsamp","Endometriosis (Rahmioglu)","Nk0xbD","pe_subsamp",672032,"rs56090796","0.145",0.281,"0.606","Preeclampsia (subsample)"
"pe_subsamp","Endometriosis (Rahmioglu)","Nk0xbD","pe_subsamp",672032,"rs57281976","-0.268",0.258,"0.299","Preeclampsia (subsample)"
"pe_subsamp","Endometriosis (Rahmioglu)","Nk0xbD","pe_subsamp",672032,"rs6435157","-0.755",0.314,"0.016","Preeclampsia (subsample)"
"pe_subsamp","Endometriosis (Rahmioglu)","Nk0xbD","pe_subsamp",672032,"rs6456259","-0.037",0.2,"0.852","Preeclampsia (subsample)"
"Postpartum_hemorrhage","Endometriosis (Rahmioglu)","Nk0xbD","Postpartum_hemorrhage",NA,"rs10090060","0.062",0.193,"0.747","Postpartum_hemorrhage"
"Postpartum_hemorrhage","Endometriosis (Rahmioglu)","Nk0xbD","Postpartum_hemorrhage",NA,"rs10122243","-0.347",0.175,"0.048","Postpartum_hemorrhage"
"Postpartum_hemorrhage","Endometriosis (Rahmioglu)","Nk0xbD","Postpartum_hemorrhage",NA,"rs10757277","0.204",0.23,"0.374","Postpartum_hemorrhage"
"Postpartum_hemorrhage","Endometriosis (Rahmioglu)","Nk0xbD","Postpartum_hemorrhage",NA,"rs10828249","-0.589",0.216,"0.006","Postpartum_hemorrhage"
"Postpartum_hemorrhage","Endometriosis (Rahmioglu)","Nk0xbD","Postpartum_hemorrhage",NA,"rs10860864","0.273",0.24,"0.255","Postpartum_hemorrhage"
"Postpartum_hemorrhage","Endometriosis (Rahmioglu)","Nk0xbD","Postpartum_hemorrhage",NA,"rs10917151","-0.574",0.107,"7.04e-08","Postpartum_hemorrhage"
"Postpartum_hemorrhage","Endometriosis (Rahmioglu)","Nk0xbD","Postpartum_hemorrhage",NA,"rs10983311","0.155",0.266,"0.56","Postpartum_hemorrhage"
"Postpartum_hemorrhage","Endometriosis (Rahmioglu)","Nk0xbD","Postpartum_hemorrhage",NA,"rs11674184","0.011",0.139,"0.934","Postpartum_hemorrhage"
"Postpartum_hemorrhage","Endometriosis (Rahmioglu)","Nk0xbD","Postpartum_hemorrhage",NA,"rs11756073","0.623",0.255,"0.015","Postpartum_hemorrhage"
"Postpartum_hemorrhage","Endometriosis (Rahmioglu)","Nk0xbD","Postpartum_hemorrhage",NA,"rs12030576","0.104",0.205,"0.611","Postpartum_hemorrhage"
"Postpartum_hemorrhage","Endometriosis (Rahmioglu)","Nk0xbD","Postpartum_hemorrhage",NA,"rs12320196","0.025",0.204,"0.902","Postpartum_hemorrhage"
"Postpartum_hemorrhage","Endometriosis (Rahmioglu)","Nk0xbD","Postpartum_hemorrhage",NA,"rs12441483","0.239",0.203,"0.24","Postpartum_hemorrhage"
"Postpartum_hemorrhage","Endometriosis (Rahmioglu)","Nk0xbD","Postpartum_hemorrhage",NA,"rs12549438","0.725",0.26,"0.005","Postpartum_hemorrhage"
"Postpartum_hemorrhage","Endometriosis (Rahmioglu)","Nk0xbD","Postpartum_hemorrhage",NA,"rs1352889","-0.499",0.285,"0.08","Postpartum_hemorrhage"
"Postpartum_hemorrhage","Endometriosis (Rahmioglu)","Nk0xbD","Postpartum_hemorrhage",NA,"rs1430787","0.131",0.268,"0.625","Postpartum_hemorrhage"
"Postpartum_hemorrhage","Endometriosis (Rahmioglu)","Nk0xbD","Postpartum_hemorrhage",NA,"rs1451383","-0.031",0.216,"0.887","Postpartum_hemorrhage"
"Postpartum_hemorrhage","Endometriosis (Rahmioglu)","Nk0xbD","Postpartum_hemorrhage",NA,"rs17053711","0.765",0.255,"0.003","Postpartum_hemorrhage"
"Postpartum_hemorrhage","Endometriosis (Rahmioglu)","Nk0xbD","Postpartum_hemorrhage",NA,"rs1903068","0.38",0.148,"0.01","Postpartum_hemorrhage"
"Postpartum_hemorrhage","Endometriosis (Rahmioglu)","Nk0xbD","Postpartum_hemorrhage",NA,"rs1971256","0.314",0.172,"0.068","Postpartum_hemorrhage"
"Postpartum_hemorrhage","Endometriosis (Rahmioglu)","Nk0xbD","Postpartum_hemorrhage",NA,"rs2036754","-0.038",0.266,"0.886","Postpartum_hemorrhage"
"Postpartum_hemorrhage","Endometriosis (Rahmioglu)","Nk0xbD","Postpartum_hemorrhage",NA,"rs2226158","0.022",0.241,"0.926","Postpartum_hemorrhage"
"Postpartum_hemorrhage","Endometriosis (Rahmioglu)","Nk0xbD","Postpartum_hemorrhage",NA,"rs2421985","-0.182",0.199,"0.36","Postpartum_hemorrhage"
"Postpartum_hemorrhage","Endometriosis (Rahmioglu)","Nk0xbD","Postpartum_hemorrhage",NA,"rs2510770","-0.157",0.26,"0.546","Postpartum_hemorrhage"
"Postpartum_hemorrhage","Endometriosis (Rahmioglu)","Nk0xbD","Postpartum_hemorrhage",NA,"rs2946160","0.858",0.278,"0.002","Postpartum_hemorrhage"
"Postpartum_hemorrhage","Endometriosis (Rahmioglu)","Nk0xbD","Postpartum_hemorrhage",NA,"rs2967684","0.143",0.262,"0.585","Postpartum_hemorrhage"
"Postpartum_hemorrhage","Endometriosis (Rahmioglu)","Nk0xbD","Postpartum_hemorrhage",NA,"rs3803042","0.12",0.257,"0.641","Postpartum_hemorrhage"
"Postpartum_hemorrhage","Endometriosis (Rahmioglu)","Nk0xbD","Postpartum_hemorrhage",NA,"rs3858429","-0.086",0.124,"0.484","Postpartum_hemorrhage"
"Postpartum_hemorrhage","Endometriosis (Rahmioglu)","Nk0xbD","Postpartum_hemorrhage",NA,"rs4540228","-0.319",0.229,"0.163","Postpartum_hemorrhage"
"Postpartum_hemorrhage","Endometriosis (Rahmioglu)","Nk0xbD","Postpartum_hemorrhage",NA,"rs55909142","-0.599",0.266,"0.024","Postpartum_hemorrhage"
"Postpartum_hemorrhage","Endometriosis (Rahmioglu)","Nk0xbD","Postpartum_hemorrhage",NA,"rs56090796","0.156",0.304,"0.608","Postpartum_hemorrhage"
"Postpartum_hemorrhage","Endometriosis (Rahmioglu)","Nk0xbD","Postpartum_hemorrhage",NA,"rs57281976","-0.173",0.242,"0.474","Postpartum_hemorrhage"
"Postpartum_hemorrhage","Endometriosis (Rahmioglu)","Nk0xbD","Postpartum_hemorrhage",NA,"rs6435157","0.264",0.276,"0.338","Postpartum_hemorrhage"
"Postpartum_hemorrhage","Endometriosis (Rahmioglu)","Nk0xbD","Postpartum_hemorrhage",NA,"rs6456259","-0.021",0.179,"0.906","Postpartum_hemorrhage"
"Postpartum_hemorrhage","Endometriosis (Rahmioglu)","Nk0xbD","Postpartum_hemorrhage",NA,"rs66683298","-0.421",0.292,"0.149","Postpartum_hemorrhage"
"Postpartum_hemorrhage","Endometriosis (Rahmioglu)","Nk0xbD","Postpartum_hemorrhage",NA,"rs71575922","-0.33",0.125,"0.008","Postpartum_hemorrhage"
"Postpartum_hemorrhage","Endometriosis (Rahmioglu)","Nk0xbD","Postpartum_hemorrhage",NA,"rs7214750","-0.366",0.228,"0.108","Postpartum_hemorrhage"
"Postpartum_hemorrhage","Endometriosis (Rahmioglu)","Nk0xbD","Postpartum_hemorrhage",NA,"rs7334326","-0.023",0.267,"0.931","Postpartum_hemorrhage"
"Postpartum_hemorrhage","Endometriosis (Rahmioglu)","Nk0xbD","Postpartum_hemorrhage",NA,"rs73633307","-0.253",0.221,"0.251","Postpartum_hemorrhage"
"Postpartum_hemorrhage","Endometriosis (Rahmioglu)","Nk0xbD","Postpartum_hemorrhage",NA,"rs7907732","0.324",0.236,"0.17","Postpartum_hemorrhage"
"Postpartum_hemorrhage","Endometriosis (Rahmioglu)","Nk0xbD","Postpartum_hemorrhage",NA,"rs7924571","-0.779",0.232,"7.92e-04","Postpartum_hemorrhage"
"Postpartum_hemorrhage","Endometriosis (Rahmioglu)","Nk0xbD","Postpartum_hemorrhage",NA,"All - Inverse variance weighted","-0.058",0.057,"0.314","Postpartum_hemorrhage"
"Postpartum_hemorrhage","Endometriosis (Rahmioglu)","Nk0xbD","Postpartum_hemorrhage",NA,"All - MR Egger","-0.447",0.169,"0.012","Postpartum_hemorrhage"
"Postpartum_hemorrhage_due_to_atony","Endometriosis (Rahmioglu)","Nk0xbD","Postpartum_hemorrhage_due_to_atony",NA,"rs10090060","-0.34",0.241,"0.158","Postpartum_hemorrhage_due_to_atony"
"Postpartum_hemorrhage_due_to_atony","Endometriosis (Rahmioglu)","Nk0xbD","Postpartum_hemorrhage_due_to_atony",NA,"rs10122243","-0.093",0.221,"0.674","Postpartum_hemorrhage_due_to_atony"
"Postpartum_hemorrhage_due_to_atony","Endometriosis (Rahmioglu)","Nk0xbD","Postpartum_hemorrhage_due_to_atony",NA,"rs10757277","0.168",0.289,"0.561","Postpartum_hemorrhage_due_to_atony"
"Postpartum_hemorrhage_due_to_atony","Endometriosis (Rahmioglu)","Nk0xbD","Postpartum_hemorrhage_due_to_atony",NA,"rs10828249","-0.418",0.271,"0.123","Postpartum_hemorrhage_due_to_atony"
"Postpartum_hemorrhage_due_to_atony","Endometriosis (Rahmioglu)","Nk0xbD","Postpartum_hemorrhage_due_to_atony",NA,"rs10860864","0.246",0.306,"0.421","Postpartum_hemorrhage_due_to_atony"
"Postpartum_hemorrhage_due_to_atony","Endometriosis (Rahmioglu)","Nk0xbD","Postpartum_hemorrhage_due_to_atony",NA,"rs10917151","-0.467",0.134,"4.89e-04","Postpartum_hemorrhage_due_to_atony"
"Postpartum_hemorrhage_due_to_atony","Endometriosis (Rahmioglu)","Nk0xbD","Postpartum_hemorrhage_due_to_atony",NA,"rs10983311","-0.298",0.337,"0.377","Postpartum_hemorrhage_due_to_atony"
"Postpartum_hemorrhage_due_to_atony","Endometriosis (Rahmioglu)","Nk0xbD","Postpartum_hemorrhage_due_to_atony",NA,"rs11674184","-0.304",0.177,"0.086","Postpartum_hemorrhage_due_to_atony"
"Postpartum_hemorrhage_due_to_atony","Endometriosis (Rahmioglu)","Nk0xbD","Postpartum_hemorrhage_due_to_atony",NA,"rs11756073","0.214",0.327,"0.512","Postpartum_hemorrhage_due_to_atony"
"Postpartum_hemorrhage_due_to_atony","Endometriosis (Rahmioglu)","Nk0xbD","Postpartum_hemorrhage_due_to_atony",NA,"rs12030576","0.249",0.261,"0.34","Postpartum_hemorrhage_due_to_atony"
"Postpartum_hemorrhage_due_to_atony","Endometriosis (Rahmioglu)","Nk0xbD","Postpartum_hemorrhage_due_to_atony",NA,"rs12320196","-0.19",0.261,"0.467","Postpartum_hemorrhage_due_to_atony"
"Postpartum_hemorrhage_due_to_atony","Endometriosis (Rahmioglu)","Nk0xbD","Postpartum_hemorrhage_due_to_atony",NA,"rs12441483","0.288",0.256,"0.261","Postpartum_hemorrhage_due_to_atony"
"Postpartum_hemorrhage_due_to_atony","Endometriosis (Rahmioglu)","Nk0xbD","Postpartum_hemorrhage_due_to_atony",NA,"rs12549438","0.944",0.324,"0.004","Postpartum_hemorrhage_due_to_atony"
"Postpartum_hemorrhage_due_to_atony","Endometriosis (Rahmioglu)","Nk0xbD","Postpartum_hemorrhage_due_to_atony",NA,"rs1352889","-0.213",0.351,"0.543","Postpartum_hemorrhage_due_to_atony"
"Postpartum_hemorrhage_due_to_atony","Endometriosis (Rahmioglu)","Nk0xbD","Postpartum_hemorrhage_due_to_atony",NA,"rs1430787","0.083",0.337,"0.806","Postpartum_hemorrhage_due_to_atony"
"Postpartum_hemorrhage_due_to_atony","Endometriosis (Rahmioglu)","Nk0xbD","Postpartum_hemorrhage_due_to_atony",NA,"rs1451383","0.031",0.275,"0.911","Postpartum_hemorrhage_due_to_atony"
"Postpartum_hemorrhage_due_to_atony","Endometriosis (Rahmioglu)","Nk0xbD","Postpartum_hemorrhage_due_to_atony",NA,"rs17053711","0.867",0.323,"0.007","Postpartum_hemorrhage_due_to_atony"
"Postpartum_hemorrhage_due_to_atony","Endometriosis (Rahmioglu)","Nk0xbD","Postpartum_hemorrhage_due_to_atony",NA,"rs1903068","0.421",0.186,"0.024","Postpartum_hemorrhage_due_to_atony"
"Postpartum_hemorrhage_due_to_atony","Endometriosis (Rahmioglu)","Nk0xbD","Postpartum_hemorrhage_due_to_atony",NA,"rs1971256","0.197",0.22,"0.369","Postpartum_hemorrhage_due_to_atony"
"Postpartum_hemorrhage_due_to_atony","Endometriosis (Rahmioglu)","Nk0xbD","Postpartum_hemorrhage_due_to_atony",NA,"rs2036754","-0.197",0.336,"0.558","Postpartum_hemorrhage_due_to_atony"
"Postpartum_hemorrhage_due_to_atony","Endometriosis (Rahmioglu)","Nk0xbD","Postpartum_hemorrhage_due_to_atony",NA,"rs2226158","0.112",0.304,"0.712","Postpartum_hemorrhage_due_to_atony"
"Postpartum_hemorrhage_due_to_atony","Endometriosis (Rahmioglu)","Nk0xbD","Postpartum_hemorrhage_due_to_atony",NA,"rs2421985","0.036",0.251,"0.887","Postpartum_hemorrhage_due_to_atony"
"Postpartum_hemorrhage_due_to_atony","Endometriosis (Rahmioglu)","Nk0xbD","Postpartum_hemorrhage_due_to_atony",NA,"rs2510770","-0.205",0.33,"0.534","Postpartum_hemorrhage_due_to_atony"
"Postpartum_hemorrhage_due_to_atony","Endometriosis (Rahmioglu)","Nk0xbD","Postpartum_hemorrhage_due_to_atony",NA,"rs2946160","0.962",0.348,"0.006","Postpartum_hemorrhage_due_to_atony"
"Postpartum_hemorrhage_due_to_atony","Endometriosis (Rahmioglu)","Nk0xbD","Postpartum_hemorrhage_due_to_atony",NA,"rs2967684","0.238",0.335,"0.478","Postpartum_hemorrhage_due_to_atony"
"Postpartum_hemorrhage_due_to_atony","Endometriosis (Rahmioglu)","Nk0xbD","Postpartum_hemorrhage_due_to_atony",NA,"rs3803042","0.202",0.324,"0.534","Postpartum_hemorrhage_due_to_atony"
"Postpartum_hemorrhage_due_to_atony","Endometriosis (Rahmioglu)","Nk0xbD","Postpartum_hemorrhage_due_to_atony",NA,"rs3858429","-0.071",0.155,"0.65","Postpartum_hemorrhage_due_to_atony"
"Postpartum_hemorrhage_due_to_atony","Endometriosis (Rahmioglu)","Nk0xbD","Postpartum_hemorrhage_due_to_atony",NA,"rs4540228","0.174",0.286,"0.543","Postpartum_hemorrhage_due_to_atony"
"Postpartum_hemorrhage_due_to_atony","Endometriosis (Rahmioglu)","Nk0xbD","Postpartum_hemorrhage_due_to_atony",NA,"rs55909142","-0.57",0.333,"0.086","Postpartum_hemorrhage_due_to_atony"
"Postpartum_hemorrhage_due_to_atony","Endometriosis (Rahmioglu)","Nk0xbD","Postpartum_hemorrhage_due_to_atony",NA,"rs56090796","0.216",0.356,"0.544","Postpartum_hemorrhage_due_to_atony"
"Postpartum_hemorrhage_due_to_atony","Endometriosis (Rahmioglu)","Nk0xbD","Postpartum_hemorrhage_due_to_atony",NA,"rs57281976","-0.192",0.308,"0.534","Postpartum_hemorrhage_due_to_atony"
"Postpartum_hemorrhage_due_to_atony","Endometriosis (Rahmioglu)","Nk0xbD","Postpartum_hemorrhage_due_to_atony",NA,"rs6435157","0.354",0.343,"0.303","Postpartum_hemorrhage_due_to_atony"
"Postpartum_hemorrhage_due_to_atony","Endometriosis (Rahmioglu)","Nk0xbD","Postpartum_hemorrhage_due_to_atony",NA,"rs6456259","0.192",0.228,"0.4","Postpartum_hemorrhage_due_to_atony"
"Postpartum_hemorrhage_due_to_atony","Endometriosis (Rahmioglu)","Nk0xbD","Postpartum_hemorrhage_due_to_atony",NA,"rs66683298","-0.162",0.341,"0.634","Postpartum_hemorrhage_due_to_atony"
"Postpartum_hemorrhage_due_to_atony","Endometriosis (Rahmioglu)","Nk0xbD","Postpartum_hemorrhage_due_to_atony",NA,"rs71575922","-0.478",0.159,"0.003","Postpartum_hemorrhage_due_to_atony"
"Postpartum_hemorrhage_due_to_atony","Endometriosis (Rahmioglu)","Nk0xbD","Postpartum_hemorrhage_due_to_atony",NA,"rs7214750","-0.144",0.292,"0.622","Postpartum_hemorrhage_due_to_atony"
"Postpartum_hemorrhage_due_to_atony","Endometriosis (Rahmioglu)","Nk0xbD","Postpartum_hemorrhage_due_to_atony",NA,"rs7334326","0.327",0.337,"0.332","Postpartum_hemorrhage_due_to_atony"
"Postpartum_hemorrhage_due_to_atony","Endometriosis (Rahmioglu)","Nk0xbD","Postpartum_hemorrhage_due_to_atony",NA,"rs73633307","-0.151",0.282,"0.594","Postpartum_hemorrhage_due_to_atony"
"Postpartum_hemorrhage_due_to_atony","Endometriosis (Rahmioglu)","Nk0xbD","Postpartum_hemorrhage_due_to_atony",NA,"rs7907732","0.444",0.296,"0.134","Postpartum_hemorrhage_due_to_atony"
"Postpartum_hemorrhage_due_to_atony","Endometriosis (Rahmioglu)","Nk0xbD","Postpartum_hemorrhage_due_to_atony",NA,"rs7924571","-0.888",0.295,"0.003","Postpartum_hemorrhage_due_to_atony"
"Postpartum_hemorrhage_due_to_atony","Endometriosis (Rahmioglu)","Nk0xbD","Postpartum_hemorrhage_due_to_atony",NA,"All - Inverse variance weighted","-0.037",0.059,"0.53","Postpartum_hemorrhage_due_to_atony"
"Postpartum_hemorrhage_due_to_atony","Endometriosis (Rahmioglu)","Nk0xbD","Postpartum_hemorrhage_due_to_atony",NA,"All - MR Egger","-0.471",0.173,"0.01","Postpartum_hemorrhage_due_to_atony"
"Postpartum_hemorrhage_due_to_retained_placenta","Endometriosis (Rahmioglu)","Nk0xbD","Postpartum_hemorrhage_due_to_retained_placenta",NA,"rs12549438","0.236",0.451,"0.601","Postpartum_hemorrhage_due_to_retained_placenta"
"Postpartum_hemorrhage_due_to_retained_placenta","Endometriosis (Rahmioglu)","Nk0xbD","Postpartum_hemorrhage_due_to_retained_placenta",NA,"rs1352889","-1.317",0.511,"0.01","Postpartum_hemorrhage_due_to_retained_placenta"
"Postpartum_hemorrhage_due_to_retained_placenta","Endometriosis (Rahmioglu)","Nk0xbD","Postpartum_hemorrhage_due_to_retained_placenta",NA,"rs1430787","0.617",0.463,"0.183","Postpartum_hemorrhage_due_to_retained_placenta"
"Postpartum_hemorrhage_due_to_retained_placenta","Endometriosis (Rahmioglu)","Nk0xbD","Postpartum_hemorrhage_due_to_retained_placenta",NA,"rs1451383","-0.188",0.385,"0.625","Postpartum_hemorrhage_due_to_retained_placenta"
"Postpartum_hemorrhage_due_to_retained_placenta","Endometriosis (Rahmioglu)","Nk0xbD","Postpartum_hemorrhage_due_to_retained_placenta",NA,"rs17053711","0.264",0.443,"0.552","Postpartum_hemorrhage_due_to_retained_placenta"
"Postpartum_hemorrhage_due_to_retained_placenta","Endometriosis (Rahmioglu)","Nk0xbD","Postpartum_hemorrhage_due_to_retained_placenta",NA,"rs1903068","0.452",0.26,"0.082","Postpartum_hemorrhage_due_to_retained_placenta"
"Postpartum_hemorrhage_due_to_retained_placenta","Endometriosis (Rahmioglu)","Nk0xbD","Postpartum_hemorrhage_due_to_retained_placenta",NA,"rs1971256","0.587",0.3,"0.05","Postpartum_hemorrhage_due_to_retained_placenta"
"Postpartum_hemorrhage_due_to_retained_placenta","Endometriosis (Rahmioglu)","Nk0xbD","Postpartum_hemorrhage_due_to_retained_placenta",NA,"rs2036754","0.068",0.474,"0.886","Postpartum_hemorrhage_due_to_retained_placenta"
"Postpartum_hemorrhage_due_to_retained_placenta","Endometriosis (Rahmioglu)","Nk0xbD","Postpartum_hemorrhage_due_to_retained_placenta",NA,"rs2226158","-0.121",0.418,"0.772","Postpartum_hemorrhage_due_to_retained_placenta"
"Postpartum_hemorrhage_due_to_retained_placenta","Endometriosis (Rahmioglu)","Nk0xbD","Postpartum_hemorrhage_due_to_retained_placenta",NA,"rs2421985","-0.951",0.35,"0.007","Postpartum_hemorrhage_due_to_retained_placenta"
"Postpartum_hemorrhage_due_to_retained_placenta","Endometriosis (Rahmioglu)","Nk0xbD","Postpartum_hemorrhage_due_to_retained_placenta",NA,"rs2510770","-0.661",0.46,"0.151","Postpartum_hemorrhage_due_to_retained_placenta"
"Postpartum_hemorrhage_due_to_retained_placenta","Endometriosis (Rahmioglu)","Nk0xbD","Postpartum_hemorrhage_due_to_retained_placenta",NA,"rs2946160","1.134",0.491,"0.021","Postpartum_hemorrhage_due_to_retained_placenta"
"Postpartum_hemorrhage_due_to_retained_placenta","Endometriosis (Rahmioglu)","Nk0xbD","Postpartum_hemorrhage_due_to_retained_placenta",NA,"rs2967684","-0.987",0.455,"0.03","Postpartum_hemorrhage_due_to_retained_placenta"
"Postpartum_hemorrhage_due_to_retained_placenta","Endometriosis (Rahmioglu)","Nk0xbD","Postpartum_hemorrhage_due_to_retained_placenta",NA,"rs3803042","0.175",0.448,"0.696","Postpartum_hemorrhage_due_to_retained_placenta"
"Postpartum_hemorrhage_due_to_retained_placenta","Endometriosis (Rahmioglu)","Nk0xbD","Postpartum_hemorrhage_due_to_retained_placenta",NA,"rs3858429","-0.102",0.216,"0.635","Postpartum_hemorrhage_due_to_retained_placenta"
"Postpartum_hemorrhage_due_to_retained_placenta","Endometriosis (Rahmioglu)","Nk0xbD","Postpartum_hemorrhage_due_to_retained_placenta",NA,"rs4540228","-0.711",0.4,"0.076","Postpartum_hemorrhage_due_to_retained_placenta"
"Postpartum_hemorrhage_due_to_retained_placenta","Endometriosis (Rahmioglu)","Nk0xbD","Postpartum_hemorrhage_due_to_retained_placenta",NA,"rs55909142","-0.565",0.465,"0.224","Postpartum_hemorrhage_due_to_retained_placenta"
"Postpartum_hemorrhage_due_to_retained_placenta","Endometriosis (Rahmioglu)","Nk0xbD","Postpartum_hemorrhage_due_to_retained_placenta",NA,"rs56090796","0.116",0.577,"0.841","Postpartum_hemorrhage_due_to_retained_placenta"
"Postpartum_hemorrhage_due_to_retained_placenta","Endometriosis (Rahmioglu)","Nk0xbD","Postpartum_hemorrhage_due_to_retained_placenta",NA,"rs57281976","-0.062",0.424,"0.883","Postpartum_hemorrhage_due_to_retained_placenta"
"Postpartum_hemorrhage_due_to_retained_placenta","Endometriosis (Rahmioglu)","Nk0xbD","Postpartum_hemorrhage_due_to_retained_placenta",NA,"rs6435157","-0.321",0.484,"0.507","Postpartum_hemorrhage_due_to_retained_placenta"
"Postpartum_hemorrhage_due_to_retained_placenta","Endometriosis (Rahmioglu)","Nk0xbD","Postpartum_hemorrhage_due_to_retained_placenta",NA,"rs6456259","-0.349",0.319,"0.274","Postpartum_hemorrhage_due_to_retained_placenta"
"Postpartum_hemorrhage_due_to_retained_placenta","Endometriosis (Rahmioglu)","Nk0xbD","Postpartum_hemorrhage_due_to_retained_placenta",NA,"rs66683298","-0.752",0.547,"0.169","Postpartum_hemorrhage_due_to_retained_placenta"
"Postpartum_hemorrhage_due_to_retained_placenta","Endometriosis (Rahmioglu)","Nk0xbD","Postpartum_hemorrhage_due_to_retained_placenta",NA,"rs71575922","-0.381",0.217,"0.079","Postpartum_hemorrhage_due_to_retained_placenta"
"Postpartum_hemorrhage_due_to_retained_placenta","Endometriosis (Rahmioglu)","Nk0xbD","Postpartum_hemorrhage_due_to_retained_placenta",NA,"rs7214750","-0.567",0.396,"0.152","Postpartum_hemorrhage_due_to_retained_placenta"
"Postpartum_hemorrhage_due_to_retained_placenta","Endometriosis (Rahmioglu)","Nk0xbD","Postpartum_hemorrhage_due_to_retained_placenta",NA,"rs7334326","-0.769",0.469,"0.101","Postpartum_hemorrhage_due_to_retained_placenta"
"Postpartum_hemorrhage_due_to_retained_placenta","Endometriosis (Rahmioglu)","Nk0xbD","Postpartum_hemorrhage_due_to_retained_placenta",NA,"rs10090060","0.911",0.336,"0.007","Postpartum_hemorrhage_due_to_retained_placenta"
"Postpartum_hemorrhage_due_to_retained_placenta","Endometriosis (Rahmioglu)","Nk0xbD","Postpartum_hemorrhage_due_to_retained_placenta",NA,"rs10122243","-0.868",0.308,"0.005","Postpartum_hemorrhage_due_to_retained_placenta"
"Postpartum_hemorrhage_due_to_retained_placenta","Endometriosis (Rahmioglu)","Nk0xbD","Postpartum_hemorrhage_due_to_retained_placenta",NA,"rs10757277","-0.054",0.403,"0.894","Postpartum_hemorrhage_due_to_retained_placenta"
"Postpartum_hemorrhage_due_to_retained_placenta","Endometriosis (Rahmioglu)","Nk0xbD","Postpartum_hemorrhage_due_to_retained_placenta",NA,"rs10828249","-1.052",0.379,"0.005","Postpartum_hemorrhage_due_to_retained_placenta"
"Postpartum_hemorrhage_due_to_retained_placenta","Endometriosis (Rahmioglu)","Nk0xbD","Postpartum_hemorrhage_due_to_retained_placenta",NA,"rs10860864","0.02",0.432,"0.964","Postpartum_hemorrhage_due_to_retained_placenta"
"Postpartum_hemorrhage_due_to_retained_placenta","Endometriosis (Rahmioglu)","Nk0xbD","Postpartum_hemorrhage_due_to_retained_placenta",NA,"rs10917151","-0.947",0.188,"4.45e-07","Postpartum_hemorrhage_due_to_retained_placenta"
"Postpartum_hemorrhage_due_to_retained_placenta","Endometriosis (Rahmioglu)","Nk0xbD","Postpartum_hemorrhage_due_to_retained_placenta",NA,"rs10983311","1.034",0.465,"0.026","Postpartum_hemorrhage_due_to_retained_placenta"
"Postpartum_hemorrhage_due_to_retained_placenta","Endometriosis (Rahmioglu)","Nk0xbD","Postpartum_hemorrhage_due_to_retained_placenta",NA,"rs11674184","0.638",0.246,"0.01","Postpartum_hemorrhage_due_to_retained_placenta"
"Postpartum_hemorrhage_due_to_retained_placenta","Endometriosis (Rahmioglu)","Nk0xbD","Postpartum_hemorrhage_due_to_retained_placenta",NA,"rs11756073","1.24",0.444,"0.005","Postpartum_hemorrhage_due_to_retained_placenta"
"Postpartum_hemorrhage_due_to_retained_placenta","Endometriosis (Rahmioglu)","Nk0xbD","Postpartum_hemorrhage_due_to_retained_placenta",NA,"rs12030576","-0.167",0.362,"0.645","Postpartum_hemorrhage_due_to_retained_placenta"
"Postpartum_hemorrhage_due_to_retained_placenta","Endometriosis (Rahmioglu)","Nk0xbD","Postpartum_hemorrhage_due_to_retained_placenta",NA,"rs12320196","0.157",0.364,"0.667","Postpartum_hemorrhage_due_to_retained_placenta"
"Postpartum_hemorrhage_due_to_retained_placenta","Endometriosis (Rahmioglu)","Nk0xbD","Postpartum_hemorrhage_due_to_retained_placenta",NA,"rs12441483","0.101",0.358,"0.778","Postpartum_hemorrhage_due_to_retained_placenta"
"Postpartum_hemorrhage_due_to_retained_placenta","Endometriosis (Rahmioglu)","Nk0xbD","Postpartum_hemorrhage_due_to_retained_placenta",NA,"rs73633307","-0.468",0.381,"0.22","Postpartum_hemorrhage_due_to_retained_placenta"
"Postpartum_hemorrhage_due_to_retained_placenta","Endometriosis (Rahmioglu)","Nk0xbD","Postpartum_hemorrhage_due_to_retained_placenta",NA,"rs7907732","0.184",0.41,"0.654","Postpartum_hemorrhage_due_to_retained_placenta"
"Postpartum_hemorrhage_due_to_retained_placenta","Endometriosis (Rahmioglu)","Nk0xbD","Postpartum_hemorrhage_due_to_retained_placenta",NA,"rs7924571","-0.596",0.405,"0.141","Postpartum_hemorrhage_due_to_retained_placenta"
"Postpartum_hemorrhage_due_to_retained_placenta","Endometriosis (Rahmioglu)","Nk0xbD","Postpartum_hemorrhage_due_to_retained_placenta",NA,"All - Inverse variance weighted","-0.157",0.098,"0.109","Postpartum_hemorrhage_due_to_retained_placenta"
"Postpartum_hemorrhage_due_to_retained_placenta","Endometriosis (Rahmioglu)","Nk0xbD","Postpartum_hemorrhage_due_to_retained_placenta",NA,"All - MR Egger","-0.528",0.302,"0.089","Postpartum_hemorrhage_due_to_retained_placenta"
"posttb_all","Endometriosis (Rahmioglu)","Nk0xbD","posttb_all",414698,"rs10090060","-0.996",0.175,"1.17e-08","Post-term birth"
"posttb_all","Endometriosis (Rahmioglu)","Nk0xbD","posttb_all",414698,"rs10122243","0.205",0.161,"0.203","Post-term birth"
"posttb_all","Endometriosis (Rahmioglu)","Nk0xbD","posttb_all",414698,"rs10860864","0.243",0.22,"0.269","Post-term birth"
"posttb_all","Endometriosis (Rahmioglu)","Nk0xbD","posttb_all",414698,"rs10917151","0.333",0.095,"4.79e-04","Post-term birth"
"posttb_all","Endometriosis (Rahmioglu)","Nk0xbD","posttb_all",414698,"rs10983311","-0.074",0.243,"0.759","Post-term birth"
"posttb_all","Endometriosis (Rahmioglu)","Nk0xbD","posttb_all",414698,"rs11674184","-0.221",0.139,"0.112","Post-term birth"
"posttb_all","Endometriosis (Rahmioglu)","Nk0xbD","posttb_all",414698,"rs11756073","0.025",0.24,"0.916","Post-term birth"
"posttb_all","Endometriosis (Rahmioglu)","Nk0xbD","posttb_all",414698,"rs12030576","-0.141",0.19,"0.459","Post-term birth"
"posttb_all","Endometriosis (Rahmioglu)","Nk0xbD","posttb_all",414698,"rs12441483","0.126",0.204,"0.537","Post-term birth"
"posttb_all","Endometriosis (Rahmioglu)","Nk0xbD","posttb_all",414698,"rs12549438","0.273",0.234,"0.243","Post-term birth"
"posttb_all","Endometriosis (Rahmioglu)","Nk0xbD","posttb_all",414698,"rs1352889","0.62",0.264,"0.019","Post-term birth"
"posttb_all","Endometriosis (Rahmioglu)","Nk0xbD","posttb_all",414698,"rs1430787","0.216",0.245,"0.38","Post-term birth"
"posttb_all","Endometriosis (Rahmioglu)","Nk0xbD","posttb_all",414698,"rs1451383","-0.756",0.201,"1.66e-04","Post-term birth"
"posttb_all","Endometriosis (Rahmioglu)","Nk0xbD","posttb_all",414698,"rs17053711","-0.359",0.231,"0.12","Post-term birth"
"posttb_all","Endometriosis (Rahmioglu)","Nk0xbD","posttb_all",414698,"rs1903068","0.129",0.136,"0.345","Post-term birth"
"posttb_all","Endometriosis (Rahmioglu)","Nk0xbD","posttb_all",414698,"rs2036754","0.575",0.25,"0.022","Post-term birth"
"posttb_all","Endometriosis (Rahmioglu)","Nk0xbD","posttb_all",414698,"rs2226158","0.435",0.22,"0.048","Post-term birth"
"posttb_all","Endometriosis (Rahmioglu)","Nk0xbD","posttb_all",414698,"rs2421985","0.004",0.182,"0.984","Post-term birth"
"posttb_all","Endometriosis (Rahmioglu)","Nk0xbD","posttb_all",414698,"rs2510770","0.492",0.241,"0.042","Post-term birth"
"posttb_all","Endometriosis (Rahmioglu)","Nk0xbD","posttb_all",414698,"rs2946160","2.274",0.258,"1.35e-18","Post-term birth"
"posttb_all","Endometriosis (Rahmioglu)","Nk0xbD","posttb_all",414698,"rs3803042","-0.096",0.235,"0.683","Post-term birth"
"posttb_all","Endometriosis (Rahmioglu)","Nk0xbD","posttb_all",414698,"rs4540228","0.356",0.21,"0.089","Post-term birth"
"posttb_all","Endometriosis (Rahmioglu)","Nk0xbD","posttb_all",414698,"rs507666","0.056",0.295,"0.849","Post-term birth"
"posttb_all","Endometriosis (Rahmioglu)","Nk0xbD","posttb_all",414698,"rs55909142","-0.937",0.244,"1.22e-04","Post-term birth"
"posttb_all","Endometriosis (Rahmioglu)","Nk0xbD","posttb_all",414698,"rs56090796","-0.04",0.238,"0.866","Post-term birth"
"posttb_all","Endometriosis (Rahmioglu)","Nk0xbD","posttb_all",414698,"rs57281976","0.353",0.222,"0.112","Post-term birth"
"posttb_all","Endometriosis (Rahmioglu)","Nk0xbD","posttb_all",414698,"rs6435157","-0.511",0.253,"0.044","Post-term birth"
"posttb_all","Endometriosis (Rahmioglu)","Nk0xbD","posttb_all",414698,"rs6456259","0.134",0.169,"0.427","Post-term birth"
"posttb_all","Endometriosis (Rahmioglu)","Nk0xbD","posttb_all",414698,"rs66683298","0.34",0.25,"0.174","Post-term birth"
"posttb_all","Endometriosis (Rahmioglu)","Nk0xbD","posttb_all",414698,"rs71575922","-0.214",0.126,"0.089","Post-term birth"
"posttb_all","Endometriosis (Rahmioglu)","Nk0xbD","posttb_all",414698,"rs7214750","-0.439",0.206,"0.033","Post-term birth"
"posttb_all","Endometriosis (Rahmioglu)","Nk0xbD","posttb_all",414698,"rs7334326","0.021",0.245,"0.931","Post-term birth"
"posttb_all","Endometriosis (Rahmioglu)","Nk0xbD","posttb_all",414698,"rs7907732","0.151",0.214,"0.481","Post-term birth"
"posttb_all","Endometriosis (Rahmioglu)","Nk0xbD","posttb_all",414698,"rs7924571","-0.431",0.212,"0.042","Post-term birth"
"posttb_all","Endometriosis (Rahmioglu)","Nk0xbD","posttb_all",414698,"All - Inverse variance weighted","0.037",0.083,"0.655","Post-term birth"
"posttb_all","Endometriosis (Rahmioglu)","Nk0xbD","posttb_all",414698,"All - MR Egger","0.045",0.276,"0.872","Post-term birth"
"pretb_all","Endometriosis (Rahmioglu)","Nk0xbD","pretb_all",512086,"rs10090060","0.43",0.16,"0.007","Preterm birth (all)"
"pretb_all","Endometriosis (Rahmioglu)","Nk0xbD","pretb_all",512086,"rs10122243","-0.27",0.147,"0.065","Preterm birth (all)"
"pretb_all","Endometriosis (Rahmioglu)","Nk0xbD","pretb_all",512086,"rs10860864","-0.369",0.199,"0.063","Preterm birth (all)"
"pretb_all","Endometriosis (Rahmioglu)","Nk0xbD","pretb_all",512086,"rs10917151","-0.697",0.09,"9.34e-15","Preterm birth (all)"
"pretb_all","Endometriosis (Rahmioglu)","Nk0xbD","pretb_all",512086,"rs10983311","-0.683",0.217,"0.002","Preterm birth (all)"
"pretb_all","Endometriosis (Rahmioglu)","Nk0xbD","pretb_all",512086,"rs11674184","0.066",0.119,"0.576","Preterm birth (all)"
"pretb_all","Endometriosis (Rahmioglu)","Nk0xbD","pretb_all",512086,"rs11756073","0.016",0.212,"0.939","Preterm birth (all)"
"pretb_all","Endometriosis (Rahmioglu)","Nk0xbD","pretb_all",512086,"rs12030576","0.071",0.174,"0.681","Preterm birth (all)"
"pretb_all","Endometriosis (Rahmioglu)","Nk0xbD","pretb_all",512086,"rs12441483","-0.109",0.174,"0.531","Preterm birth (all)"
"pretb_all","Endometriosis (Rahmioglu)","Nk0xbD","pretb_all",512086,"rs12549438","-0.339",0.213,"0.112","Preterm birth (all)"
"pretb_all","Endometriosis (Rahmioglu)","Nk0xbD","pretb_all",512086,"rs1352889","0.137",0.256,"0.593","Preterm birth (all)"
"pretb_all","Endometriosis (Rahmioglu)","Nk0xbD","pretb_all",512086,"rs1430787","-0.583",0.222,"0.009","Preterm birth (all)"
"pretb_all","Endometriosis (Rahmioglu)","Nk0xbD","pretb_all",512086,"rs1451383","0.495",0.181,"0.006","Preterm birth (all)"
"pretb_all","Endometriosis (Rahmioglu)","Nk0xbD","pretb_all",512086,"rs17053711","0.575",0.211,"0.006","Preterm birth (all)"
"pretb_all","Endometriosis (Rahmioglu)","Nk0xbD","pretb_all",512086,"rs1903068","-0.25",0.126,"0.048","Preterm birth (all)"
"pretb_all","Endometriosis (Rahmioglu)","Nk0xbD","pretb_all",512086,"rs2036754","-0.252",0.235,"0.284","Preterm birth (all)"
"pretb_all","Endometriosis (Rahmioglu)","Nk0xbD","pretb_all",512086,"rs2226158","-0.587",0.2,"0.003","Preterm birth (all)"
"pretb_all","Endometriosis (Rahmioglu)","Nk0xbD","pretb_all",512086,"rs2421985","0.036",0.16,"0.823","Preterm birth (all)"
"pretb_all","Endometriosis (Rahmioglu)","Nk0xbD","pretb_all",512086,"rs2510770","-0.312",0.221,"0.158","Preterm birth (all)"
"pretb_all","Endometriosis (Rahmioglu)","Nk0xbD","pretb_all",512086,"rs2946160","-2.094",0.232,"1.59e-19","Preterm birth (all)"
"pretb_all","Endometriosis (Rahmioglu)","Nk0xbD","pretb_all",512086,"rs3803042","-0.393",0.213,"0.065","Preterm birth (all)"
"pretb_all","Endometriosis (Rahmioglu)","Nk0xbD","pretb_all",512086,"rs4540228","-0.277",0.19,"0.145","Preterm birth (all)"
"pretb_all","Endometriosis (Rahmioglu)","Nk0xbD","pretb_all",512086,"rs507666","0.697",0.291,"0.017","Preterm birth (all)"
"pretb_all","Endometriosis (Rahmioglu)","Nk0xbD","pretb_all",512086,"rs55909142","0.046",0.227,"0.84","Preterm birth (all)"
"pretb_all","Endometriosis (Rahmioglu)","Nk0xbD","pretb_all",512086,"rs56090796","-0.303",0.245,"0.216","Preterm birth (all)"
"pretb_all","Endometriosis (Rahmioglu)","Nk0xbD","pretb_all",512086,"rs57281976","-0.724",0.198,"2.49e-04","Preterm birth (all)"
"pretb_all","Endometriosis (Rahmioglu)","Nk0xbD","pretb_all",512086,"rs6435157","-0.085",0.242,"0.725","Preterm birth (all)"
"pretb_all","Endometriosis (Rahmioglu)","Nk0xbD","pretb_all",512086,"rs6456259","-0.203",0.152,"0.182","Preterm birth (all)"
"pretb_all","Endometriosis (Rahmioglu)","Nk0xbD","pretb_all",512086,"rs66683298","0.186",0.276,"0.5","Preterm birth (all)"
"pretb_all","Endometriosis (Rahmioglu)","Nk0xbD","pretb_all",512086,"rs71575922","0.024",0.101,"0.809","Preterm birth (all)"
"pretb_all","Endometriosis (Rahmioglu)","Nk0xbD","pretb_all",512086,"rs7214750","0.068",0.184,"0.712","Preterm birth (all)"
"pretb_all","Endometriosis (Rahmioglu)","Nk0xbD","pretb_all",512086,"rs7334326","-0.306",0.22,"0.165","Preterm birth (all)"
"pretb_all","Endometriosis (Rahmioglu)","Nk0xbD","pretb_all",512086,"rs7907732","-0.042",0.195,"0.831","Preterm birth (all)"
"pretb_all","Endometriosis (Rahmioglu)","Nk0xbD","pretb_all",512086,"rs7924571","-0.215",0.188,"0.253","Preterm birth (all)"
"pretb_all","Endometriosis (Rahmioglu)","Nk0xbD","pretb_all",512086,"All - Inverse variance weighted","-0.196",0.073,"0.007","Preterm birth (all)"
"pretb_all","Endometriosis (Rahmioglu)","Nk0xbD","pretb_all",512086,"All - MR Egger","-0.28",0.243,"0.256","Preterm birth (all)"
"pretb_subsamp","Endometriosis (Rahmioglu)","Nk0xbD","pretb_subsamp",272967,"rs10090060","0.512",0.21,"0.015","Preterm birth (subsample)"
"pretb_subsamp","Endometriosis (Rahmioglu)","Nk0xbD","pretb_subsamp",272967,"rs10122243","-0.365",0.194,"0.06","Preterm birth (subsample)"
"pretb_subsamp","Endometriosis (Rahmioglu)","Nk0xbD","pretb_subsamp",272967,"rs10860864","-0.355",0.262,"0.177","Preterm birth (subsample)"
"pretb_subsamp","Endometriosis (Rahmioglu)","Nk0xbD","pretb_subsamp",272967,"rs10917151","-0.759",0.117,"9.33e-11","Preterm birth (subsample)"
"pretb_subsamp","Endometriosis (Rahmioglu)","Nk0xbD","pretb_subsamp",272967,"rs10983311","-0.528",0.289,"0.068","Preterm birth (subsample)"
"pretb_subsamp","Endometriosis (Rahmioglu)","Nk0xbD","pretb_subsamp",272967,"rs11674184","-0.034",0.159,"0.829","Preterm birth (subsample)"
"pretb_subsamp","Endometriosis (Rahmioglu)","Nk0xbD","pretb_subsamp",272967,"rs11756073","-0.064",0.281,"0.821","Preterm birth (subsample)"
"pretb_subsamp","Endometriosis (Rahmioglu)","Nk0xbD","pretb_subsamp",272967,"rs12030576","0.035",0.227,"0.878","Preterm birth (subsample)"
"pretb_subsamp","Endometriosis (Rahmioglu)","Nk0xbD","pretb_subsamp",272967,"rs12441483","-0.248",0.233,"0.287","Preterm birth (subsample)"
"pretb_subsamp","Endometriosis (Rahmioglu)","Nk0xbD","pretb_subsamp",272967,"rs12549438","-0.058",0.287,"0.839","Preterm birth (subsample)"
"pretb_subsamp","Endometriosis (Rahmioglu)","Nk0xbD","pretb_subsamp",272967,"rs1352889","0.211",0.323,"0.513","Preterm birth (subsample)"
"pretb_subsamp","Endometriosis (Rahmioglu)","Nk0xbD","pretb_subsamp",272967,"rs1430787","-0.514",0.294,"0.08","Preterm birth (subsample)"
"pretb_subsamp","Endometriosis (Rahmioglu)","Nk0xbD","pretb_subsamp",272967,"rs1451383","0.633",0.242,"0.009","Preterm birth (subsample)"
"pretb_subsamp","Endometriosis (Rahmioglu)","Nk0xbD","pretb_subsamp",272967,"rs17053711","0.723",0.279,"0.009","Preterm birth (subsample)"
"pretb_subsamp","Endometriosis (Rahmioglu)","Nk0xbD","pretb_subsamp",272967,"rs1903068","-0.207",0.163,"0.205","Preterm birth (subsample)"
"pretb_subsamp","Endometriosis (Rahmioglu)","Nk0xbD","pretb_subsamp",272967,"rs2036754","-0.331",0.306,"0.28","Preterm birth (subsample)"
"pretb_subsamp","Endometriosis (Rahmioglu)","Nk0xbD","pretb_subsamp",272967,"rs2226158","-0.464",0.262,"0.077","Preterm birth (subsample)"
"pretb_subsamp","Endometriosis (Rahmioglu)","Nk0xbD","pretb_subsamp",272967,"rs2421985","0.064",0.205,"0.755","Preterm birth (subsample)"
"pretb_subsamp","Endometriosis (Rahmioglu)","Nk0xbD","pretb_subsamp",272967,"rs2510770","-0.273",0.289,"0.345","Preterm birth (subsample)"
"pretb_subsamp","Endometriosis (Rahmioglu)","Nk0xbD","pretb_subsamp",272967,"rs2946160","-2.071",0.301,"5.62e-12","Preterm birth (subsample)"
"pretb_subsamp","Endometriosis (Rahmioglu)","Nk0xbD","pretb_subsamp",272967,"rs3803042","-0.329",0.281,"0.242","Preterm birth (subsample)"
"pretb_subsamp","Endometriosis (Rahmioglu)","Nk0xbD","pretb_subsamp",272967,"rs4540228","0.121",0.25,"0.628","Preterm birth (subsample)"
"pretb_subsamp","Endometriosis (Rahmioglu)","Nk0xbD","pretb_subsamp",272967,"rs507666","0.653",0.297,"0.028","Preterm birth (subsample)"
"pretb_subsamp","Endometriosis (Rahmioglu)","Nk0xbD","pretb_subsamp",272967,"rs55909142","0.138",0.295,"0.64","Preterm birth (subsample)"
"pretb_subsamp","Endometriosis (Rahmioglu)","Nk0xbD","pretb_subsamp",272967,"rs56090796","-0.759",0.365,"0.038","Preterm birth (subsample)"
"pretb_subsamp","Endometriosis (Rahmioglu)","Nk0xbD","pretb_subsamp",272967,"rs57281976","-0.722",0.264,"0.006","Preterm birth (subsample)"
"pretb_subsamp","Endometriosis (Rahmioglu)","Nk0xbD","pretb_subsamp",272967,"rs6435157","-0.166",0.308,"0.59","Preterm birth (subsample)"
"pretb_subsamp","Endometriosis (Rahmioglu)","Nk0xbD","pretb_subsamp",272967,"rs6456259","-0.094",0.201,"0.639","Preterm birth (subsample)"
"pretb_subsamp","Endometriosis (Rahmioglu)","Nk0xbD","pretb_subsamp",272967,"rs71575922","0.065",0.134,"0.631","Preterm birth (subsample)"
"pretb_subsamp","Endometriosis (Rahmioglu)","Nk0xbD","pretb_subsamp",272967,"rs7214750","0.037",0.249,"0.882","Preterm birth (subsample)"
"pretb_subsamp","Endometriosis (Rahmioglu)","Nk0xbD","pretb_subsamp",272967,"rs7334326","-0.284",0.291,"0.329","Preterm birth (subsample)"
"pretb_subsamp","Endometriosis (Rahmioglu)","Nk0xbD","pretb_subsamp",272967,"rs7907732","-0.206",0.258,"0.426","Preterm birth (subsample)"
"pretb_subsamp","Endometriosis (Rahmioglu)","Nk0xbD","pretb_subsamp",272967,"rs7924571","0.158",0.254,"0.534","Preterm birth (subsample)"
"pretb_subsamp","Endometriosis (Rahmioglu)","Nk0xbD","pretb_subsamp",272967,"All - Inverse variance weighted","-0.176",0.08,"0.029","Preterm birth (subsample)"
"pretb_subsamp","Endometriosis (Rahmioglu)","Nk0xbD","pretb_subsamp",272967,"All - MR Egger","-0.355",0.264,"0.188","Preterm birth (subsample)"
"r_misc_subsamp","Endometriosis (Rahmioglu)","Nk0xbD","r_misc_subsamp",321790,"rs10090060","0.323",0.339,"0.341","Recurrent miscarriage (subsample)"
"r_misc_subsamp","Endometriosis (Rahmioglu)","Nk0xbD","r_misc_subsamp",321790,"rs10122243","-0.241",0.308,"0.434","Recurrent miscarriage (subsample)"
"r_misc_subsamp","Endometriosis (Rahmioglu)","Nk0xbD","r_misc_subsamp",321790,"rs10860864","-0.087",0.426,"0.838","Recurrent miscarriage (subsample)"
"r_misc_subsamp","Endometriosis (Rahmioglu)","Nk0xbD","r_misc_subsamp",321790,"rs10917151","0.404",0.188,"0.031","Recurrent miscarriage (subsample)"
"r_misc_subsamp","Endometriosis (Rahmioglu)","Nk0xbD","r_misc_subsamp",321790,"rs10983311","-0.385",0.472,"0.415","Recurrent miscarriage (subsample)"
"r_misc_subsamp","Endometriosis (Rahmioglu)","Nk0xbD","r_misc_subsamp",321790,"rs11674184","0.022",0.245,"0.929","Recurrent miscarriage (subsample)"
"r_misc_subsamp","Endometriosis (Rahmioglu)","Nk0xbD","r_misc_subsamp",321790,"rs11756073","0.909",0.452,"0.044","Recurrent miscarriage (subsample)"
"r_misc_subsamp","Endometriosis (Rahmioglu)","Nk0xbD","r_misc_subsamp",321790,"rs12030576","-0.348",0.361,"0.335","Recurrent miscarriage (subsample)"
"r_misc_subsamp","Endometriosis (Rahmioglu)","Nk0xbD","r_misc_subsamp",321790,"rs12441483","-0.17",0.357,"0.634","Recurrent miscarriage (subsample)"
"r_misc_subsamp","Endometriosis (Rahmioglu)","Nk0xbD","r_misc_subsamp",321790,"rs12549438","0.528",0.429,"0.218","Recurrent miscarriage (subsample)"
"r_misc_subsamp","Endometriosis (Rahmioglu)","Nk0xbD","r_misc_subsamp",321790,"rs1352889","0.231",0.489,"0.637","Recurrent miscarriage (subsample)"
"r_misc_subsamp","Endometriosis (Rahmioglu)","Nk0xbD","r_misc_subsamp",321790,"rs1430787","-0.014",0.463,"0.976","Recurrent miscarriage (subsample)"
"r_misc_subsamp","Endometriosis (Rahmioglu)","Nk0xbD","r_misc_subsamp",321790,"rs1451383","-0.599",0.389,"0.124","Recurrent miscarriage (subsample)"
"r_misc_subsamp","Endometriosis (Rahmioglu)","Nk0xbD","r_misc_subsamp",321790,"rs17053711","-0.462",0.453,"0.308","Recurrent miscarriage (subsample)"
"r_misc_subsamp","Endometriosis (Rahmioglu)","Nk0xbD","r_misc_subsamp",321790,"rs1903068","0.239",0.259,"0.355","Recurrent miscarriage (subsample)"
"r_misc_subsamp","Endometriosis (Rahmioglu)","Nk0xbD","r_misc_subsamp",321790,"rs2036754","-0.571",0.48,"0.234","Recurrent miscarriage (subsample)"
"r_misc_subsamp","Endometriosis (Rahmioglu)","Nk0xbD","r_misc_subsamp",321790,"rs2226158","-0.538",0.422,"0.202","Recurrent miscarriage (subsample)"
"r_misc_subsamp","Endometriosis (Rahmioglu)","Nk0xbD","r_misc_subsamp",321790,"rs2421985","0.466",0.35,"0.182","Recurrent miscarriage (subsample)"
"r_misc_subsamp","Endometriosis (Rahmioglu)","Nk0xbD","r_misc_subsamp",321790,"rs2510770","0.374",0.456,"0.412","Recurrent miscarriage (subsample)"
"r_misc_subsamp","Endometriosis (Rahmioglu)","Nk0xbD","r_misc_subsamp",321790,"rs2946160","-0.216",0.477,"0.65","Recurrent miscarriage (subsample)"
"r_misc_subsamp","Endometriosis (Rahmioglu)","Nk0xbD","r_misc_subsamp",321790,"rs3803042","0.976",0.451,"0.03","Recurrent miscarriage (subsample)"
"r_misc_subsamp","Endometriosis (Rahmioglu)","Nk0xbD","r_misc_subsamp",321790,"rs4540228","-0.004",0.394,"0.992","Recurrent miscarriage (subsample)"
"r_misc_subsamp","Endometriosis (Rahmioglu)","Nk0xbD","r_misc_subsamp",321790,"rs507666","-0.094",0.512,"0.854","Recurrent miscarriage (subsample)"
"r_misc_subsamp","Endometriosis (Rahmioglu)","Nk0xbD","r_misc_subsamp",321790,"rs55909142","0.754",0.464,"0.104","Recurrent miscarriage (subsample)"
"r_misc_subsamp","Endometriosis (Rahmioglu)","Nk0xbD","r_misc_subsamp",321790,"rs56090796","0.185",0.445,"0.678","Recurrent miscarriage (subsample)"
"r_misc_subsamp","Endometriosis (Rahmioglu)","Nk0xbD","r_misc_subsamp",321790,"rs57281976","0.014",0.435,"0.974","Recurrent miscarriage (subsample)"
"r_misc_subsamp","Endometriosis (Rahmioglu)","Nk0xbD","r_misc_subsamp",321790,"rs6435157","-0.271",0.485,"0.576","Recurrent miscarriage (subsample)"
"r_misc_subsamp","Endometriosis (Rahmioglu)","Nk0xbD","r_misc_subsamp",321790,"rs6456259","-0.515",0.325,"0.112","Recurrent miscarriage (subsample)"
"r_misc_subsamp","Endometriosis (Rahmioglu)","Nk0xbD","r_misc_subsamp",321790,"rs66683298","0.634",0.419,"0.13","Recurrent miscarriage (subsample)"
"r_misc_subsamp","Endometriosis (Rahmioglu)","Nk0xbD","r_misc_subsamp",321790,"rs71575922","0.521",0.22,"0.018","Recurrent miscarriage (subsample)"
"r_misc_subsamp","Endometriosis (Rahmioglu)","Nk0xbD","r_misc_subsamp",321790,"rs7214750","0.335",0.415,"0.419","Recurrent miscarriage (subsample)"
"r_misc_subsamp","Endometriosis (Rahmioglu)","Nk0xbD","r_misc_subsamp",321790,"rs7334326","-1.069",0.483,"0.027","Recurrent miscarriage (subsample)"
"r_misc_subsamp","Endometriosis (Rahmioglu)","Nk0xbD","r_misc_subsamp",321790,"rs7907732","-0.757",0.418,"0.07","Recurrent miscarriage (subsample)"
"r_misc_subsamp","Endometriosis (Rahmioglu)","Nk0xbD","r_misc_subsamp",321790,"rs7924571","-0.831",0.421,"0.049","Recurrent miscarriage (subsample)"
"r_misc_subsamp","Endometriosis (Rahmioglu)","Nk0xbD","r_misc_subsamp",321790,"All - Inverse variance weighted","0.064",0.08,"0.424","Recurrent miscarriage (subsample)"
"r_misc_subsamp","Endometriosis (Rahmioglu)","Nk0xbD","r_misc_subsamp",321790,"All - MR Egger","0.458",0.257,"0.084","Recurrent miscarriage (subsample)"
"rup_memb","Endometriosis (Rahmioglu)","Nk0xbD","rup_memb",310663,"rs10090060","-0.463",0.189,"0.014","Premature rupture of membranes"
"rup_memb","Endometriosis (Rahmioglu)","Nk0xbD","rup_memb",310663,"rs10122243","0.404",0.173,"0.019","Premature rupture of membranes"
"rup_memb","Endometriosis (Rahmioglu)","Nk0xbD","rup_memb",310663,"rs10860864","-0.252",0.238,"0.289","Premature rupture of membranes"
"rup_memb","Endometriosis (Rahmioglu)","Nk0xbD","rup_memb",310663,"rs10917151","0.287",0.104,"0.006","Premature rupture of membranes"
"rup_memb","Endometriosis (Rahmioglu)","Nk0xbD","rup_memb",310663,"rs10983311","-0.517",0.26,"0.046","Premature rupture of membranes"
"rup_memb","Endometriosis (Rahmioglu)","Nk0xbD","rup_memb",310663,"rs11674184","0.288",0.139,"0.038","Premature rupture of membranes"
"rup_memb","Endometriosis (Rahmioglu)","Nk0xbD","rup_memb",310663,"rs11756073","-0.563",0.254,"0.027","Premature rupture of membranes"
"rup_memb","Endometriosis (Rahmioglu)","Nk0xbD","rup_memb",310663,"rs12030576","0.297",0.205,"0.148","Premature rupture of membranes"
"rup_memb","Endometriosis (Rahmioglu)","Nk0xbD","rup_memb",310663,"rs12441483","0.414",0.2,"0.039","Premature rupture of membranes"
"rup_memb","Endometriosis (Rahmioglu)","Nk0xbD","rup_memb",310663,"rs12549438","0.009",0.243,"0.969","Premature rupture of membranes"
"rup_memb","Endometriosis (Rahmioglu)","Nk0xbD","rup_memb",310663,"rs1352889","0.225",0.292,"0.44","Premature rupture of membranes"
"rup_memb","Endometriosis (Rahmioglu)","Nk0xbD","rup_memb",310663,"rs1430787","0.484",0.264,"0.067","Premature rupture of membranes"
"rup_memb","Endometriosis (Rahmioglu)","Nk0xbD","rup_memb",310663,"rs1451383","-0.307",0.215,"0.153","Premature rupture of membranes"
"rup_memb","Endometriosis (Rahmioglu)","Nk0xbD","rup_memb",310663,"rs17053711","0.721",0.248,"0.004","Premature rupture of membranes"
"rup_memb","Endometriosis (Rahmioglu)","Nk0xbD","rup_memb",310663,"rs1903068","0.174",0.206,"0.399","Premature rupture of membranes"
"rup_memb","Endometriosis (Rahmioglu)","Nk0xbD","rup_memb",310663,"rs2036754","0.487",0.273,"0.075","Premature rupture of membranes"
"rup_memb","Endometriosis (Rahmioglu)","Nk0xbD","rup_memb",310663,"rs2226158","0.007",0.238,"0.977","Premature rupture of membranes"
"rup_memb","Endometriosis (Rahmioglu)","Nk0xbD","rup_memb",310663,"rs2421985","0.372",0.269,"0.166","Premature rupture of membranes"
"rup_memb","Endometriosis (Rahmioglu)","Nk0xbD","rup_memb",310663,"rs2510770","-0.034",0.264,"0.897","Premature rupture of membranes"
"rup_memb","Endometriosis (Rahmioglu)","Nk0xbD","rup_memb",310663,"rs2946160","-0.312",0.276,"0.259","Premature rupture of membranes"
"rup_memb","Endometriosis (Rahmioglu)","Nk0xbD","rup_memb",310663,"rs3803042","0.189",0.254,"0.456","Premature rupture of membranes"
"rup_memb","Endometriosis (Rahmioglu)","Nk0xbD","rup_memb",310663,"rs4540228","-0.303",0.226,"0.18","Premature rupture of membranes"
"rup_memb","Endometriosis (Rahmioglu)","Nk0xbD","rup_memb",310663,"rs507666","0.06",0.355,"0.865","Premature rupture of membranes"
"rup_memb","Endometriosis (Rahmioglu)","Nk0xbD","rup_memb",310663,"rs55909142","0.085",0.268,"0.753","Premature rupture of membranes"
"rup_memb","Endometriosis (Rahmioglu)","Nk0xbD","rup_memb",310663,"rs56090796","-0.109",0.347,"0.753","Premature rupture of membranes"
"rup_memb","Endometriosis (Rahmioglu)","Nk0xbD","rup_memb",310663,"rs57281976","0.038",0.236,"0.871","Premature rupture of membranes"
"rup_memb","Endometriosis (Rahmioglu)","Nk0xbD","rup_memb",310663,"rs6435157","-0.017",0.282,"0.951","Premature rupture of membranes"
"rup_memb","Endometriosis (Rahmioglu)","Nk0xbD","rup_memb",310663,"rs6456259","-0.046",0.181,"0.8","Premature rupture of membranes"
"rup_memb","Endometriosis (Rahmioglu)","Nk0xbD","rup_memb",310663,"rs66683298","0.5",0.237,"0.035","Premature rupture of membranes"
"rup_memb","Endometriosis (Rahmioglu)","Nk0xbD","rup_memb",310663,"rs71575922","0.037",0.119,"0.759","Premature rupture of membranes"
"rup_memb","Endometriosis (Rahmioglu)","Nk0xbD","rup_memb",310663,"rs7214750","0.176",0.218,"0.418","Premature rupture of membranes"
"rup_memb","Endometriosis (Rahmioglu)","Nk0xbD","rup_memb",310663,"rs7334326","0.057",0.268,"0.832","Premature rupture of membranes"
"rup_memb","Endometriosis (Rahmioglu)","Nk0xbD","rup_memb",310663,"rs7907732","-0.024",0.232,"0.917","Premature rupture of membranes"
"rup_memb","Endometriosis (Rahmioglu)","Nk0xbD","rup_memb",310663,"rs7924571","0.462",0.225,"0.04","Premature rupture of membranes"
"rup_memb","Endometriosis (Rahmioglu)","Nk0xbD","rup_memb",310663,"All - Inverse variance weighted","0.112",0.05,"0.025","Premature rupture of membranes"
"rup_memb","Endometriosis (Rahmioglu)","Nk0xbD","rup_memb",310663,"All - MR Egger","0.244",0.162,"0.142","Premature rupture of membranes"
"s_misc_subsamp","Endometriosis (Rahmioglu)","Nk0xbD","s_misc_subsamp",241200,"rs10090060","-0.052",0.128,"0.687","Single miscarriage (subsample)"
"s_misc_subsamp","Endometriosis (Rahmioglu)","Nk0xbD","s_misc_subsamp",241200,"rs10122243","0.024",0.117,"0.835","Single miscarriage (subsample)"
"s_misc_subsamp","Endometriosis (Rahmioglu)","Nk0xbD","s_misc_subsamp",241200,"rs10860864","0.044",0.163,"0.786","Single miscarriage (subsample)"
"s_misc_subsamp","Endometriosis (Rahmioglu)","Nk0xbD","s_misc_subsamp",241200,"rs10917151","0.031",0.072,"0.666","Single miscarriage (subsample)"
"s_misc_subsamp","Endometriosis (Rahmioglu)","Nk0xbD","s_misc_subsamp",241200,"rs10983311","0.177",0.181,"0.329","Single miscarriage (subsample)"
"s_misc_subsamp","Endometriosis (Rahmioglu)","Nk0xbD","s_misc_subsamp",241200,"rs11674184","-0.074",0.093,"0.427","Single miscarriage (subsample)"
"s_misc_subsamp","Endometriosis (Rahmioglu)","Nk0xbD","s_misc_subsamp",241200,"rs11756073","0.009",0.174,"0.958","Single miscarriage (subsample)"
"s_misc_subsamp","Endometriosis (Rahmioglu)","Nk0xbD","s_misc_subsamp",241200,"rs12030576","-0.134",0.137,"0.33","Single miscarriage (subsample)"
"s_misc_subsamp","Endometriosis (Rahmioglu)","Nk0xbD","s_misc_subsamp",241200,"rs12441483","0.116",0.135,"0.39","Single miscarriage (subsample)"
"s_misc_subsamp","Endometriosis (Rahmioglu)","Nk0xbD","s_misc_subsamp",241200,"rs12549438","0.137",0.163,"0.401","Single miscarriage (subsample)"
"s_misc_subsamp","Endometriosis (Rahmioglu)","Nk0xbD","s_misc_subsamp",241200,"rs1352889","-0.278",0.182,"0.127","Single miscarriage (subsample)"
"s_misc_subsamp","Endometriosis (Rahmioglu)","Nk0xbD","s_misc_subsamp",241200,"rs1430787","-0.142",0.177,"0.421","Single miscarriage (subsample)"
"s_misc_subsamp","Endometriosis (Rahmioglu)","Nk0xbD","s_misc_subsamp",241200,"rs1451383","0.136",0.15,"0.366","Single miscarriage (subsample)"
"s_misc_subsamp","Endometriosis (Rahmioglu)","Nk0xbD","s_misc_subsamp",241200,"rs17053711","-0.179",0.172,"0.299","Single miscarriage (subsample)"
"s_misc_subsamp","Endometriosis (Rahmioglu)","Nk0xbD","s_misc_subsamp",241200,"rs1903068","0.127",0.098,"0.193","Single miscarriage (subsample)"
"s_misc_subsamp","Endometriosis (Rahmioglu)","Nk0xbD","s_misc_subsamp",241200,"rs2036754","0.124",0.177,"0.483","Single miscarriage (subsample)"
"s_misc_subsamp","Endometriosis (Rahmioglu)","Nk0xbD","s_misc_subsamp",241200,"rs2226158","0.007",0.159,"0.966","Single miscarriage (subsample)"
"s_misc_subsamp","Endometriosis (Rahmioglu)","Nk0xbD","s_misc_subsamp",241200,"rs2421985","-0.261",0.133,"0.05","Single miscarriage (subsample)"
"s_misc_subsamp","Endometriosis (Rahmioglu)","Nk0xbD","s_misc_subsamp",241200,"rs2510770","-0.036",0.173,"0.833","Single miscarriage (subsample)"
"s_misc_subsamp","Endometriosis (Rahmioglu)","Nk0xbD","s_misc_subsamp",241200,"rs2946160","-0.029",0.178,"0.871","Single miscarriage (subsample)"
"s_misc_subsamp","Endometriosis (Rahmioglu)","Nk0xbD","s_misc_subsamp",241200,"rs3803042","0.096",0.17,"0.573","Single miscarriage (subsample)"
"s_misc_subsamp","Endometriosis (Rahmioglu)","Nk0xbD","s_misc_subsamp",241200,"rs4540228","-0.083",0.149,"0.575","Single miscarriage (subsample)"
"s_misc_subsamp","Endometriosis (Rahmioglu)","Nk0xbD","s_misc_subsamp",241200,"rs507666","-0.259",0.181,"0.152","Single miscarriage (subsample)"
"s_misc_subsamp","Endometriosis (Rahmioglu)","Nk0xbD","s_misc_subsamp",241200,"rs55909142","0.309",0.174,"0.075","Single miscarriage (subsample)"
"s_misc_subsamp","Endometriosis (Rahmioglu)","Nk0xbD","s_misc_subsamp",241200,"rs56090796","-0.078",0.167,"0.641","Single miscarriage (subsample)"
"s_misc_subsamp","Endometriosis (Rahmioglu)","Nk0xbD","s_misc_subsamp",241200,"rs57281976","-0.194",0.167,"0.247","Single miscarriage (subsample)"
"s_misc_subsamp","Endometriosis (Rahmioglu)","Nk0xbD","s_misc_subsamp",241200,"rs6435157","0.159",0.181,"0.379","Single miscarriage (subsample)"
"s_misc_subsamp","Endometriosis (Rahmioglu)","Nk0xbD","s_misc_subsamp",241200,"rs6456259","-0.114",0.123,"0.353","Single miscarriage (subsample)"
"s_misc_subsamp","Endometriosis (Rahmioglu)","Nk0xbD","s_misc_subsamp",241200,"rs66683298","0.34",0.182,"0.062","Single miscarriage (subsample)"
"s_misc_subsamp","Endometriosis (Rahmioglu)","Nk0xbD","s_misc_subsamp",241200,"rs71575922","0.066",0.085,"0.433","Single miscarriage (subsample)"
"s_misc_subsamp","Endometriosis (Rahmioglu)","Nk0xbD","s_misc_subsamp",241200,"rs7214750","0.192",0.16,"0.23","Single miscarriage (subsample)"
"s_misc_subsamp","Endometriosis (Rahmioglu)","Nk0xbD","s_misc_subsamp",241200,"rs7334326","-0.16",0.183,"0.382","Single miscarriage (subsample)"
"s_misc_subsamp","Endometriosis (Rahmioglu)","Nk0xbD","s_misc_subsamp",241200,"rs7907732","-0.022",0.158,"0.89","Single miscarriage (subsample)"
"s_misc_subsamp","Endometriosis (Rahmioglu)","Nk0xbD","s_misc_subsamp",241200,"rs7924571","0.088",0.163,"0.588","Single miscarriage (subsample)"
"s_misc_subsamp","Endometriosis (Rahmioglu)","Nk0xbD","s_misc_subsamp",241200,"All - Inverse variance weighted","0.006",0.024,"0.816","Single miscarriage (subsample)"
"s_misc_subsamp","Endometriosis (Rahmioglu)","Nk0xbD","s_misc_subsamp",241200,"All - MR Egger","0.05",0.079,"0.528","Single miscarriage (subsample)"
"sb_subsamp","Endometriosis (Rahmioglu)","Nk0xbD","sb_subsamp",207704,"rs10090060","-0.46",0.339,"0.174","Stillbirth (subsample)"
"sb_subsamp","Endometriosis (Rahmioglu)","Nk0xbD","sb_subsamp",207704,"rs10122243","-0.132",0.309,"0.67","Stillbirth (subsample)"
"sb_subsamp","Endometriosis (Rahmioglu)","Nk0xbD","sb_subsamp",207704,"rs10860864","-0.449",0.427,"0.294","Stillbirth (subsample)"
"sb_subsamp","Endometriosis (Rahmioglu)","Nk0xbD","sb_subsamp",207704,"rs10917151","-0.075",0.191,"0.696","Stillbirth (subsample)"
"sb_subsamp","Endometriosis (Rahmioglu)","Nk0xbD","sb_subsamp",207704,"rs10983311","-0.791",0.474,"0.095","Stillbirth (subsample)"
"sb_subsamp","Endometriosis (Rahmioglu)","Nk0xbD","sb_subsamp",207704,"rs11674184","0.796",0.246,"0.001","Stillbirth (subsample)"
"sb_subsamp","Endometriosis (Rahmioglu)","Nk0xbD","sb_subsamp",207704,"rs11756073","0.285",0.457,"0.533","Stillbirth (subsample)"
"sb_subsamp","Endometriosis (Rahmioglu)","Nk0xbD","sb_subsamp",207704,"rs12030576","-0.553",0.359,"0.123","Stillbirth (subsample)"
"sb_subsamp","Endometriosis (Rahmioglu)","Nk0xbD","sb_subsamp",207704,"rs12441483","0.311",0.357,"0.383","Stillbirth (subsample)"
"sb_subsamp","Endometriosis (Rahmioglu)","Nk0xbD","sb_subsamp",207704,"rs12549438","-0.294",0.433,"0.497","Stillbirth (subsample)"
"sb_subsamp","Endometriosis (Rahmioglu)","Nk0xbD","sb_subsamp",207704,"rs1352889","0.2",0.479,"0.677","Stillbirth (subsample)"
"sb_subsamp","Endometriosis (Rahmioglu)","Nk0xbD","sb_subsamp",207704,"rs1430787","-0.115",0.463,"0.805","Stillbirth (subsample)"
"sb_subsamp","Endometriosis (Rahmioglu)","Nk0xbD","sb_subsamp",207704,"rs1451383","-0.11",0.391,"0.778","Stillbirth (subsample)"
"sb_subsamp","Endometriosis (Rahmioglu)","Nk0xbD","sb_subsamp",207704,"rs17053711","-0.222",0.462,"0.63","Stillbirth (subsample)"
"sb_subsamp","Endometriosis (Rahmioglu)","Nk0xbD","sb_subsamp",207704,"rs1903068","-0.05",0.257,"0.845","Stillbirth (subsample)"
"sb_subsamp","Endometriosis (Rahmioglu)","Nk0xbD","sb_subsamp",207704,"rs2036754","-0.31",0.474,"0.513","Stillbirth (subsample)"
"sb_subsamp","Endometriosis (Rahmioglu)","Nk0xbD","sb_subsamp",207704,"rs2226158","0.117",0.419,"0.781","Stillbirth (subsample)"
"sb_subsamp","Endometriosis (Rahmioglu)","Nk0xbD","sb_subsamp",207704,"rs2421985","-0.56",0.35,"0.109","Stillbirth (subsample)"
"sb_subsamp","Endometriosis (Rahmioglu)","Nk0xbD","sb_subsamp",207704,"rs2510770","-0.064",0.453,"0.888","Stillbirth (subsample)"
"sb_subsamp","Endometriosis (Rahmioglu)","Nk0xbD","sb_subsamp",207704,"rs2946160","-0.699",0.468,"0.135","Stillbirth (subsample)"
"sb_subsamp","Endometriosis (Rahmioglu)","Nk0xbD","sb_subsamp",207704,"rs3803042","-0.338",0.453,"0.456","Stillbirth (subsample)"
"sb_subsamp","Endometriosis (Rahmioglu)","Nk0xbD","sb_subsamp",207704,"rs4540228","0.131",0.392,"0.739","Stillbirth (subsample)"
"sb_subsamp","Endometriosis (Rahmioglu)","Nk0xbD","sb_subsamp",207704,"rs507666","0.313",0.482,"0.516","Stillbirth (subsample)"
"sb_subsamp","Endometriosis (Rahmioglu)","Nk0xbD","sb_subsamp",207704,"rs55909142","0.21",0.459,"0.647","Stillbirth (subsample)"
"sb_subsamp","Endometriosis (Rahmioglu)","Nk0xbD","sb_subsamp",207704,"rs56090796","-0.508",0.445,"0.254","Stillbirth (subsample)"
"sb_subsamp","Endometriosis (Rahmioglu)","Nk0xbD","sb_subsamp",207704,"rs57281976","0.44",0.446,"0.324","Stillbirth (subsample)"
"sb_subsamp","Endometriosis (Rahmioglu)","Nk0xbD","sb_subsamp",207704,"rs6435157","0.052",0.48,"0.913","Stillbirth (subsample)"
"sb_subsamp","Endometriosis (Rahmioglu)","Nk0xbD","sb_subsamp",207704,"rs6456259","0.191",0.322,"0.554","Stillbirth (subsample)"
"sb_subsamp","Endometriosis (Rahmioglu)","Nk0xbD","sb_subsamp",207704,"rs66683298","0.643",0.419,"0.125","Stillbirth (subsample)"
"sb_subsamp","Endometriosis (Rahmioglu)","Nk0xbD","sb_subsamp",207704,"rs71575922","-0.241",0.228,"0.29","Stillbirth (subsample)"
"sb_subsamp","Endometriosis (Rahmioglu)","Nk0xbD","sb_subsamp",207704,"rs7214750","-0.342",0.427,"0.423","Stillbirth (subsample)"
"sb_subsamp","Endometriosis (Rahmioglu)","Nk0xbD","sb_subsamp",207704,"rs7334326","-0.448",0.476,"0.347","Stillbirth (subsample)"
"sb_subsamp","Endometriosis (Rahmioglu)","Nk0xbD","sb_subsamp",207704,"rs7907732","-0.505",0.42,"0.229","Stillbirth (subsample)"
"sb_subsamp","Endometriosis (Rahmioglu)","Nk0xbD","sb_subsamp",207704,"rs7924571","0.133",0.433,"0.759","Stillbirth (subsample)"
"sb_subsamp","Endometriosis (Rahmioglu)","Nk0xbD","sb_subsamp",207704,"All - Inverse variance weighted","-0.068",0.066,"0.302","Stillbirth (subsample)"
"sb_subsamp","Endometriosis (Rahmioglu)","Nk0xbD","sb_subsamp",207704,"All - MR Egger","0.063",0.22,"0.778","Stillbirth (subsample)"
"sga","Endometriosis (Rahmioglu)","Nk0xbD","sga",96347,"rs10090060","-0.487",0.316,"0.123","Small for gestational age"
"sga","Endometriosis (Rahmioglu)","Nk0xbD","sga",96347,"rs10122243","0.308",0.308,"0.317","Small for gestational age"
"sga","Endometriosis (Rahmioglu)","Nk0xbD","sga",96347,"rs10860864","0.243",0.404,"0.548","Small for gestational age"
"sga","Endometriosis (Rahmioglu)","Nk0xbD","sga",96347,"rs10917151","0.265",0.172,"0.123","Small for gestational age"
"sga","Endometriosis (Rahmioglu)","Nk0xbD","sga",96347,"rs10983311","-0.487",0.438,"0.266","Small for gestational age"
"sga","Endometriosis (Rahmioglu)","Nk0xbD","sga",96347,"rs11674184","-0.075",0.231,"0.744","Small for gestational age"
"sga","Endometriosis (Rahmioglu)","Nk0xbD","sga",96347,"rs11756073","-0.918",0.468,"0.05","Small for gestational age"
"sga","Endometriosis (Rahmioglu)","Nk0xbD","sga",96347,"rs12030576","0.174",0.342,"0.611","Small for gestational age"
"sga","Endometriosis (Rahmioglu)","Nk0xbD","sga",96347,"rs12441483","-0.16",0.336,"0.633","Small for gestational age"
"sga","Endometriosis (Rahmioglu)","Nk0xbD","sga",96347,"rs12549438","0.551",0.408,"0.177","Small for gestational age"
"sga","Endometriosis (Rahmioglu)","Nk0xbD","sga",96347,"rs1352889","0.104",0.452,"0.819","Small for gestational age"
"sga","Endometriosis (Rahmioglu)","Nk0xbD","sga",96347,"rs1430787","0.452",0.44,"0.305","Small for gestational age"
"sga","Endometriosis (Rahmioglu)","Nk0xbD","sga",96347,"rs1451383","-0.072",0.367,"0.844","Small for gestational age"
"sga","Endometriosis (Rahmioglu)","Nk0xbD","sga",96347,"rs17053711","0.545",0.427,"0.202","Small for gestational age"
"sga","Endometriosis (Rahmioglu)","Nk0xbD","sga",96347,"rs1903068","-0.079",0.242,"0.746","Small for gestational age"
"sga","Endometriosis (Rahmioglu)","Nk0xbD","sga",96347,"rs2036754","-0.247",0.454,"0.587","Small for gestational age"
"sga","Endometriosis (Rahmioglu)","Nk0xbD","sga",96347,"rs2226158","-0.388",0.395,"0.326","Small for gestational age"
"sga","Endometriosis (Rahmioglu)","Nk0xbD","sga",96347,"rs2421985","-0.13",0.327,"0.692","Small for gestational age"
"sga","Endometriosis (Rahmioglu)","Nk0xbD","sga",96347,"rs2510770","-0.61",0.44,"0.165","Small for gestational age"
"sga","Endometriosis (Rahmioglu)","Nk0xbD","sga",96347,"rs2946160","-0.176",0.441,"0.69","Small for gestational age"
"sga","Endometriosis (Rahmioglu)","Nk0xbD","sga",96347,"rs3803042","0.604",0.429,"0.159","Small for gestational age"
"sga","Endometriosis (Rahmioglu)","Nk0xbD","sga",96347,"rs4540228","-0.388",0.372,"0.297","Small for gestational age"
"sga","Endometriosis (Rahmioglu)","Nk0xbD","sga",96347,"rs507666","0.195",0.452,"0.666","Small for gestational age"
"sga","Endometriosis (Rahmioglu)","Nk0xbD","sga",96347,"rs55909142","1.063",0.442,"0.016","Small for gestational age"
"sga","Endometriosis (Rahmioglu)","Nk0xbD","sga",96347,"rs56090796","-0.045",0.414,"0.914","Small for gestational age"
"sga","Endometriosis (Rahmioglu)","Nk0xbD","sga",96347,"rs6435157","-0.389",0.445,"0.383","Small for gestational age"
"sga","Endometriosis (Rahmioglu)","Nk0xbD","sga",96347,"rs6456259","-0.164",0.306,"0.593","Small for gestational age"
"sga","Endometriosis (Rahmioglu)","Nk0xbD","sga",96347,"rs66683298","-0.259",0.393,"0.51","Small for gestational age"
"sga","Endometriosis (Rahmioglu)","Nk0xbD","sga",96347,"rs71575922","0.364",0.211,"0.084","Small for gestational age"
"sga","Endometriosis (Rahmioglu)","Nk0xbD","sga",96347,"rs7214750","-0.841",0.386,"0.029","Small for gestational age"
"sga","Endometriosis (Rahmioglu)","Nk0xbD","sga",96347,"rs7334326","0.387",0.446,"0.385","Small for gestational age"
"sga","Endometriosis (Rahmioglu)","Nk0xbD","sga",96347,"rs7907732","-0.425",0.387,"0.273","Small for gestational age"
"sga","Endometriosis (Rahmioglu)","Nk0xbD","sga",96347,"rs7924571","0.006",0.387,"0.988","Small for gestational age"
"sga","Endometriosis (Rahmioglu)","Nk0xbD","sga",96347,"All - Inverse variance weighted","0.007",0.067,"0.917","Small for gestational age"
"sga","Endometriosis (Rahmioglu)","Nk0xbD","sga",96347,"All - MR Egger","0.216",0.216,"0.325","Small for gestational age"
"vpretb_all","Endometriosis (Rahmioglu)","Nk0xbD","vpretb_all",77720,"rs10090060","0.476",0.783,"0.543","Very preterm birth (all)"
"vpretb_all","Endometriosis (Rahmioglu)","Nk0xbD","vpretb_all",77720,"rs10122243","-0.694",0.708,"0.327","Very preterm birth (all)"
"vpretb_all","Endometriosis (Rahmioglu)","Nk0xbD","vpretb_all",77720,"rs10860864","0.796",0.993,"0.423","Very preterm birth (all)"
"vpretb_all","Endometriosis (Rahmioglu)","Nk0xbD","vpretb_all",77720,"rs10917151","-1.334",0.444,"0.003","Very preterm birth (all)"
"vpretb_all","Endometriosis (Rahmioglu)","Nk0xbD","vpretb_all",77720,"rs10983311","-2.211",1.081,"0.041","Very preterm birth (all)"
"vpretb_all","Endometriosis (Rahmioglu)","Nk0xbD","vpretb_all",77720,"rs11756073","-0.131",1.076,"0.903","Very preterm birth (all)"
"vpretb_all","Endometriosis (Rahmioglu)","Nk0xbD","vpretb_all",77720,"rs12030576","-0.251",0.833,"0.763","Very preterm birth (all)"
"vpretb_all","Endometriosis (Rahmioglu)","Nk0xbD","vpretb_all",77720,"rs12441483","-0.996",0.828,"0.229","Very preterm birth (all)"
"vpretb_all","Endometriosis (Rahmioglu)","Nk0xbD","vpretb_all",77720,"rs12549438","1.448",0.983,"0.141","Very preterm birth (all)"
"vpretb_all","Endometriosis (Rahmioglu)","Nk0xbD","vpretb_all",77720,"rs1352889","-0.057",1.092,"0.959","Very preterm birth (all)"
"vpretb_all","Endometriosis (Rahmioglu)","Nk0xbD","vpretb_all",77720,"rs1430787","-1.897",1.094,"0.083","Very preterm birth (all)"
"vpretb_all","Endometriosis (Rahmioglu)","Nk0xbD","vpretb_all",77720,"rs1451383","-1.087",0.899,"0.227","Very preterm birth (all)"
"vpretb_all","Endometriosis (Rahmioglu)","Nk0xbD","vpretb_all",77720,"rs17053711","1.2",1.033,"0.245","Very preterm birth (all)"
"vpretb_all","Endometriosis (Rahmioglu)","Nk0xbD","vpretb_all",77720,"rs1903068","-0.69",0.591,"0.243","Very preterm birth (all)"
"vpretb_all","Endometriosis (Rahmioglu)","Nk0xbD","vpretb_all",77720,"rs2036754","-0.419",1.106,"0.705","Very preterm birth (all)"
"vpretb_all","Endometriosis (Rahmioglu)","Nk0xbD","vpretb_all",77720,"rs2226158","-0.081",0.969,"0.934","Very preterm birth (all)"
"vpretb_all","Endometriosis (Rahmioglu)","Nk0xbD","vpretb_all",77720,"rs2421985","-2.709",0.806,"7.82e-04","Very preterm birth (all)"
"vpretb_all","Endometriosis (Rahmioglu)","Nk0xbD","vpretb_all",77720,"rs2510770","-0.59",1.073,"0.582","Very preterm birth (all)"
"vpretb_all","Endometriosis (Rahmioglu)","Nk0xbD","vpretb_all",77720,"rs2946160","-0.568",1.082,"0.6","Very preterm birth (all)"
"vpretb_all","Endometriosis (Rahmioglu)","Nk0xbD","vpretb_all",77720,"rs3803042","1.149",1.034,"0.266","Very preterm birth (all)"
"vpretb_all","Endometriosis (Rahmioglu)","Nk0xbD","vpretb_all",77720,"rs4540228","0.208",0.925,"0.822","Very preterm birth (all)"
"vpretb_all","Endometriosis (Rahmioglu)","Nk0xbD","vpretb_all",77720,"rs507666","1.554",1.03,"0.131","Very preterm birth (all)"
"vpretb_all","Endometriosis (Rahmioglu)","Nk0xbD","vpretb_all",77720,"rs55909142","1.237",1.072,"0.249","Very preterm birth (all)"
"vpretb_all","Endometriosis (Rahmioglu)","Nk0xbD","vpretb_all",77720,"rs56090796","-0.031",1.009,"0.975","Very preterm birth (all)"
"vpretb_all","Endometriosis (Rahmioglu)","Nk0xbD","vpretb_all",77720,"rs57281976","-0.413",0.988,"0.676","Very preterm birth (all)"
"vpretb_all","Endometriosis (Rahmioglu)","Nk0xbD","vpretb_all",77720,"rs6435157","-1.225",1.066,"0.25","Very preterm birth (all)"
"vpretb_all","Endometriosis (Rahmioglu)","Nk0xbD","vpretb_all",77720,"rs6456259","-0.322",0.743,"0.665","Very preterm birth (all)"
"vpretb_all","Endometriosis (Rahmioglu)","Nk0xbD","vpretb_all",77720,"rs66683298","0.305",0.969,"0.753","Very preterm birth (all)"
"vpretb_all","Endometriosis (Rahmioglu)","Nk0xbD","vpretb_all",77720,"rs71575922","0.099",0.5,"0.844","Very preterm birth (all)"
"vpretb_all","Endometriosis (Rahmioglu)","Nk0xbD","vpretb_all",77720,"rs7214750","-0.082",0.923,"0.929","Very preterm birth (all)"
"vpretb_all","Endometriosis (Rahmioglu)","Nk0xbD","vpretb_all",77720,"rs7334326","0.519",1.123,"0.644","Very preterm birth (all)"
"vpretb_all","Endometriosis (Rahmioglu)","Nk0xbD","vpretb_all",77720,"rs7907732","-0.554",0.956,"0.563","Very preterm birth (all)"
"vpretb_all","Endometriosis (Rahmioglu)","Nk0xbD","vpretb_all",77720,"rs7924571","0.977",0.963,"0.311","Very preterm birth (all)"
"vpretb_all","Endometriosis (Rahmioglu)","Nk0xbD","vpretb_all",77720,"All - Inverse variance weighted","-0.335",0.169,"0.048","Very preterm birth (all)"
"vpretb_all","Endometriosis (Rahmioglu)","Nk0xbD","vpretb_all",77720,"All - MR Egger","-1.062",0.553,"0.064","Very preterm birth (all)"
"zbw_all","Endometriosis (Rahmioglu)","Nk0xbD","zbw_all",289887,"rs10090060","-0.235",0.05,"2.43e-06","Z-score birthweight (all)"
"zbw_all","Endometriosis (Rahmioglu)","Nk0xbD","zbw_all",289887,"rs10122243","-0.099",0.047,"0.035","Z-score birthweight (all)"
"zbw_all","Endometriosis (Rahmioglu)","Nk0xbD","zbw_all",289887,"rs10860864","0.202",0.064,"0.002","Z-score birthweight (all)"
"zbw_all","Endometriosis (Rahmioglu)","Nk0xbD","zbw_all",289887,"rs10917151","0.165",0.029,"9.65e-09","Z-score birthweight (all)"
"zbw_all","Endometriosis (Rahmioglu)","Nk0xbD","zbw_all",289887,"rs10983311","0.057",0.072,"0.427","Z-score birthweight (all)"
"zbw_all","Endometriosis (Rahmioglu)","Nk0xbD","zbw_all",289887,"rs11674184","0.041",0.037,"0.27","Z-score birthweight (all)"
"zbw_all","Endometriosis (Rahmioglu)","Nk0xbD","zbw_all",289887,"rs11756073","0.011",0.071,"0.878","Z-score birthweight (all)"
"zbw_all","Endometriosis (Rahmioglu)","Nk0xbD","zbw_all",289887,"rs12030576","0.038",0.055,"0.484","Z-score birthweight (all)"
"zbw_all","Endometriosis (Rahmioglu)","Nk0xbD","zbw_all",289887,"rs12441483","0.084",0.053,"0.116","Z-score birthweight (all)"
"zbw_all","Endometriosis (Rahmioglu)","Nk0xbD","zbw_all",289887,"rs12549438","0.227",0.066,"5.46e-04","Z-score birthweight (all)"
"zbw_all","Endometriosis (Rahmioglu)","Nk0xbD","zbw_all",289887,"rs1352889","0.018",0.072,"0.808","Z-score birthweight (all)"
"zbw_all","Endometriosis (Rahmioglu)","Nk0xbD","zbw_all",289887,"rs1430787","0.14",0.071,"0.049","Z-score birthweight (all)"
"zbw_all","Endometriosis (Rahmioglu)","Nk0xbD","zbw_all",289887,"rs1451383","-0.262",0.06,"1.11e-05","Z-score birthweight (all)"
"zbw_all","Endometriosis (Rahmioglu)","Nk0xbD","zbw_all",289887,"rs17053711","-0.129",0.068,"0.057","Z-score birthweight (all)"
"zbw_all","Endometriosis (Rahmioglu)","Nk0xbD","zbw_all",289887,"rs1903068","0.138",0.039,"3.62e-04","Z-score birthweight (all)"
"zbw_all","Endometriosis (Rahmioglu)","Nk0xbD","zbw_all",289887,"rs2036754","0.127",0.071,"0.073","Z-score birthweight (all)"
"zbw_all","Endometriosis (Rahmioglu)","Nk0xbD","zbw_all",289887,"rs2226158","0.13",0.063,"0.038","Z-score birthweight (all)"
"zbw_all","Endometriosis (Rahmioglu)","Nk0xbD","zbw_all",289887,"rs2421985","0.1",0.053,"0.058","Z-score birthweight (all)"
"zbw_all","Endometriosis (Rahmioglu)","Nk0xbD","zbw_all",289887,"rs2510770","0.223",0.068,"0.001","Z-score birthweight (all)"
"zbw_all","Endometriosis (Rahmioglu)","Nk0xbD","zbw_all",289887,"rs2946160","0.978",0.071,"7.84e-43","Z-score birthweight (all)"
"zbw_all","Endometriosis (Rahmioglu)","Nk0xbD","zbw_all",289887,"rs3803042","-0.24",0.067,"3.55e-04","Z-score birthweight (all)"
"zbw_all","Endometriosis (Rahmioglu)","Nk0xbD","zbw_all",289887,"rs4540228","0.063",0.059,"0.286","Z-score birthweight (all)"
"zbw_all","Endometriosis (Rahmioglu)","Nk0xbD","zbw_all",289887,"rs507666","0.026",0.072,"0.718","Z-score birthweight (all)"
"zbw_all","Endometriosis (Rahmioglu)","Nk0xbD","zbw_all",289887,"rs55909142","-0.099",0.07,"0.157","Z-score birthweight (all)"
"zbw_all","Endometriosis (Rahmioglu)","Nk0xbD","zbw_all",289887,"rs56090796","-0.018",0.067,"0.79","Z-score birthweight (all)"
"zbw_all","Endometriosis (Rahmioglu)","Nk0xbD","zbw_all",289887,"rs57281976","0.196",0.067,"0.003","Z-score birthweight (all)"
"zbw_all","Endometriosis (Rahmioglu)","Nk0xbD","zbw_all",289887,"rs6435157","0.166",0.072,"0.021","Z-score birthweight (all)"
"zbw_all","Endometriosis (Rahmioglu)","Nk0xbD","zbw_all",289887,"rs6456259","-0.038",0.048,"0.427","Z-score birthweight (all)"
"zbw_all","Endometriosis (Rahmioglu)","Nk0xbD","zbw_all",289887,"rs66683298","0.16",0.064,"0.012","Z-score birthweight (all)"
"zbw_all","Endometriosis (Rahmioglu)","Nk0xbD","zbw_all",289887,"rs71575922","-0.114",0.034,"7.82e-04","Z-score birthweight (all)"
"zbw_all","Endometriosis (Rahmioglu)","Nk0xbD","zbw_all",289887,"rs7214750","-0.116",0.063,"0.066","Z-score birthweight (all)"
"zbw_all","Endometriosis (Rahmioglu)","Nk0xbD","zbw_all",289887,"rs7334326","-0.076",0.071,"0.282","Z-score birthweight (all)"
"zbw_all","Endometriosis (Rahmioglu)","Nk0xbD","zbw_all",289887,"rs7907732","-0.037",0.063,"0.558","Z-score birthweight (all)"
"zbw_all","Endometriosis (Rahmioglu)","Nk0xbD","zbw_all",289887,"rs7924571","-0.246",0.063,"1.05e-04","Z-score birthweight (all)"
"zbw_all","Endometriosis (Rahmioglu)","Nk0xbD","zbw_all",289887,"All - Inverse variance weighted","0.039",0.032,"0.228","Z-score birthweight (all)"
"zbw_all","Endometriosis (Rahmioglu)","Nk0xbD","zbw_all",289887,"All - MR Egger","0.013",0.109,"0.903","Z-score birthweight (all)"
